"id","room_code","room_id","kind","name","tool","status","source_path","runtime_path","prompt","negative_prompt","output_contract"
"mudflats_meshy_source_model_distant_leviathan_ribs","R01","mudflats","meshy_source_model","distant leviathan ribs","Meshy","pending","art/src/backgrounds/act_i/source_models/mudflats/distant_leviathan_ribs.glb","","Create a single reusable 3D source prop for Mudflats on Isla Mordida: distant leviathan ribs. Fixed-camera point-and-click adventure source asset, stylized 1740s occult harbor noir, strong silhouette, simple readable geometry, usable as Blender blockout/paintover reference, neutral grey material groups, no scene floor, no full room, no characters, no text labels. limited ink-and-wash noir palette: bone paper white #E4DCC8, wet black #0C1013, harbor slate #2A3A40, absinthe green #7D9B4E only for wrong light, whale-oil amber #C98A3C only for warmth, no arterial red unless explicitly approved.","whole room, complete environment, final background, camera blur, unreadable tiny detail, modern objects, extra characters, explicit sexual content, arterial red, photoreal gore","Download as GLB to art/src/backgrounds/act_i/source_models/mudflats/distant_leviathan_ribs.glb. Import into Blender only as helper geometry; final room art still comes from greybox plus paintover."
"mudflats_meshy_source_model_bollard_silhouettes","R01","mudflats","meshy_source_model","bollard silhouettes","Meshy","pending","art/src/backgrounds/act_i/source_models/mudflats/bollard_silhouettes.glb","","Create a single reusable 3D source prop for Mudflats on Isla Mordida: bollard silhouettes. Fixed-camera point-and-click adventure source asset, stylized 1740s occult harbor noir, strong silhouette, simple readable geometry, usable as Blender blockout/paintover reference, neutral grey material groups, no scene floor, no full room, no characters, no text labels. limited ink-and-wash noir palette: bone paper white #E4DCC8, wet black #0C1013, harbor slate #2A3A40, absinthe green #7D9B4E only for wrong light, whale-oil amber #C98A3C only for warmth, no arterial red unless explicitly approved.","whole room, complete environment, final background, camera blur, unreadable tiny detail, modern objects, extra characters, explicit sexual content, arterial red, photoreal gore","Download as GLB to art/src/backgrounds/act_i/source_models/mudflats/bollard_silhouettes.glb. Import into Blender only as helper geometry; final room art still comes from greybox plus paintover."
"mudflats_meshy_source_model_mud_ridge_reference_forms","R01","mudflats","meshy_source_model","mud ridge reference forms","Meshy","pending","art/src/backgrounds/act_i/source_models/mudflats/mud_ridge_reference_forms.glb","","Create a single reusable 3D source prop for Mudflats on Isla Mordida: mud ridge reference forms. Fixed-camera point-and-click adventure source asset, stylized 1740s occult harbor noir, strong silhouette, simple readable geometry, usable as Blender blockout/paintover reference, neutral grey material groups, no scene floor, no full room, no characters, no text labels. limited ink-and-wash noir palette: bone paper white #E4DCC8, wet black #0C1013, harbor slate #2A3A40, absinthe green #7D9B4E only for wrong light, whale-oil amber #C98A3C only for warmth, no arterial red unless explicitly approved.","whole room, complete environment, final background, camera blur, unreadable tiny detail, modern objects, extra characters, explicit sexual content, arterial red, photoreal gore","Download as GLB to art/src/backgrounds/act_i/source_models/mudflats/mud_ridge_reference_forms.glb. Import into Blender only as helper geometry; final room art still comes from greybox plus paintover."
"mudflats_generated_reference_wet_silt_texture","R01","mudflats","generated_reference","wet silt texture","imagegen","pending","docs/art/reference/act_i/mudflats/wet_silt_texture.png","","Reference image only for Mudflats on Isla Mordida: wet silt texture. Produce a mood/texture/silhouette reference board for an ink-and-wash noir point-and-click background. Keep it non-final and non-layout-authoritative. Emphasize material, edge breakup, lighting feel, and palette-safe dressing ideas. limited ink-and-wash noir palette: bone paper white #E4DCC8, wet black #0C1013, harbor slate #2A3A40, absinthe green #7D9B4E only for wrong light, whale-oil amber #C98A3C only for warmth, no arterial red unless explicitly approved.","finished game background, full room plate, new hotspot layout, text UI, readable signage that must become canon, explicit sexual content, arterial red, photorealism","Save reference image to docs/art/reference/act_i/mudflats/wet_silt_texture.png. Use only as paintover reference; do not import directly as a final background plate."
"mudflats_generated_reference_cold_horizon_wash","R01","mudflats","generated_reference","cold horizon wash","imagegen","pending","docs/art/reference/act_i/mudflats/cold_horizon_wash.png","","Reference image only for Mudflats on Isla Mordida: cold horizon wash. Produce a mood/texture/silhouette reference board for an ink-and-wash noir point-and-click background. Keep it non-final and non-layout-authoritative. Emphasize material, edge breakup, lighting feel, and palette-safe dressing ideas. limited ink-and-wash noir palette: bone paper white #E4DCC8, wet black #0C1013, harbor slate #2A3A40, absinthe green #7D9B4E only for wrong light, whale-oil amber #C98A3C only for warmth, no arterial red unless explicitly approved.","finished game background, full room plate, new hotspot layout, text UI, readable signage that must become canon, explicit sexual content, arterial red, photorealism","Save reference image to docs/art/reference/act_i/mudflats/cold_horizon_wash.png. Use only as paintover reference; do not import directly as a final background plate."
"mudflats_generated_reference_dawn_haze","R01","mudflats","generated_reference","dawn haze","imagegen","pending","docs/art/reference/act_i/mudflats/dawn_haze.png","","Reference image only for Mudflats on Isla Mordida: dawn haze. Produce a mood/texture/silhouette reference board for an ink-and-wash noir point-and-click background. Keep it non-final and non-layout-authoritative. Emphasize material, edge breakup, lighting feel, and palette-safe dressing ideas. limited ink-and-wash noir palette: bone paper white #E4DCC8, wet black #0C1013, harbor slate #2A3A40, absinthe green #7D9B4E only for wrong light, whale-oil amber #C98A3C only for warmth, no arterial red unless explicitly approved.","finished game background, full room plate, new hotspot layout, text UI, readable signage that must become canon, explicit sexual content, arterial red, photorealism","Save reference image to docs/art/reference/act_i/mudflats/dawn_haze.png. Use only as paintover reference; do not import directly as a final background plate."
"mudflats_interactive_layer_road_to_the_salt_market","R01","mudflats","interactive_layer","road to the Salt Market","paintover","pending","art/src/backgrounds/act_i/interactive_layers/mudflats/saltmarketexit.psd","game/rooms/mudflats/props/saltmarketexit.png","Paint a separate interactive layer for Mudflats on Isla Mordida: road to the Salt Market, centered near 1765, 665. It must read at 1920x1080, align to the existing hotspot, and remain separable from the baked background because roles [custom_navigation] touch game logic. Transparent background, clean silhouette, palette-audited, no coordinate drift. limited ink-and-wash noir palette: bone paper white #E4DCC8, wet black #0C1013, harbor slate #2A3A40, absinthe green #7D9B4E only for wrong light, whale-oil amber #C98A3C only for warmth, no arterial red unless explicitly approved.","merged into background only, moved hotspot center, decorative ambiguity, extra interactable-looking clutter, explicit sexual content, arterial red without approval","Source stays at art/src/backgrounds/act_i/interactive_layers/mudflats/saltmarketexit.psd; runtime export target is game/rooms/mudflats/props/saltmarketexit.png. Keep Godot hotspot metadata authoritative."
"old_quay_meshy_source_model_dock_pilings","R02","old_quay","meshy_source_model","dock pilings","Meshy","pending","art/src/backgrounds/act_i/source_models/old_quay/dock_pilings.glb","","Create a single reusable 3D source prop for The Old Quay on Isla Mordida: dock pilings. Fixed-camera point-and-click adventure source asset, stylized 1740s occult harbor noir, strong silhouette, simple readable geometry, usable as Blender blockout/paintover reference, neutral grey material groups, no scene floor, no full room, no characters, no text labels. limited ink-and-wash noir palette: bone paper white #E4DCC8, wet black #0C1013, harbor slate #2A3A40, absinthe green #7D9B4E only for wrong light, whale-oil amber #C98A3C only for warmth, no arterial red unless explicitly approved.","whole room, complete environment, final background, camera blur, unreadable tiny detail, modern objects, extra characters, explicit sexual content, arterial red, photoreal gore","Download as GLB to art/src/backgrounds/act_i/source_models/old_quay/dock_pilings.glb. Import into Blender only as helper geometry; final room art still comes from greybox plus paintover."
"old_quay_meshy_source_model_bollard_row","R02","old_quay","meshy_source_model","bollard row","Meshy","pending","art/src/backgrounds/act_i/source_models/old_quay/bollard_row.glb","","Create a single reusable 3D source prop for The Old Quay on Isla Mordida: bollard row. Fixed-camera point-and-click adventure source asset, stylized 1740s occult harbor noir, strong silhouette, simple readable geometry, usable as Blender blockout/paintover reference, neutral grey material groups, no scene floor, no full room, no characters, no text labels. limited ink-and-wash noir palette: bone paper white #E4DCC8, wet black #0C1013, harbor slate #2A3A40, absinthe green #7D9B4E only for wrong light, whale-oil amber #C98A3C only for warmth, no arterial red unless explicitly approved.","whole room, complete environment, final background, camera blur, unreadable tiny detail, modern objects, extra characters, explicit sexual content, arterial red, photoreal gore","Download as GLB to art/src/backgrounds/act_i/source_models/old_quay/bollard_row.glb. Import into Blender only as helper geometry; final room art still comes from greybox plus paintover."
"old_quay_meshy_source_model_rope_cleat","R02","old_quay","meshy_source_model","rope cleat","Meshy","pending","art/src/backgrounds/act_i/source_models/old_quay/rope_cleat.glb","","Create a single reusable 3D source prop for The Old Quay on Isla Mordida: rope cleat. Fixed-camera point-and-click adventure source asset, stylized 1740s occult harbor noir, strong silhouette, simple readable geometry, usable as Blender blockout/paintover reference, neutral grey material groups, no scene floor, no full room, no characters, no text labels. limited ink-and-wash noir palette: bone paper white #E4DCC8, wet black #0C1013, harbor slate #2A3A40, absinthe green #7D9B4E only for wrong light, whale-oil amber #C98A3C only for warmth, no arterial red unless explicitly approved.","whole room, complete environment, final background, camera blur, unreadable tiny detail, modern objects, extra characters, explicit sexual content, arterial red, photoreal gore","Download as GLB to art/src/backgrounds/act_i/source_models/old_quay/rope_cleat.glb. Import into Blender only as helper geometry; final room art still comes from greybox plus paintover."
"old_quay_meshy_source_model_harbor_rail_fragments","R02","old_quay","meshy_source_model","harbor rail fragments","Meshy","pending","art/src/backgrounds/act_i/source_models/old_quay/harbor_rail_fragments.glb","","Create a single reusable 3D source prop for The Old Quay on Isla Mordida: harbor rail fragments. Fixed-camera point-and-click adventure source asset, stylized 1740s occult harbor noir, strong silhouette, simple readable geometry, usable as Blender blockout/paintover reference, neutral grey material groups, no scene floor, no full room, no characters, no text labels. limited ink-and-wash noir palette: bone paper white #E4DCC8, wet black #0C1013, harbor slate #2A3A40, absinthe green #7D9B4E only for wrong light, whale-oil amber #C98A3C only for warmth, no arterial red unless explicitly approved.","whole room, complete environment, final background, camera blur, unreadable tiny detail, modern objects, extra characters, explicit sexual content, arterial red, photoreal gore","Download as GLB to art/src/backgrounds/act_i/source_models/old_quay/harbor_rail_fragments.glb. Import into Blender only as helper geometry; final room art still comes from greybox plus paintover."
"old_quay_generated_reference_grime_texture","R02","old_quay","generated_reference","grime texture","imagegen","pending","docs/art/reference/act_i/old_quay/grime_texture.png","","Reference image only for The Old Quay on Isla Mordida: grime texture. Produce a mood/texture/silhouette reference board for an ink-and-wash noir point-and-click background. Keep it non-final and non-layout-authoritative. Emphasize material, edge breakup, lighting feel, and palette-safe dressing ideas. limited ink-and-wash noir palette: bone paper white #E4DCC8, wet black #0C1013, harbor slate #2A3A40, absinthe green #7D9B4E only for wrong light, whale-oil amber #C98A3C only for warmth, no arterial red unless explicitly approved.","finished game background, full room plate, new hotspot layout, text UI, readable signage that must become canon, explicit sexual content, arterial red, photorealism","Save reference image to docs/art/reference/act_i/old_quay/grime_texture.png. Use only as paintover reference; do not import directly as a final background plate."
"old_quay_generated_reference_ink_wash_edge_breakup","R02","old_quay","generated_reference","ink-wash edge breakup","imagegen","pending","docs/art/reference/act_i/old_quay/ink_wash_edge_breakup.png","","Reference image only for The Old Quay on Isla Mordida: ink-wash edge breakup. Produce a mood/texture/silhouette reference board for an ink-and-wash noir point-and-click background. Keep it non-final and non-layout-authoritative. Emphasize material, edge breakup, lighting feel, and palette-safe dressing ideas. limited ink-and-wash noir palette: bone paper white #E4DCC8, wet black #0C1013, harbor slate #2A3A40, absinthe green #7D9B4E only for wrong light, whale-oil amber #C98A3C only for warmth, no arterial red unless explicitly approved.","finished game background, full room plate, new hotspot layout, text UI, readable signage that must become canon, explicit sexual content, arterial red, photorealism","Save reference image to docs/art/reference/act_i/old_quay/ink_wash_edge_breakup.png. Use only as paintover reference; do not import directly as a final background plate."
"old_quay_generated_reference_palette_safe_mood_reference","R02","old_quay","generated_reference","palette-safe mood reference","imagegen","pending","docs/art/reference/act_i/old_quay/palette_safe_mood_reference.png","","Reference image only for The Old Quay on Isla Mordida: palette-safe mood reference. Produce a mood/texture/silhouette reference board for an ink-and-wash noir point-and-click background. Keep it non-final and non-layout-authoritative. Emphasize material, edge breakup, lighting feel, and palette-safe dressing ideas. limited ink-and-wash noir palette: bone paper white #E4DCC8, wet black #0C1013, harbor slate #2A3A40, absinthe green #7D9B4E only for wrong light, whale-oil amber #C98A3C only for warmth, no arterial red unless explicitly approved.","finished game background, full room plate, new hotspot layout, text UI, readable signage that must become canon, explicit sexual content, arterial red, photorealism","Save reference image to docs/art/reference/act_i/old_quay/palette_safe_mood_reference.png. Use only as paintover reference; do not import directly as a final background plate."
"old_quay_generated_reference_non_clickable_dressing_silhouettes","R02","old_quay","generated_reference","non-clickable dressing silhouettes","imagegen","pending","docs/art/reference/act_i/old_quay/non_clickable_dressing_silhouettes.png","","Reference image only for The Old Quay on Isla Mordida: non-clickable dressing silhouettes. Produce a mood/texture/silhouette reference board for an ink-and-wash noir point-and-click background. Keep it non-final and non-layout-authoritative. Emphasize material, edge breakup, lighting feel, and palette-safe dressing ideas. limited ink-and-wash noir palette: bone paper white #E4DCC8, wet black #0C1013, harbor slate #2A3A40, absinthe green #7D9B4E only for wrong light, whale-oil amber #C98A3C only for warmth, no arterial red unless explicitly approved.","finished game background, full room plate, new hotspot layout, text UI, readable signage that must become canon, explicit sexual content, arterial red, photorealism","Save reference image to docs/art/reference/act_i/old_quay/non_clickable_dressing_silhouettes.png. Use only as paintover reference; do not import directly as a final background plate."
"old_quay_interactive_layer_bollard_tomas","R02","old_quay","interactive_layer","Bollard Tomas","paintover","pending","art/src/backgrounds/act_i/interactive_layers/old_quay/tomas.psd","game/rooms/old_quay/props/tomas.png","Paint a separate interactive layer for The Old Quay on Isla Mordida: Bollard Tomas, centered near 470, 720. It must read at 1920x1080, align to the existing hotspot, and remain separable from the baked background because roles [conditional_followup, confession_source] touch game logic. Transparent background, clean silhouette, palette-audited, no coordinate drift. limited ink-and-wash noir palette: bone paper white #E4DCC8, wet black #0C1013, harbor slate #2A3A40, absinthe green #7D9B4E only for wrong light, whale-oil amber #C98A3C only for warmth, no arterial red unless explicitly approved.","merged into background only, moved hotspot center, decorative ambiguity, extra interactable-looking clutter, explicit sexual content, arterial red without approval","Source stays at art/src/backgrounds/act_i/interactive_layers/old_quay/tomas.psd; runtime export target is game/rooms/old_quay/props/tomas.png. Keep Godot hotspot metadata authoritative."
"old_quay_interactive_layer_empty_flask","R02","old_quay","interactive_layer","Empty flask","paintover","pending","art/src/backgrounds/act_i/interactive_layers/old_quay/flask.psd","game/rooms/old_quay/props/flask.png","Paint a separate interactive layer for The Old Quay on Isla Mordida: Empty flask, centered near 1180, 760. It must read at 1920x1080, align to the existing hotspot, and remain separable from the baked background because roles [item_reward] touch game logic. Transparent background, clean silhouette, palette-audited, no coordinate drift. limited ink-and-wash noir palette: bone paper white #E4DCC8, wet black #0C1013, harbor slate #2A3A40, absinthe green #7D9B4E only for wrong light, whale-oil amber #C98A3C only for warmth, no arterial red unless explicitly approved.","merged into background only, moved hotspot center, decorative ambiguity, extra interactable-looking clutter, explicit sexual content, arterial red without approval","Source stays at art/src/backgrounds/act_i/interactive_layers/old_quay/flask.psd; runtime export target is game/rooms/old_quay/props/flask.png. Keep Godot hotspot metadata authoritative."
"old_quay_interactive_layer_rope_cleat","R02","old_quay","interactive_layer","Rope cleat","paintover","pending","art/src/backgrounds/act_i/interactive_layers/old_quay/ropecleat.psd","game/rooms/old_quay/props/ropecleat.png","Paint a separate interactive layer for The Old Quay on Isla Mordida: Rope cleat, centered near 720, 800. It must read at 1920x1080, align to the existing hotspot, and remain separable from the baked background because roles [wet_verb, item_reward] touch game logic. Transparent background, clean silhouette, palette-audited, no coordinate drift. limited ink-and-wash noir palette: bone paper white #E4DCC8, wet black #0C1013, harbor slate #2A3A40, absinthe green #7D9B4E only for wrong light, whale-oil amber #C98A3C only for warmth, no arterial red unless explicitly approved.","merged into background only, moved hotspot center, decorative ambiguity, extra interactable-looking clutter, explicit sexual content, arterial red without approval","Source stays at art/src/backgrounds/act_i/interactive_layers/old_quay/ropecleat.psd; runtime export target is game/rooms/old_quay/props/ropecleat.png. Keep Godot hotspot metadata authoritative."
"old_quay_navigation_silhouette_salt_market","R02","old_quay","navigation_silhouette","Salt Market","paintover","pending","art/src/backgrounds/act_i/navigation_silhouettes/old_quay/tosaltmarket.psd","game/rooms/old_quay/background/old_quay_bg.png","Paint navigation readability for The Old Quay on Isla Mordida exit: Salt Market, near 1700, 700. Preserve existing Godot exit metadata and make the destination silhouette legible without adding a separate puzzle object. Integrate into the room paintover and keep walk-band readability intact. limited ink-and-wash noir palette: bone paper white #E4DCC8, wet black #0C1013, harbor slate #2A3A40, absinthe green #7D9B4E only for wrong light, whale-oil amber #C98A3C only for warmth, no arterial red unless explicitly approved.","new route, moved exit, blocked walk band, clickable-looking non-exit clutter, full generated background, explicit sexual content","Paintover source note at art/src/backgrounds/act_i/navigation_silhouettes/old_quay/tosaltmarket.psd; final visibility is in game/rooms/old_quay/background/old_quay_bg.png. Regenerate hotspot map if coordinates change."
"old_quay_navigation_silhouette_mudflats","R02","old_quay","navigation_silhouette","Mudflats","paintover","pending","art/src/backgrounds/act_i/navigation_silhouettes/old_quay/tomudflats.psd","game/rooms/old_quay/background/old_quay_bg.png","Paint navigation readability for The Old Quay on Isla Mordida exit: Mudflats, near 180, 760. Preserve existing Godot exit metadata and make the destination silhouette legible without adding a separate puzzle object. Integrate into the room paintover and keep walk-band readability intact. limited ink-and-wash noir palette: bone paper white #E4DCC8, wet black #0C1013, harbor slate #2A3A40, absinthe green #7D9B4E only for wrong light, whale-oil amber #C98A3C only for warmth, no arterial red unless explicitly approved.","new route, moved exit, blocked walk band, clickable-looking non-exit clutter, full generated background, explicit sexual content","Paintover source note at art/src/backgrounds/act_i/navigation_silhouettes/old_quay/tomudflats.psd; final visibility is in game/rooms/old_quay/background/old_quay_bg.png. Regenerate hotspot map if coordinates change."
"salt_market_meshy_source_model_market_stall_shells","R03","salt_market","meshy_source_model","market stall shells","Meshy","pending","art/src/backgrounds/act_i/source_models/salt_market/market_stall_shells.glb","","Create a single reusable 3D source prop for Salt Market on Isla Mordida: market stall shells. Fixed-camera point-and-click adventure source asset, stylized 1740s occult harbor noir, strong silhouette, simple readable geometry, usable as Blender blockout/paintover reference, neutral grey material groups, no scene floor, no full room, no characters, no text labels. limited ink-and-wash noir palette: bone paper white #E4DCC8, wet black #0C1013, harbor slate #2A3A40, absinthe green #7D9B4E only for wrong light, whale-oil amber #C98A3C only for warmth, no arterial red unless explicitly approved.","whole room, complete environment, final background, camera blur, unreadable tiny detail, modern objects, extra characters, explicit sexual content, arterial red, photoreal gore","Download as GLB to art/src/backgrounds/act_i/source_models/salt_market/market_stall_shells.glb. Import into Blender only as helper geometry; final room art still comes from greybox plus paintover."
"salt_market_meshy_source_model_boot_stall","R03","salt_market","meshy_source_model","boot stall","Meshy","pending","art/src/backgrounds/act_i/source_models/salt_market/boot_stall.glb","","Create a single reusable 3D source prop for Salt Market on Isla Mordida: boot stall. Fixed-camera point-and-click adventure source asset, stylized 1740s occult harbor noir, strong silhouette, simple readable geometry, usable as Blender blockout/paintover reference, neutral grey material groups, no scene floor, no full room, no characters, no text labels. limited ink-and-wash noir palette: bone paper white #E4DCC8, wet black #0C1013, harbor slate #2A3A40, absinthe green #7D9B4E only for wrong light, whale-oil amber #C98A3C only for warmth, no arterial red unless explicitly approved.","whole room, complete environment, final background, camera blur, unreadable tiny detail, modern objects, extra characters, explicit sexual content, arterial red, photoreal gore","Download as GLB to art/src/backgrounds/act_i/source_models/salt_market/boot_stall.glb. Import into Blender only as helper geometry; final room art still comes from greybox plus paintover."
"salt_market_meshy_source_model_hanging_lamps","R03","salt_market","meshy_source_model","hanging lamps","Meshy","pending","art/src/backgrounds/act_i/source_models/salt_market/hanging_lamps.glb","","Create a single reusable 3D source prop for Salt Market on Isla Mordida: hanging lamps. Fixed-camera point-and-click adventure source asset, stylized 1740s occult harbor noir, strong silhouette, simple readable geometry, usable as Blender blockout/paintover reference, neutral grey material groups, no scene floor, no full room, no characters, no text labels. limited ink-and-wash noir palette: bone paper white #E4DCC8, wet black #0C1013, harbor slate #2A3A40, absinthe green #7D9B4E only for wrong light, whale-oil amber #C98A3C only for warmth, no arterial red unless explicitly approved.","whole room, complete environment, final background, camera blur, unreadable tiny detail, modern objects, extra characters, explicit sexual content, arterial red, photoreal gore","Download as GLB to art/src/backgrounds/act_i/source_models/salt_market/hanging_lamps.glb. Import into Blender only as helper geometry; final room art still comes from greybox plus paintover."
"salt_market_meshy_source_model_crowd_silhouette_blockers","R03","salt_market","meshy_source_model","crowd silhouette blockers","Meshy","pending","art/src/backgrounds/act_i/source_models/salt_market/crowd_silhouette_blockers.glb","","Create a single reusable 3D source prop for Salt Market on Isla Mordida: crowd silhouette blockers. Fixed-camera point-and-click adventure source asset, stylized 1740s occult harbor noir, strong silhouette, simple readable geometry, usable as Blender blockout/paintover reference, neutral grey material groups, no scene floor, no full room, no characters, no text labels. limited ink-and-wash noir palette: bone paper white #E4DCC8, wet black #0C1013, harbor slate #2A3A40, absinthe green #7D9B4E only for wrong light, whale-oil amber #C98A3C only for warmth, no arterial red unless explicitly approved.","whole room, complete environment, final background, camera blur, unreadable tiny detail, modern objects, extra characters, explicit sexual content, arterial red, photoreal gore","Download as GLB to art/src/backgrounds/act_i/source_models/salt_market/crowd_silhouette_blockers.glb. Import into Blender only as helper geometry; final room art still comes from greybox plus paintover."
"salt_market_generated_reference_public_crowd_mood","R03","salt_market","generated_reference","public crowd mood","imagegen","pending","docs/art/reference/act_i/salt_market/public_crowd_mood.png","","Reference image only for Salt Market on Isla Mordida: public crowd mood. Produce a mood/texture/silhouette reference board for an ink-and-wash noir point-and-click background. Keep it non-final and non-layout-authoritative. Emphasize material, edge breakup, lighting feel, and palette-safe dressing ideas. limited ink-and-wash noir palette: bone paper white #E4DCC8, wet black #0C1013, harbor slate #2A3A40, absinthe green #7D9B4E only for wrong light, whale-oil amber #C98A3C only for warmth, no arterial red unless explicitly approved.","finished game background, full room plate, new hotspot layout, text UI, readable signage that must become canon, explicit sexual content, arterial red, photorealism","Save reference image to docs/art/reference/act_i/salt_market/public_crowd_mood.png. Use only as paintover reference; do not import directly as a final background plate."
"salt_market_generated_reference_salt_signage_grime","R03","salt_market","generated_reference","salt signage grime","imagegen","pending","docs/art/reference/act_i/salt_market/salt_signage_grime.png","","Reference image only for Salt Market on Isla Mordida: salt signage grime. Produce a mood/texture/silhouette reference board for an ink-and-wash noir point-and-click background. Keep it non-final and non-layout-authoritative. Emphasize material, edge breakup, lighting feel, and palette-safe dressing ideas. limited ink-and-wash noir palette: bone paper white #E4DCC8, wet black #0C1013, harbor slate #2A3A40, absinthe green #7D9B4E only for wrong light, whale-oil amber #C98A3C only for warmth, no arterial red unless explicitly approved.","finished game background, full room plate, new hotspot layout, text UI, readable signage that must become canon, explicit sexual content, arterial red, photorealism","Save reference image to docs/art/reference/act_i/salt_market/salt_signage_grime.png. Use only as paintover reference; do not import directly as a final background plate."
"salt_market_generated_reference_market_awning_texture","R03","salt_market","generated_reference","market awning texture","imagegen","pending","docs/art/reference/act_i/salt_market/market_awning_texture.png","","Reference image only for Salt Market on Isla Mordida: market awning texture. Produce a mood/texture/silhouette reference board for an ink-and-wash noir point-and-click background. Keep it non-final and non-layout-authoritative. Emphasize material, edge breakup, lighting feel, and palette-safe dressing ideas. limited ink-and-wash noir palette: bone paper white #E4DCC8, wet black #0C1013, harbor slate #2A3A40, absinthe green #7D9B4E only for wrong light, whale-oil amber #C98A3C only for warmth, no arterial red unless explicitly approved.","finished game background, full room plate, new hotspot layout, text UI, readable signage that must become canon, explicit sexual content, arterial red, photorealism","Save reference image to docs/art/reference/act_i/salt_market/market_awning_texture.png. Use only as paintover reference; do not import directly as a final background plate."
"salt_market_interactive_layer_church_sign","R03","salt_market","interactive_layer","Church sign","paintover","pending","art/src/backgrounds/act_i/interactive_layers/salt_market/churchsign.psd","game/rooms/salt_market/props/churchsign.png","Paint a separate interactive layer for Salt Market on Isla Mordida: Church sign, centered near 1380, 540. It must read at 1920x1080, align to the existing hotspot, and remain separable from the baked background because roles [wet_verb] touch game logic. Transparent background, clean silhouette, palette-audited, no coordinate drift. limited ink-and-wash noir palette: bone paper white #E4DCC8, wet black #0C1013, harbor slate #2A3A40, absinthe green #7D9B4E only for wrong light, whale-oil amber #C98A3C only for warmth, no arterial red unless explicitly approved.","merged into background only, moved hotspot center, decorative ambiguity, extra interactable-looking clutter, explicit sexual content, arterial red without approval","Source stays at art/src/backgrounds/act_i/interactive_layers/salt_market/churchsign.psd; runtime export target is game/rooms/salt_market/props/churchsign.png. Keep Godot hotspot metadata authoritative."
"salt_market_interactive_layer_boot_stall","R03","salt_market","interactive_layer","Boot stall","paintover","pending","art/src/backgrounds/act_i/interactive_layers/salt_market/bootstall.psd","game/rooms/salt_market/props/bootstall.png","Paint a separate interactive layer for Salt Market on Isla Mordida: Boot stall, centered near 300, 720. It must read at 1920x1080, align to the existing hotspot, and remain separable from the baked background because roles [gated] touch game logic. Transparent background, clean silhouette, palette-audited, no coordinate drift. limited ink-and-wash noir palette: bone paper white #E4DCC8, wet black #0C1013, harbor slate #2A3A40, absinthe green #7D9B4E only for wrong light, whale-oil amber #C98A3C only for warmth, no arterial red unless explicitly approved.","merged into background only, moved hotspot center, decorative ambiguity, extra interactable-looking clutter, explicit sexual content, arterial red without approval","Source stays at art/src/backgrounds/act_i/interactive_layers/salt_market/bootstall.psd; runtime export target is game/rooms/salt_market/props/bootstall.png. Keep Godot hotspot metadata authoritative."
"salt_market_interactive_layer_fishmonger","R03","salt_market","interactive_layer","Fishmonger","paintover","pending","art/src/backgrounds/act_i/interactive_layers/salt_market/fishmonger.psd","game/rooms/salt_market/props/fishmonger.png","Paint a separate interactive layer for Salt Market on Isla Mordida: Fishmonger, centered near 520, 720. It must read at 1920x1080, align to the existing hotspot, and remain separable from the baked background because roles [confession_source] touch game logic. Transparent background, clean silhouette, palette-audited, no coordinate drift. limited ink-and-wash noir palette: bone paper white #E4DCC8, wet black #0C1013, harbor slate #2A3A40, absinthe green #7D9B4E only for wrong light, whale-oil amber #C98A3C only for warmth, no arterial red unless explicitly approved.","merged into background only, moved hotspot center, decorative ambiguity, extra interactable-looking clutter, explicit sexual content, arterial red without approval","Source stays at art/src/backgrounds/act_i/interactive_layers/salt_market/fishmonger.psd; runtime export target is game/rooms/salt_market/props/fishmonger.png. Keep Godot hotspot metadata authoritative."
"salt_market_interactive_layer_confession_queue","R03","salt_market","interactive_layer","Confession queue","paintover","pending","art/src/backgrounds/act_i/interactive_layers/salt_market/confessionqueue.psd","game/rooms/salt_market/props/confessionqueue.png","Paint a separate interactive layer for Salt Market on Isla Mordida: Confession queue, centered near 1180, 720. It must read at 1920x1080, align to the existing hotspot, and remain separable from the baked background because roles [confession_source] touch game logic. Transparent background, clean silhouette, palette-audited, no coordinate drift. limited ink-and-wash noir palette: bone paper white #E4DCC8, wet black #0C1013, harbor slate #2A3A40, absinthe green #7D9B4E only for wrong light, whale-oil amber #C98A3C only for warmth, no arterial red unless explicitly approved.","merged into background only, moved hotspot center, decorative ambiguity, extra interactable-looking clutter, explicit sexual content, arterial red without approval","Source stays at art/src/backgrounds/act_i/interactive_layers/salt_market/confessionqueue.psd; runtime export target is game/rooms/salt_market/props/confessionqueue.png. Keep Godot hotspot metadata authoritative."
"salt_market_interactive_layer_crowd","R03","salt_market","interactive_layer","Crowd","paintover","pending","art/src/backgrounds/act_i/interactive_layers/salt_market/marketcrowd.psd","game/rooms/salt_market/props/marketcrowd.png","Paint a separate interactive layer for Salt Market on Isla Mordida: Crowd, centered near 960, 760. It must read at 1920x1080, align to the existing hotspot, and remain separable from the baked background because roles [confession_source, item_reward] touch game logic. Transparent background, clean silhouette, palette-audited, no coordinate drift. limited ink-and-wash noir palette: bone paper white #E4DCC8, wet black #0C1013, harbor slate #2A3A40, absinthe green #7D9B4E only for wrong light, whale-oil amber #C98A3C only for warmth, no arterial red unless explicitly approved.","merged into background only, moved hotspot center, decorative ambiguity, extra interactable-looking clutter, explicit sexual content, arterial red without approval","Source stays at art/src/backgrounds/act_i/interactive_layers/salt_market/marketcrowd.psd; runtime export target is game/rooms/salt_market/props/marketcrowd.png. Keep Godot hotspot metadata authoritative."
"salt_market_navigation_silhouette_registry","R03","salt_market","navigation_silhouette","Registry","paintover","pending","art/src/backgrounds/act_i/navigation_silhouettes/salt_market/toregistry.psd","game/rooms/salt_market/background/salt_market_bg.png","Paint navigation readability for Salt Market on Isla Mordida exit: Registry, near 520, 650. Preserve existing Godot exit metadata and make the destination silhouette legible without adding a separate puzzle object. Integrate into the room paintover and keep walk-band readability intact. limited ink-and-wash noir palette: bone paper white #E4DCC8, wet black #0C1013, harbor slate #2A3A40, absinthe green #7D9B4E only for wrong light, whale-oil amber #C98A3C only for warmth, no arterial red unless explicitly approved.","new route, moved exit, blocked walk band, clickable-looking non-exit clutter, full generated background, explicit sexual content","Paintover source note at art/src/backgrounds/act_i/navigation_silhouettes/salt_market/toregistry.psd; final visibility is in game/rooms/salt_market/background/salt_market_bg.png. Regenerate hotspot map if coordinates change."
"salt_market_navigation_silhouette_church","R03","salt_market","navigation_silhouette","Church","paintover","pending","art/src/backgrounds/act_i/navigation_silhouettes/salt_market/tochurch.psd","game/rooms/salt_market/background/salt_market_bg.png","Paint navigation readability for Salt Market on Isla Mordida exit: Church, near 1660, 650. Preserve existing Godot exit metadata and make the destination silhouette legible without adding a separate puzzle object. Integrate into the room paintover and keep walk-band readability intact. limited ink-and-wash noir palette: bone paper white #E4DCC8, wet black #0C1013, harbor slate #2A3A40, absinthe green #7D9B4E only for wrong light, whale-oil amber #C98A3C only for warmth, no arterial red unless explicitly approved.","new route, moved exit, blocked walk band, clickable-looking non-exit clutter, full generated background, explicit sexual content","Paintover source note at art/src/backgrounds/act_i/navigation_silhouettes/salt_market/tochurch.psd; final visibility is in game/rooms/salt_market/background/salt_market_bg.png. Regenerate hotspot map if coordinates change."
"salt_market_navigation_silhouette_bone_chandler","R03","salt_market","navigation_silhouette","Bone Chandler","paintover","pending","art/src/backgrounds/act_i/navigation_silhouettes/salt_market/tochandler.psd","game/rooms/salt_market/background/salt_market_bg.png","Paint navigation readability for Salt Market on Isla Mordida exit: Bone Chandler, near 820, 655. Preserve existing Godot exit metadata and make the destination silhouette legible without adding a separate puzzle object. Integrate into the room paintover and keep walk-band readability intact. limited ink-and-wash noir palette: bone paper white #E4DCC8, wet black #0C1013, harbor slate #2A3A40, absinthe green #7D9B4E only for wrong light, whale-oil amber #C98A3C only for warmth, no arterial red unless explicitly approved.","new route, moved exit, blocked walk band, clickable-looking non-exit clutter, full generated background, explicit sexual content","Paintover source note at art/src/backgrounds/act_i/navigation_silhouettes/salt_market/tochandler.psd; final visibility is in game/rooms/salt_market/background/salt_market_bg.png. Regenerate hotspot map if coordinates change."
"salt_market_navigation_silhouette_almshouse","R03","salt_market","navigation_silhouette","Almshouse","paintover","pending","art/src/backgrounds/act_i/navigation_silhouettes/salt_market/toalmshouse.psd","game/rooms/salt_market/background/salt_market_bg.png","Paint navigation readability for Salt Market on Isla Mordida exit: Almshouse, near 1120, 655. Preserve existing Godot exit metadata and make the destination silhouette legible without adding a separate puzzle object. Integrate into the room paintover and keep walk-band readability intact. limited ink-and-wash noir palette: bone paper white #E4DCC8, wet black #0C1013, harbor slate #2A3A40, absinthe green #7D9B4E only for wrong light, whale-oil amber #C98A3C only for warmth, no arterial red unless explicitly approved.","new route, moved exit, blocked walk band, clickable-looking non-exit clutter, full generated background, explicit sexual content","Paintover source note at art/src/backgrounds/act_i/navigation_silhouettes/salt_market/toalmshouse.psd; final visibility is in game/rooms/salt_market/background/salt_market_bg.png. Regenerate hotspot map if coordinates change."
"salt_market_navigation_silhouette_fish_hall","R03","salt_market","navigation_silhouette","Fish Hall","paintover","pending","art/src/backgrounds/act_i/navigation_silhouettes/salt_market/tofishhall.psd","game/rooms/salt_market/background/salt_market_bg.png","Paint navigation readability for Salt Market on Isla Mordida exit: Fish Hall, near 1390, 655. Preserve existing Godot exit metadata and make the destination silhouette legible without adding a separate puzzle object. Integrate into the room paintover and keep walk-band readability intact. limited ink-and-wash noir palette: bone paper white #E4DCC8, wet black #0C1013, harbor slate #2A3A40, absinthe green #7D9B4E only for wrong light, whale-oil amber #C98A3C only for warmth, no arterial red unless explicitly approved.","new route, moved exit, blocked walk band, clickable-looking non-exit clutter, full generated background, explicit sexual content","Paintover source note at art/src/backgrounds/act_i/navigation_silhouettes/salt_market/tofishhall.psd; final visibility is in game/rooms/salt_market/background/salt_market_bg.png. Regenerate hotspot map if coordinates change."
"salt_market_navigation_silhouette_old_quay","R03","salt_market","navigation_silhouette","Old Quay","paintover","pending","art/src/backgrounds/act_i/navigation_silhouettes/salt_market/tooldquay.psd","game/rooms/salt_market/background/salt_market_bg.png","Paint navigation readability for Salt Market on Isla Mordida exit: Old Quay, near 180, 740. Preserve existing Godot exit metadata and make the destination silhouette legible without adding a separate puzzle object. Integrate into the room paintover and keep walk-band readability intact. limited ink-and-wash noir palette: bone paper white #E4DCC8, wet black #0C1013, harbor slate #2A3A40, absinthe green #7D9B4E only for wrong light, whale-oil amber #C98A3C only for warmth, no arterial red unless explicitly approved.","new route, moved exit, blocked walk band, clickable-looking non-exit clutter, full generated background, explicit sexual content","Paintover source note at art/src/backgrounds/act_i/navigation_silhouettes/salt_market/tooldquay.psd; final visibility is in game/rooms/salt_market/background/salt_market_bg.png. Regenerate hotspot map if coordinates change."
"harbor_registry_meshy_source_model_registrar_desk","R05","harbor_registry","meshy_source_model","Registrar desk","Meshy","pending","art/src/backgrounds/act_i/source_models/harbor_registry/registrar_desk.glb","","Create a single reusable 3D source prop for Harbor Registry on Isla Mordida: Registrar desk. Fixed-camera point-and-click adventure source asset, stylized 1740s occult harbor noir, strong silhouette, simple readable geometry, usable as Blender blockout/paintover reference, neutral grey material groups, no scene floor, no full room, no characters, no text labels. limited ink-and-wash noir palette: bone paper white #E4DCC8, wet black #0C1013, harbor slate #2A3A40, absinthe green #7D9B4E only for wrong light, whale-oil amber #C98A3C only for warmth, no arterial red unless explicitly approved.","whole room, complete environment, final background, camera blur, unreadable tiny detail, modern objects, extra characters, explicit sexual content, arterial red, photoreal gore","Download as GLB to art/src/backgrounds/act_i/source_models/harbor_registry/registrar_desk.glb. Import into Blender only as helper geometry; final room art still comes from greybox plus paintover."
"harbor_registry_meshy_source_model_ledger_stacks","R05","harbor_registry","meshy_source_model","ledger stacks","Meshy","pending","art/src/backgrounds/act_i/source_models/harbor_registry/ledger_stacks.glb","","Create a single reusable 3D source prop for Harbor Registry on Isla Mordida: ledger stacks. Fixed-camera point-and-click adventure source asset, stylized 1740s occult harbor noir, strong silhouette, simple readable geometry, usable as Blender blockout/paintover reference, neutral grey material groups, no scene floor, no full room, no characters, no text labels. limited ink-and-wash noir palette: bone paper white #E4DCC8, wet black #0C1013, harbor slate #2A3A40, absinthe green #7D9B4E only for wrong light, whale-oil amber #C98A3C only for warmth, no arterial red unless explicitly approved.","whole room, complete environment, final background, camera blur, unreadable tiny detail, modern objects, extra characters, explicit sexual content, arterial red, photoreal gore","Download as GLB to art/src/backgrounds/act_i/source_models/harbor_registry/ledger_stacks.glb. Import into Blender only as helper geometry; final room art still comes from greybox plus paintover."
"harbor_registry_meshy_source_model_roll_book_lectern","R05","harbor_registry","meshy_source_model","roll book lectern","Meshy","pending","art/src/backgrounds/act_i/source_models/harbor_registry/roll_book_lectern.glb","","Create a single reusable 3D source prop for Harbor Registry on Isla Mordida: roll book lectern. Fixed-camera point-and-click adventure source asset, stylized 1740s occult harbor noir, strong silhouette, simple readable geometry, usable as Blender blockout/paintover reference, neutral grey material groups, no scene floor, no full room, no characters, no text labels. limited ink-and-wash noir palette: bone paper white #E4DCC8, wet black #0C1013, harbor slate #2A3A40, absinthe green #7D9B4E only for wrong light, whale-oil amber #C98A3C only for warmth, no arterial red unless explicitly approved.","whole room, complete environment, final background, camera blur, unreadable tiny detail, modern objects, extra characters, explicit sexual content, arterial red, photoreal gore","Download as GLB to art/src/backgrounds/act_i/source_models/harbor_registry/roll_book_lectern.glb. Import into Blender only as helper geometry; final room art still comes from greybox plus paintover."
"harbor_registry_meshy_source_model_window_frame","R05","harbor_registry","meshy_source_model","window frame","Meshy","pending","art/src/backgrounds/act_i/source_models/harbor_registry/window_frame.glb","","Create a single reusable 3D source prop for Harbor Registry on Isla Mordida: window frame. Fixed-camera point-and-click adventure source asset, stylized 1740s occult harbor noir, strong silhouette, simple readable geometry, usable as Blender blockout/paintover reference, neutral grey material groups, no scene floor, no full room, no characters, no text labels. limited ink-and-wash noir palette: bone paper white #E4DCC8, wet black #0C1013, harbor slate #2A3A40, absinthe green #7D9B4E only for wrong light, whale-oil amber #C98A3C only for warmth, no arterial red unless explicitly approved.","whole room, complete environment, final background, camera blur, unreadable tiny detail, modern objects, extra characters, explicit sexual content, arterial red, photoreal gore","Download as GLB to art/src/backgrounds/act_i/source_models/harbor_registry/window_frame.glb. Import into Blender only as helper geometry; final room art still comes from greybox plus paintover."
"harbor_registry_generated_reference_grime_texture","R05","harbor_registry","generated_reference","grime texture","imagegen","pending","docs/art/reference/act_i/harbor_registry/grime_texture.png","","Reference image only for Harbor Registry on Isla Mordida: grime texture. Produce a mood/texture/silhouette reference board for an ink-and-wash noir point-and-click background. Keep it non-final and non-layout-authoritative. Emphasize material, edge breakup, lighting feel, and palette-safe dressing ideas. limited ink-and-wash noir palette: bone paper white #E4DCC8, wet black #0C1013, harbor slate #2A3A40, absinthe green #7D9B4E only for wrong light, whale-oil amber #C98A3C only for warmth, no arterial red unless explicitly approved.","finished game background, full room plate, new hotspot layout, text UI, readable signage that must become canon, explicit sexual content, arterial red, photorealism","Save reference image to docs/art/reference/act_i/harbor_registry/grime_texture.png. Use only as paintover reference; do not import directly as a final background plate."
"harbor_registry_generated_reference_ink_wash_edge_breakup","R05","harbor_registry","generated_reference","ink-wash edge breakup","imagegen","pending","docs/art/reference/act_i/harbor_registry/ink_wash_edge_breakup.png","","Reference image only for Harbor Registry on Isla Mordida: ink-wash edge breakup. Produce a mood/texture/silhouette reference board for an ink-and-wash noir point-and-click background. Keep it non-final and non-layout-authoritative. Emphasize material, edge breakup, lighting feel, and palette-safe dressing ideas. limited ink-and-wash noir palette: bone paper white #E4DCC8, wet black #0C1013, harbor slate #2A3A40, absinthe green #7D9B4E only for wrong light, whale-oil amber #C98A3C only for warmth, no arterial red unless explicitly approved.","finished game background, full room plate, new hotspot layout, text UI, readable signage that must become canon, explicit sexual content, arterial red, photorealism","Save reference image to docs/art/reference/act_i/harbor_registry/ink_wash_edge_breakup.png. Use only as paintover reference; do not import directly as a final background plate."
"harbor_registry_generated_reference_palette_safe_mood_reference","R05","harbor_registry","generated_reference","palette-safe mood reference","imagegen","pending","docs/art/reference/act_i/harbor_registry/palette_safe_mood_reference.png","","Reference image only for Harbor Registry on Isla Mordida: palette-safe mood reference. Produce a mood/texture/silhouette reference board for an ink-and-wash noir point-and-click background. Keep it non-final and non-layout-authoritative. Emphasize material, edge breakup, lighting feel, and palette-safe dressing ideas. limited ink-and-wash noir palette: bone paper white #E4DCC8, wet black #0C1013, harbor slate #2A3A40, absinthe green #7D9B4E only for wrong light, whale-oil amber #C98A3C only for warmth, no arterial red unless explicitly approved.","finished game background, full room plate, new hotspot layout, text UI, readable signage that must become canon, explicit sexual content, arterial red, photorealism","Save reference image to docs/art/reference/act_i/harbor_registry/palette_safe_mood_reference.png. Use only as paintover reference; do not import directly as a final background plate."
"harbor_registry_generated_reference_non_clickable_dressing_silhouettes","R05","harbor_registry","generated_reference","non-clickable dressing silhouettes","imagegen","pending","docs/art/reference/act_i/harbor_registry/non_clickable_dressing_silhouettes.png","","Reference image only for Harbor Registry on Isla Mordida: non-clickable dressing silhouettes. Produce a mood/texture/silhouette reference board for an ink-and-wash noir point-and-click background. Keep it non-final and non-layout-authoritative. Emphasize material, edge breakup, lighting feel, and palette-safe dressing ideas. limited ink-and-wash noir palette: bone paper white #E4DCC8, wet black #0C1013, harbor slate #2A3A40, absinthe green #7D9B4E only for wrong light, whale-oil amber #C98A3C only for warmth, no arterial red unless explicitly approved.","finished game background, full room plate, new hotspot layout, text UI, readable signage that must become canon, explicit sexual content, arterial red, photorealism","Save reference image to docs/art/reference/act_i/harbor_registry/non_clickable_dressing_silhouettes.png. Use only as paintover reference; do not import directly as a final background plate."
"harbor_registry_interactive_layer_kestrel_ledger","R05","harbor_registry","interactive_layer","Kestrel ledger","paintover","pending","art/src/backgrounds/act_i/interactive_layers/harbor_registry/kestrelledger.psd","game/rooms/harbor_registry/props/kestrelledger.png","Paint a separate interactive layer for Harbor Registry on Isla Mordida: Kestrel ledger, centered near 1220, 610. It must read at 1920x1080, align to the existing hotspot, and remain separable from the baked background because roles [blocked_feedback, confession_source, item_reward, gated] touch game logic. Transparent background, clean silhouette, palette-audited, no coordinate drift. limited ink-and-wash noir palette: bone paper white #E4DCC8, wet black #0C1013, harbor slate #2A3A40, absinthe green #7D9B4E only for wrong light, whale-oil amber #C98A3C only for warmth, no arterial red unless explicitly approved.","merged into background only, moved hotspot center, decorative ambiguity, extra interactable-looking clutter, explicit sexual content, arterial red without approval","Source stays at art/src/backgrounds/act_i/interactive_layers/harbor_registry/kestrelledger.psd; runtime export target is game/rooms/harbor_registry/props/kestrelledger.png. Keep Godot hotspot metadata authoritative."
"harbor_registry_interactive_layer_desk_lamp","R05","harbor_registry","interactive_layer","Desk lamp","paintover","pending","art/src/backgrounds/act_i/interactive_layers/harbor_registry/desklamp.psd","game/rooms/harbor_registry/props/desklamp.png","Paint a separate interactive layer for Harbor Registry on Isla Mordida: Desk lamp, centered near 890, 650. It must read at 1920x1080, align to the existing hotspot, and remain separable from the baked background because roles [wet_verb] touch game logic. Transparent background, clean silhouette, palette-audited, no coordinate drift. limited ink-and-wash noir palette: bone paper white #E4DCC8, wet black #0C1013, harbor slate #2A3A40, absinthe green #7D9B4E only for wrong light, whale-oil amber #C98A3C only for warmth, no arterial red unless explicitly approved.","merged into background only, moved hotspot center, decorative ambiguity, extra interactable-looking clutter, explicit sexual content, arterial red without approval","Source stays at art/src/backgrounds/act_i/interactive_layers/harbor_registry/desklamp.psd; runtime export target is game/rooms/harbor_registry/props/desklamp.png. Keep Godot hotspot metadata authoritative."
"harbor_registry_interactive_layer_registrar","R05","harbor_registry","interactive_layer","Registrar","paintover","pending","art/src/backgrounds/act_i/interactive_layers/harbor_registry/registrar.psd","game/rooms/harbor_registry/props/registrar.png","Paint a separate interactive layer for Harbor Registry on Isla Mordida: Registrar, centered near 980, 690. It must read at 1920x1080, align to the existing hotspot, and remain separable from the baked background because roles [duel, blocked_feedback, item_reward, gated] touch game logic. Transparent background, clean silhouette, palette-audited, no coordinate drift. limited ink-and-wash noir palette: bone paper white #E4DCC8, wet black #0C1013, harbor slate #2A3A40, absinthe green #7D9B4E only for wrong light, whale-oil amber #C98A3C only for warmth, no arterial red unless explicitly approved.","merged into background only, moved hotspot center, decorative ambiguity, extra interactable-looking clutter, explicit sexual content, arterial red without approval","Source stays at art/src/backgrounds/act_i/interactive_layers/harbor_registry/registrar.psd; runtime export target is game/rooms/harbor_registry/props/registrar.png. Keep Godot hotspot metadata authoritative."
"harbor_registry_navigation_silhouette_salt_market","R05","harbor_registry","navigation_silhouette","Salt Market","paintover","pending","art/src/backgrounds/act_i/navigation_silhouettes/harbor_registry/tosaltmarket.psd","game/rooms/harbor_registry/background/harbor_registry_bg.png","Paint navigation readability for Harbor Registry on Isla Mordida exit: Salt Market, near 180, 740. Preserve existing Godot exit metadata and make the destination silhouette legible without adding a separate puzzle object. Integrate into the room paintover and keep walk-band readability intact. limited ink-and-wash noir palette: bone paper white #E4DCC8, wet black #0C1013, harbor slate #2A3A40, absinthe green #7D9B4E only for wrong light, whale-oil amber #C98A3C only for warmth, no arterial red unless explicitly approved.","new route, moved exit, blocked walk band, clickable-looking non-exit clutter, full generated background, explicit sexual content","Paintover source note at art/src/backgrounds/act_i/navigation_silhouettes/harbor_registry/tosaltmarket.psd; final visibility is in game/rooms/harbor_registry/background/harbor_registry_bg.png. Regenerate hotspot map if coordinates change."
"bone_chandler_meshy_source_model_bone_shelf_units","R06","bone_chandler","meshy_source_model","bone shelf units","Meshy","pending","art/src/backgrounds/act_i/source_models/bone_chandler/bone_shelf_units.glb","","Create a single reusable 3D source prop for The Bone Chandler on Isla Mordida: bone shelf units. Fixed-camera point-and-click adventure source asset, stylized 1740s occult harbor noir, strong silhouette, simple readable geometry, usable as Blender blockout/paintover reference, neutral grey material groups, no scene floor, no full room, no characters, no text labels. limited ink-and-wash noir palette: bone paper white #E4DCC8, wet black #0C1013, harbor slate #2A3A40, absinthe green #7D9B4E only for wrong light, whale-oil amber #C98A3C only for warmth, no arterial red unless explicitly approved.","whole room, complete environment, final background, camera blur, unreadable tiny detail, modern objects, extra characters, explicit sexual content, arterial red, photoreal gore","Download as GLB to art/src/backgrounds/act_i/source_models/bone_chandler/bone_shelf_units.glb. Import into Blender only as helper geometry; final room art still comes from greybox plus paintover."
"bone_chandler_meshy_source_model_trade_counter","R06","bone_chandler","meshy_source_model","trade counter","Meshy","pending","art/src/backgrounds/act_i/source_models/bone_chandler/trade_counter.glb","","Create a single reusable 3D source prop for The Bone Chandler on Isla Mordida: trade counter. Fixed-camera point-and-click adventure source asset, stylized 1740s occult harbor noir, strong silhouette, simple readable geometry, usable as Blender blockout/paintover reference, neutral grey material groups, no scene floor, no full room, no characters, no text labels. limited ink-and-wash noir palette: bone paper white #E4DCC8, wet black #0C1013, harbor slate #2A3A40, absinthe green #7D9B4E only for wrong light, whale-oil amber #C98A3C only for warmth, no arterial red unless explicitly approved.","whole room, complete environment, final background, camera blur, unreadable tiny detail, modern objects, extra characters, explicit sexual content, arterial red, photoreal gore","Download as GLB to art/src/backgrounds/act_i/source_models/bone_chandler/trade_counter.glb. Import into Blender only as helper geometry; final room art still comes from greybox plus paintover."
"bone_chandler_meshy_source_model_chess_set_scale_prop","R06","bone_chandler","meshy_source_model","chess set scale prop","Meshy","pending","art/src/backgrounds/act_i/source_models/bone_chandler/chess_set_scale_prop.glb","","Create a single reusable 3D source prop for The Bone Chandler on Isla Mordida: chess set scale prop. Fixed-camera point-and-click adventure source asset, stylized 1740s occult harbor noir, strong silhouette, simple readable geometry, usable as Blender blockout/paintover reference, neutral grey material groups, no scene floor, no full room, no characters, no text labels. limited ink-and-wash noir palette: bone paper white #E4DCC8, wet black #0C1013, harbor slate #2A3A40, absinthe green #7D9B4E only for wrong light, whale-oil amber #C98A3C only for warmth, no arterial red unless explicitly approved.","whole room, complete environment, final background, camera blur, unreadable tiny detail, modern objects, extra characters, explicit sexual content, arterial red, photoreal gore","Download as GLB to art/src/backgrounds/act_i/source_models/bone_chandler/chess_set_scale_prop.glb. Import into Blender only as helper geometry; final room art still comes from greybox plus paintover."
"bone_chandler_meshy_source_model_prosper_watch_display_block","R06","bone_chandler","meshy_source_model","Prosper watch display block","Meshy","pending","art/src/backgrounds/act_i/source_models/bone_chandler/prosper_watch_display_block.glb","","Create a single reusable 3D source prop for The Bone Chandler on Isla Mordida: Prosper watch display block. Fixed-camera point-and-click adventure source asset, stylized 1740s occult harbor noir, strong silhouette, simple readable geometry, usable as Blender blockout/paintover reference, neutral grey material groups, no scene floor, no full room, no characters, no text labels. limited ink-and-wash noir palette: bone paper white #E4DCC8, wet black #0C1013, harbor slate #2A3A40, absinthe green #7D9B4E only for wrong light, whale-oil amber #C98A3C only for warmth, no arterial red unless explicitly approved.","whole room, complete environment, final background, camera blur, unreadable tiny detail, modern objects, extra characters, explicit sexual content, arterial red, photoreal gore","Download as GLB to art/src/backgrounds/act_i/source_models/bone_chandler/prosper_watch_display_block.glb. Import into Blender only as helper geometry; final room art still comes from greybox plus paintover."
"bone_chandler_generated_reference_grime_texture","R06","bone_chandler","generated_reference","grime texture","imagegen","pending","docs/art/reference/act_i/bone_chandler/grime_texture.png","","Reference image only for The Bone Chandler on Isla Mordida: grime texture. Produce a mood/texture/silhouette reference board for an ink-and-wash noir point-and-click background. Keep it non-final and non-layout-authoritative. Emphasize material, edge breakup, lighting feel, and palette-safe dressing ideas. limited ink-and-wash noir palette: bone paper white #E4DCC8, wet black #0C1013, harbor slate #2A3A40, absinthe green #7D9B4E only for wrong light, whale-oil amber #C98A3C only for warmth, no arterial red unless explicitly approved.","finished game background, full room plate, new hotspot layout, text UI, readable signage that must become canon, explicit sexual content, arterial red, photorealism","Save reference image to docs/art/reference/act_i/bone_chandler/grime_texture.png. Use only as paintover reference; do not import directly as a final background plate."
"bone_chandler_generated_reference_ink_wash_edge_breakup","R06","bone_chandler","generated_reference","ink-wash edge breakup","imagegen","pending","docs/art/reference/act_i/bone_chandler/ink_wash_edge_breakup.png","","Reference image only for The Bone Chandler on Isla Mordida: ink-wash edge breakup. Produce a mood/texture/silhouette reference board for an ink-and-wash noir point-and-click background. Keep it non-final and non-layout-authoritative. Emphasize material, edge breakup, lighting feel, and palette-safe dressing ideas. limited ink-and-wash noir palette: bone paper white #E4DCC8, wet black #0C1013, harbor slate #2A3A40, absinthe green #7D9B4E only for wrong light, whale-oil amber #C98A3C only for warmth, no arterial red unless explicitly approved.","finished game background, full room plate, new hotspot layout, text UI, readable signage that must become canon, explicit sexual content, arterial red, photorealism","Save reference image to docs/art/reference/act_i/bone_chandler/ink_wash_edge_breakup.png. Use only as paintover reference; do not import directly as a final background plate."
"bone_chandler_generated_reference_palette_safe_mood_reference","R06","bone_chandler","generated_reference","palette-safe mood reference","imagegen","pending","docs/art/reference/act_i/bone_chandler/palette_safe_mood_reference.png","","Reference image only for The Bone Chandler on Isla Mordida: palette-safe mood reference. Produce a mood/texture/silhouette reference board for an ink-and-wash noir point-and-click background. Keep it non-final and non-layout-authoritative. Emphasize material, edge breakup, lighting feel, and palette-safe dressing ideas. limited ink-and-wash noir palette: bone paper white #E4DCC8, wet black #0C1013, harbor slate #2A3A40, absinthe green #7D9B4E only for wrong light, whale-oil amber #C98A3C only for warmth, no arterial red unless explicitly approved.","finished game background, full room plate, new hotspot layout, text UI, readable signage that must become canon, explicit sexual content, arterial red, photorealism","Save reference image to docs/art/reference/act_i/bone_chandler/palette_safe_mood_reference.png. Use only as paintover reference; do not import directly as a final background plate."
"bone_chandler_generated_reference_non_clickable_dressing_silhouettes","R06","bone_chandler","generated_reference","non-clickable dressing silhouettes","imagegen","pending","docs/art/reference/act_i/bone_chandler/non_clickable_dressing_silhouettes.png","","Reference image only for The Bone Chandler on Isla Mordida: non-clickable dressing silhouettes. Produce a mood/texture/silhouette reference board for an ink-and-wash noir point-and-click background. Keep it non-final and non-layout-authoritative. Emphasize material, edge breakup, lighting feel, and palette-safe dressing ideas. limited ink-and-wash noir palette: bone paper white #E4DCC8, wet black #0C1013, harbor slate #2A3A40, absinthe green #7D9B4E only for wrong light, whale-oil amber #C98A3C only for warmth, no arterial red unless explicitly approved.","finished game background, full room plate, new hotspot layout, text UI, readable signage that must become canon, explicit sexual content, arterial red, photorealism","Save reference image to docs/art/reference/act_i/bone_chandler/non_clickable_dressing_silhouettes.png. Use only as paintover reference; do not import directly as a final background plate."
"bone_chandler_interactive_layer_prosper_s_watch","R06","bone_chandler","interactive_layer","Prosper's watch","paintover","pending","art/src/backgrounds/act_i/interactive_layers/bone_chandler/prosperwatch.psd","game/rooms/bone_chandler/props/prosperwatch.png","Paint a separate interactive layer for The Bone Chandler on Isla Mordida: Prosper's watch, centered near 1010, 700. It must read at 1920x1080, align to the existing hotspot, and remain separable from the baked background because roles [blocked_feedback, item_reward, gated] touch game logic. Transparent background, clean silhouette, palette-audited, no coordinate drift. limited ink-and-wash noir palette: bone paper white #E4DCC8, wet black #0C1013, harbor slate #2A3A40, absinthe green #7D9B4E only for wrong light, whale-oil amber #C98A3C only for warmth, no arterial red unless explicitly approved.","merged into background only, moved hotspot center, decorative ambiguity, extra interactable-looking clutter, explicit sexual content, arterial red without approval","Source stays at art/src/backgrounds/act_i/interactive_layers/bone_chandler/prosperwatch.psd; runtime export target is game/rooms/bone_chandler/props/prosperwatch.png. Keep Godot hotspot metadata authoritative."
"bone_chandler_navigation_silhouette_almshouse","R06","bone_chandler","navigation_silhouette","Almshouse","paintover","pending","art/src/backgrounds/act_i/navigation_silhouettes/bone_chandler/toalmshouse.psd","game/rooms/bone_chandler/background/bone_chandler_bg.png","Paint navigation readability for The Bone Chandler on Isla Mordida exit: Almshouse, near 1700, 730. Preserve existing Godot exit metadata and make the destination silhouette legible without adding a separate puzzle object. Integrate into the room paintover and keep walk-band readability intact. limited ink-and-wash noir palette: bone paper white #E4DCC8, wet black #0C1013, harbor slate #2A3A40, absinthe green #7D9B4E only for wrong light, whale-oil amber #C98A3C only for warmth, no arterial red unless explicitly approved.","new route, moved exit, blocked walk band, clickable-looking non-exit clutter, full generated background, explicit sexual content","Paintover source note at art/src/backgrounds/act_i/navigation_silhouettes/bone_chandler/toalmshouse.psd; final visibility is in game/rooms/bone_chandler/background/bone_chandler_bg.png. Regenerate hotspot map if coordinates change."
"bone_chandler_navigation_silhouette_salt_market","R06","bone_chandler","navigation_silhouette","Salt Market","paintover","pending","art/src/backgrounds/act_i/navigation_silhouettes/bone_chandler/tosaltmarket.psd","game/rooms/bone_chandler/background/bone_chandler_bg.png","Paint navigation readability for The Bone Chandler on Isla Mordida exit: Salt Market, near 180, 740. Preserve existing Godot exit metadata and make the destination silhouette legible without adding a separate puzzle object. Integrate into the room paintover and keep walk-band readability intact. limited ink-and-wash noir palette: bone paper white #E4DCC8, wet black #0C1013, harbor slate #2A3A40, absinthe green #7D9B4E only for wrong light, whale-oil amber #C98A3C only for warmth, no arterial red unless explicitly approved.","new route, moved exit, blocked walk band, clickable-looking non-exit clutter, full generated background, explicit sexual content","Paintover source note at art/src/backgrounds/act_i/navigation_silhouettes/bone_chandler/tosaltmarket.psd; final visibility is in game/rooms/bone_chandler/background/bone_chandler_bg.png. Regenerate hotspot map if coordinates change."
"almshouse_meshy_source_model_cot_rows","R07","almshouse","meshy_source_model","cot rows","Meshy","pending","art/src/backgrounds/act_i/source_models/almshouse/cot_rows.glb","","Create a single reusable 3D source prop for The Almshouse on Isla Mordida: cot rows. Fixed-camera point-and-click adventure source asset, stylized 1740s occult harbor noir, strong silhouette, simple readable geometry, usable as Blender blockout/paintover reference, neutral grey material groups, no scene floor, no full room, no characters, no text labels. limited ink-and-wash noir palette: bone paper white #E4DCC8, wet black #0C1013, harbor slate #2A3A40, absinthe green #7D9B4E only for wrong light, whale-oil amber #C98A3C only for warmth, no arterial red unless explicitly approved.","whole room, complete environment, final background, camera blur, unreadable tiny detail, modern objects, extra characters, explicit sexual content, arterial red, photoreal gore","Download as GLB to art/src/backgrounds/act_i/source_models/almshouse/cot_rows.glb. Import into Blender only as helper geometry; final room art still comes from greybox plus paintover."
"almshouse_meshy_source_model_window_frame","R07","almshouse","meshy_source_model","window frame","Meshy","pending","art/src/backgrounds/act_i/source_models/almshouse/window_frame.glb","","Create a single reusable 3D source prop for The Almshouse on Isla Mordida: window frame. Fixed-camera point-and-click adventure source asset, stylized 1740s occult harbor noir, strong silhouette, simple readable geometry, usable as Blender blockout/paintover reference, neutral grey material groups, no scene floor, no full room, no characters, no text labels. limited ink-and-wash noir palette: bone paper white #E4DCC8, wet black #0C1013, harbor slate #2A3A40, absinthe green #7D9B4E only for wrong light, whale-oil amber #C98A3C only for warmth, no arterial red unless explicitly approved.","whole room, complete environment, final background, camera blur, unreadable tiny detail, modern objects, extra characters, explicit sexual content, arterial red, photoreal gore","Download as GLB to art/src/backgrounds/act_i/source_models/almshouse/window_frame.glb. Import into Blender only as helper geometry; final room art still comes from greybox plus paintover."
"almshouse_meshy_source_model_privacy_screens","R07","almshouse","meshy_source_model","privacy screens","Meshy","pending","art/src/backgrounds/act_i/source_models/almshouse/privacy_screens.glb","","Create a single reusable 3D source prop for The Almshouse on Isla Mordida: privacy screens. Fixed-camera point-and-click adventure source asset, stylized 1740s occult harbor noir, strong silhouette, simple readable geometry, usable as Blender blockout/paintover reference, neutral grey material groups, no scene floor, no full room, no characters, no text labels. limited ink-and-wash noir palette: bone paper white #E4DCC8, wet black #0C1013, harbor slate #2A3A40, absinthe green #7D9B4E only for wrong light, whale-oil amber #C98A3C only for warmth, no arterial red unless explicitly approved.","whole room, complete environment, final background, camera blur, unreadable tiny detail, modern objects, extra characters, explicit sexual content, arterial red, photoreal gore","Download as GLB to art/src/backgrounds/act_i/source_models/almshouse/privacy_screens.glb. Import into Blender only as helper geometry; final room art still comes from greybox plus paintover."
"almshouse_meshy_source_model_prosper_sitting_silhouette_block","R07","almshouse","meshy_source_model","Prosper sitting silhouette block","Meshy","pending","art/src/backgrounds/act_i/source_models/almshouse/prosper_sitting_silhouette_block.glb","","Create a single reusable 3D source prop for The Almshouse on Isla Mordida: Prosper sitting silhouette block. Fixed-camera point-and-click adventure source asset, stylized 1740s occult harbor noir, strong silhouette, simple readable geometry, usable as Blender blockout/paintover reference, neutral grey material groups, no scene floor, no full room, no characters, no text labels. limited ink-and-wash noir palette: bone paper white #E4DCC8, wet black #0C1013, harbor slate #2A3A40, absinthe green #7D9B4E only for wrong light, whale-oil amber #C98A3C only for warmth, no arterial red unless explicitly approved.","whole room, complete environment, final background, camera blur, unreadable tiny detail, modern objects, extra characters, explicit sexual content, arterial red, photoreal gore","Download as GLB to art/src/backgrounds/act_i/source_models/almshouse/prosper_sitting_silhouette_block.glb. Import into Blender only as helper geometry; final room art still comes from greybox plus paintover."
"almshouse_generated_reference_grime_texture","R07","almshouse","generated_reference","grime texture","imagegen","pending","docs/art/reference/act_i/almshouse/grime_texture.png","","Reference image only for The Almshouse on Isla Mordida: grime texture. Produce a mood/texture/silhouette reference board for an ink-and-wash noir point-and-click background. Keep it non-final and non-layout-authoritative. Emphasize material, edge breakup, lighting feel, and palette-safe dressing ideas. limited ink-and-wash noir palette: bone paper white #E4DCC8, wet black #0C1013, harbor slate #2A3A40, absinthe green #7D9B4E only for wrong light, whale-oil amber #C98A3C only for warmth, no arterial red unless explicitly approved.","finished game background, full room plate, new hotspot layout, text UI, readable signage that must become canon, explicit sexual content, arterial red, photorealism","Save reference image to docs/art/reference/act_i/almshouse/grime_texture.png. Use only as paintover reference; do not import directly as a final background plate."
"almshouse_generated_reference_ink_wash_edge_breakup","R07","almshouse","generated_reference","ink-wash edge breakup","imagegen","pending","docs/art/reference/act_i/almshouse/ink_wash_edge_breakup.png","","Reference image only for The Almshouse on Isla Mordida: ink-wash edge breakup. Produce a mood/texture/silhouette reference board for an ink-and-wash noir point-and-click background. Keep it non-final and non-layout-authoritative. Emphasize material, edge breakup, lighting feel, and palette-safe dressing ideas. limited ink-and-wash noir palette: bone paper white #E4DCC8, wet black #0C1013, harbor slate #2A3A40, absinthe green #7D9B4E only for wrong light, whale-oil amber #C98A3C only for warmth, no arterial red unless explicitly approved.","finished game background, full room plate, new hotspot layout, text UI, readable signage that must become canon, explicit sexual content, arterial red, photorealism","Save reference image to docs/art/reference/act_i/almshouse/ink_wash_edge_breakup.png. Use only as paintover reference; do not import directly as a final background plate."
"almshouse_generated_reference_palette_safe_mood_reference","R07","almshouse","generated_reference","palette-safe mood reference","imagegen","pending","docs/art/reference/act_i/almshouse/palette_safe_mood_reference.png","","Reference image only for The Almshouse on Isla Mordida: palette-safe mood reference. Produce a mood/texture/silhouette reference board for an ink-and-wash noir point-and-click background. Keep it non-final and non-layout-authoritative. Emphasize material, edge breakup, lighting feel, and palette-safe dressing ideas. limited ink-and-wash noir palette: bone paper white #E4DCC8, wet black #0C1013, harbor slate #2A3A40, absinthe green #7D9B4E only for wrong light, whale-oil amber #C98A3C only for warmth, no arterial red unless explicitly approved.","finished game background, full room plate, new hotspot layout, text UI, readable signage that must become canon, explicit sexual content, arterial red, photorealism","Save reference image to docs/art/reference/act_i/almshouse/palette_safe_mood_reference.png. Use only as paintover reference; do not import directly as a final background plate."
"almshouse_generated_reference_non_clickable_dressing_silhouettes","R07","almshouse","generated_reference","non-clickable dressing silhouettes","imagegen","pending","docs/art/reference/act_i/almshouse/non_clickable_dressing_silhouettes.png","","Reference image only for The Almshouse on Isla Mordida: non-clickable dressing silhouettes. Produce a mood/texture/silhouette reference board for an ink-and-wash noir point-and-click background. Keep it non-final and non-layout-authoritative. Emphasize material, edge breakup, lighting feel, and palette-safe dressing ideas. limited ink-and-wash noir palette: bone paper white #E4DCC8, wet black #0C1013, harbor slate #2A3A40, absinthe green #7D9B4E only for wrong light, whale-oil amber #C98A3C only for warmth, no arterial red unless explicitly approved.","finished game background, full room plate, new hotspot layout, text UI, readable signage that must become canon, explicit sexual content, arterial red, photorealism","Save reference image to docs/art/reference/act_i/almshouse/non_clickable_dressing_silhouettes.png. Use only as paintover reference; do not import directly as a final background plate."
"almshouse_interactive_layer_half_coin_prosper","R07","almshouse","interactive_layer","Half-Coin Prosper","paintover","pending","art/src/backgrounds/act_i/interactive_layers/almshouse/halfcoinprosper.psd","game/rooms/almshouse/props/halfcoinprosper.png","Paint a separate interactive layer for The Almshouse on Isla Mordida: Half-Coin Prosper, centered near 980, 700. It must read at 1920x1080, align to the existing hotspot, and remain separable from the baked background because roles [blocked_feedback, item_reward, gated] touch game logic. Transparent background, clean silhouette, palette-audited, no coordinate drift. limited ink-and-wash noir palette: bone paper white #E4DCC8, wet black #0C1013, harbor slate #2A3A40, absinthe green #7D9B4E only for wrong light, whale-oil amber #C98A3C only for warmth, no arterial red unless explicitly approved.","merged into background only, moved hotspot center, decorative ambiguity, extra interactable-looking clutter, explicit sexual content, arterial red without approval","Source stays at art/src/backgrounds/act_i/interactive_layers/almshouse/halfcoinprosper.psd; runtime export target is game/rooms/almshouse/props/halfcoinprosper.png. Keep Godot hotspot metadata authoritative."
"almshouse_navigation_silhouette_salt_market","R07","almshouse","navigation_silhouette","Salt Market","paintover","pending","art/src/backgrounds/act_i/navigation_silhouettes/almshouse/tosaltmarket.psd","game/rooms/almshouse/background/almshouse_bg.png","Paint navigation readability for The Almshouse on Isla Mordida exit: Salt Market, near 1700, 730. Preserve existing Godot exit metadata and make the destination silhouette legible without adding a separate puzzle object. Integrate into the room paintover and keep walk-band readability intact. limited ink-and-wash noir palette: bone paper white #E4DCC8, wet black #0C1013, harbor slate #2A3A40, absinthe green #7D9B4E only for wrong light, whale-oil amber #C98A3C only for warmth, no arterial red unless explicitly approved.","new route, moved exit, blocked walk band, clickable-looking non-exit clutter, full generated background, explicit sexual content","Paintover source note at art/src/backgrounds/act_i/navigation_silhouettes/almshouse/tosaltmarket.psd; final visibility is in game/rooms/almshouse/background/almshouse_bg.png. Regenerate hotspot map if coordinates change."
"almshouse_navigation_silhouette_bone_chandler","R07","almshouse","navigation_silhouette","Bone Chandler","paintover","pending","art/src/backgrounds/act_i/navigation_silhouettes/almshouse/tobonechandler.psd","game/rooms/almshouse/background/almshouse_bg.png","Paint navigation readability for The Almshouse on Isla Mordida exit: Bone Chandler, near 180, 740. Preserve existing Godot exit metadata and make the destination silhouette legible without adding a separate puzzle object. Integrate into the room paintover and keep walk-band readability intact. limited ink-and-wash noir palette: bone paper white #E4DCC8, wet black #0C1013, harbor slate #2A3A40, absinthe green #7D9B4E only for wrong light, whale-oil amber #C98A3C only for warmth, no arterial red unless explicitly approved.","new route, moved exit, blocked walk band, clickable-looking non-exit clutter, full generated background, explicit sexual content","Paintover source note at art/src/backgrounds/act_i/navigation_silhouettes/almshouse/tobonechandler.psd; final visibility is in game/rooms/almshouse/background/almshouse_bg.png. Regenerate hotspot map if coordinates change."
"fish_hall_meshy_source_model_ice_table","R08","fish_hall","meshy_source_model","ice table","Meshy","pending","art/src/backgrounds/act_i/source_models/fish_hall/ice_table.glb","","Create a single reusable 3D source prop for The Fish Hall on Isla Mordida: ice table. Fixed-camera point-and-click adventure source asset, stylized 1740s occult harbor noir, strong silhouette, simple readable geometry, usable as Blender blockout/paintover reference, neutral grey material groups, no scene floor, no full room, no characters, no text labels. limited ink-and-wash noir palette: bone paper white #E4DCC8, wet black #0C1013, harbor slate #2A3A40, absinthe green #7D9B4E only for wrong light, whale-oil amber #C98A3C only for warmth, no arterial red unless explicitly approved.","whole room, complete environment, final background, camera blur, unreadable tiny detail, modern objects, extra characters, explicit sexual content, arterial red, photoreal gore","Download as GLB to art/src/backgrounds/act_i/source_models/fish_hall/ice_table.glb. Import into Blender only as helper geometry; final room art still comes from greybox plus paintover."
"fish_hall_meshy_source_model_drain_grate","R08","fish_hall","meshy_source_model","drain grate","Meshy","pending","art/src/backgrounds/act_i/source_models/fish_hall/drain_grate.glb","","Create a single reusable 3D source prop for The Fish Hall on Isla Mordida: drain grate. Fixed-camera point-and-click adventure source asset, stylized 1740s occult harbor noir, strong silhouette, simple readable geometry, usable as Blender blockout/paintover reference, neutral grey material groups, no scene floor, no full room, no characters, no text labels. limited ink-and-wash noir palette: bone paper white #E4DCC8, wet black #0C1013, harbor slate #2A3A40, absinthe green #7D9B4E only for wrong light, whale-oil amber #C98A3C only for warmth, no arterial red unless explicitly approved.","whole room, complete environment, final background, camera blur, unreadable tiny detail, modern objects, extra characters, explicit sexual content, arterial red, photoreal gore","Download as GLB to art/src/backgrounds/act_i/source_models/fish_hall/drain_grate.glb. Import into Blender only as helper geometry; final room art still comes from greybox plus paintover."
"fish_hall_meshy_source_model_visitor_book_stand","R08","fish_hall","meshy_source_model","visitor book stand","Meshy","pending","art/src/backgrounds/act_i/source_models/fish_hall/visitor_book_stand.glb","","Create a single reusable 3D source prop for The Fish Hall on Isla Mordida: visitor book stand. Fixed-camera point-and-click adventure source asset, stylized 1740s occult harbor noir, strong silhouette, simple readable geometry, usable as Blender blockout/paintover reference, neutral grey material groups, no scene floor, no full room, no characters, no text labels. limited ink-and-wash noir palette: bone paper white #E4DCC8, wet black #0C1013, harbor slate #2A3A40, absinthe green #7D9B4E only for wrong light, whale-oil amber #C98A3C only for warmth, no arterial red unless explicitly approved.","whole room, complete environment, final background, camera blur, unreadable tiny detail, modern objects, extra characters, explicit sexual content, arterial red, photoreal gore","Download as GLB to art/src/backgrounds/act_i/source_models/fish_hall/visitor_book_stand.glb. Import into Blender only as helper geometry; final room art still comes from greybox plus paintover."
"fish_hall_meshy_source_model_tagged_body_table_silhouette","R08","fish_hall","meshy_source_model","tagged body-table silhouette","Meshy","pending","art/src/backgrounds/act_i/source_models/fish_hall/tagged_body_table_silhouette.glb","","Create a single reusable 3D source prop for The Fish Hall on Isla Mordida: tagged body-table silhouette. Fixed-camera point-and-click adventure source asset, stylized 1740s occult harbor noir, strong silhouette, simple readable geometry, usable as Blender blockout/paintover reference, neutral grey material groups, no scene floor, no full room, no characters, no text labels. limited ink-and-wash noir palette: bone paper white #E4DCC8, wet black #0C1013, harbor slate #2A3A40, absinthe green #7D9B4E only for wrong light, whale-oil amber #C98A3C only for warmth, no arterial red unless explicitly approved.","whole room, complete environment, final background, camera blur, unreadable tiny detail, modern objects, extra characters, explicit sexual content, arterial red, photoreal gore","Download as GLB to art/src/backgrounds/act_i/source_models/fish_hall/tagged_body_table_silhouette.glb. Import into Blender only as helper geometry; final room art still comes from greybox plus paintover."
"fish_hall_generated_reference_grime_texture","R08","fish_hall","generated_reference","grime texture","imagegen","pending","docs/art/reference/act_i/fish_hall/grime_texture.png","","Reference image only for The Fish Hall on Isla Mordida: grime texture. Produce a mood/texture/silhouette reference board for an ink-and-wash noir point-and-click background. Keep it non-final and non-layout-authoritative. Emphasize material, edge breakup, lighting feel, and palette-safe dressing ideas. limited ink-and-wash noir palette: bone paper white #E4DCC8, wet black #0C1013, harbor slate #2A3A40, absinthe green #7D9B4E only for wrong light, whale-oil amber #C98A3C only for warmth, no arterial red unless explicitly approved.","finished game background, full room plate, new hotspot layout, text UI, readable signage that must become canon, explicit sexual content, arterial red, photorealism","Save reference image to docs/art/reference/act_i/fish_hall/grime_texture.png. Use only as paintover reference; do not import directly as a final background plate."
"fish_hall_generated_reference_ink_wash_edge_breakup","R08","fish_hall","generated_reference","ink-wash edge breakup","imagegen","pending","docs/art/reference/act_i/fish_hall/ink_wash_edge_breakup.png","","Reference image only for The Fish Hall on Isla Mordida: ink-wash edge breakup. Produce a mood/texture/silhouette reference board for an ink-and-wash noir point-and-click background. Keep it non-final and non-layout-authoritative. Emphasize material, edge breakup, lighting feel, and palette-safe dressing ideas. limited ink-and-wash noir palette: bone paper white #E4DCC8, wet black #0C1013, harbor slate #2A3A40, absinthe green #7D9B4E only for wrong light, whale-oil amber #C98A3C only for warmth, no arterial red unless explicitly approved.","finished game background, full room plate, new hotspot layout, text UI, readable signage that must become canon, explicit sexual content, arterial red, photorealism","Save reference image to docs/art/reference/act_i/fish_hall/ink_wash_edge_breakup.png. Use only as paintover reference; do not import directly as a final background plate."
"fish_hall_generated_reference_palette_safe_mood_reference","R08","fish_hall","generated_reference","palette-safe mood reference","imagegen","pending","docs/art/reference/act_i/fish_hall/palette_safe_mood_reference.png","","Reference image only for The Fish Hall on Isla Mordida: palette-safe mood reference. Produce a mood/texture/silhouette reference board for an ink-and-wash noir point-and-click background. Keep it non-final and non-layout-authoritative. Emphasize material, edge breakup, lighting feel, and palette-safe dressing ideas. limited ink-and-wash noir palette: bone paper white #E4DCC8, wet black #0C1013, harbor slate #2A3A40, absinthe green #7D9B4E only for wrong light, whale-oil amber #C98A3C only for warmth, no arterial red unless explicitly approved.","finished game background, full room plate, new hotspot layout, text UI, readable signage that must become canon, explicit sexual content, arterial red, photorealism","Save reference image to docs/art/reference/act_i/fish_hall/palette_safe_mood_reference.png. Use only as paintover reference; do not import directly as a final background plate."
"fish_hall_generated_reference_non_clickable_dressing_silhouettes","R08","fish_hall","generated_reference","non-clickable dressing silhouettes","imagegen","pending","docs/art/reference/act_i/fish_hall/non_clickable_dressing_silhouettes.png","","Reference image only for The Fish Hall on Isla Mordida: non-clickable dressing silhouettes. Produce a mood/texture/silhouette reference board for an ink-and-wash noir point-and-click background. Keep it non-final and non-layout-authoritative. Emphasize material, edge breakup, lighting feel, and palette-safe dressing ideas. limited ink-and-wash noir palette: bone paper white #E4DCC8, wet black #0C1013, harbor slate #2A3A40, absinthe green #7D9B4E only for wrong light, whale-oil amber #C98A3C only for warmth, no arterial red unless explicitly approved.","finished game background, full room plate, new hotspot layout, text UI, readable signage that must become canon, explicit sexual content, arterial red, photorealism","Save reference image to docs/art/reference/act_i/fish_hall/non_clickable_dressing_silhouettes.png. Use only as paintover reference; do not import directly as a final background plate."
"fish_hall_interactive_layer_visitor_book","R08","fish_hall","interactive_layer","Visitor book","paintover","pending","art/src/backgrounds/act_i/interactive_layers/fish_hall/visitorbook.psd","game/rooms/fish_hall/props/visitorbook.png","Paint a separate interactive layer for The Fish Hall on Isla Mordida: Visitor book, centered near 1260, 690. It must read at 1920x1080, align to the existing hotspot, and remain separable from the baked background because roles [confession_source] touch game logic. Transparent background, clean silhouette, palette-audited, no coordinate drift. limited ink-and-wash noir palette: bone paper white #E4DCC8, wet black #0C1013, harbor slate #2A3A40, absinthe green #7D9B4E only for wrong light, whale-oil amber #C98A3C only for warmth, no arterial red unless explicitly approved.","merged into background only, moved hotspot center, decorative ambiguity, extra interactable-looking clutter, explicit sexual content, arterial red without approval","Source stays at art/src/backgrounds/act_i/interactive_layers/fish_hall/visitorbook.psd; runtime export target is game/rooms/fish_hall/props/visitorbook.png. Keep Godot hotspot metadata authoritative."
"fish_hall_interactive_layer_coroner_tag","R08","fish_hall","interactive_layer","Coroner tag","paintover","pending","art/src/backgrounds/act_i/interactive_layers/fish_hall/coronertag.psd","game/rooms/fish_hall/props/coronertag.png","Paint a separate interactive layer for The Fish Hall on Isla Mordida: Coroner tag, centered near 960, 710. It must read at 1920x1080, align to the existing hotspot, and remain separable from the baked background because roles [item_reward] touch game logic. Transparent background, clean silhouette, palette-audited, no coordinate drift. limited ink-and-wash noir palette: bone paper white #E4DCC8, wet black #0C1013, harbor slate #2A3A40, absinthe green #7D9B4E only for wrong light, whale-oil amber #C98A3C only for warmth, no arterial red unless explicitly approved.","merged into background only, moved hotspot center, decorative ambiguity, extra interactable-looking clutter, explicit sexual content, arterial red without approval","Source stays at art/src/backgrounds/act_i/interactive_layers/fish_hall/coronertag.psd; runtime export target is game/rooms/fish_hall/props/coronertag.png. Keep Godot hotspot metadata authoritative."
"fish_hall_interactive_layer_drain","R08","fish_hall","interactive_layer","Drain","paintover","pending","art/src/backgrounds/act_i/interactive_layers/fish_hall/drain.psd","game/rooms/fish_hall/props/drain.png","Paint a separate interactive layer for The Fish Hall on Isla Mordida: Drain, centered near 1500, 780. It must read at 1920x1080, align to the existing hotspot, and remain separable from the baked background because roles [wet_verb] touch game logic. Transparent background, clean silhouette, palette-audited, no coordinate drift. limited ink-and-wash noir palette: bone paper white #E4DCC8, wet black #0C1013, harbor slate #2A3A40, absinthe green #7D9B4E only for wrong light, whale-oil amber #C98A3C only for warmth, no arterial red unless explicitly approved.","merged into background only, moved hotspot center, decorative ambiguity, extra interactable-looking clutter, explicit sexual content, arterial red without approval","Source stays at art/src/backgrounds/act_i/interactive_layers/fish_hall/drain.psd; runtime export target is game/rooms/fish_hall/props/drain.png. Keep Godot hotspot metadata authoritative."
"fish_hall_navigation_silhouette_salt_market","R08","fish_hall","navigation_silhouette","Salt Market","paintover","pending","art/src/backgrounds/act_i/navigation_silhouettes/fish_hall/tosaltmarket.psd","game/rooms/fish_hall/background/fish_hall_bg.png","Paint navigation readability for The Fish Hall on Isla Mordida exit: Salt Market, near 180, 740. Preserve existing Godot exit metadata and make the destination silhouette legible without adding a separate puzzle object. Integrate into the room paintover and keep walk-band readability intact. limited ink-and-wash noir palette: bone paper white #E4DCC8, wet black #0C1013, harbor slate #2A3A40, absinthe green #7D9B4E only for wrong light, whale-oil amber #C98A3C only for warmth, no arterial red unless explicitly approved.","new route, moved exit, blocked walk band, clickable-looking non-exit clutter, full generated background, explicit sexual content","Paintover source note at art/src/backgrounds/act_i/navigation_silhouettes/fish_hall/tosaltmarket.psd; final visibility is in game/rooms/fish_hall/background/fish_hall_bg.png. Regenerate hotspot map if coordinates change."
"church_of_the_drowned_meshy_source_model_confession_booth","R09","church_of_the_drowned","meshy_source_model","confession booth","Meshy","pending","art/src/backgrounds/act_i/source_models/church_of_the_drowned/confession_booth.glb","","Create a single reusable 3D source prop for Church of the Drowned on Isla Mordida: confession booth. Fixed-camera point-and-click adventure source asset, stylized 1740s occult harbor noir, strong silhouette, simple readable geometry, usable as Blender blockout/paintover reference, neutral grey material groups, no scene floor, no full room, no characters, no text labels. limited ink-and-wash noir palette: bone paper white #E4DCC8, wet black #0C1013, harbor slate #2A3A40, absinthe green #7D9B4E only for wrong light, whale-oil amber #C98A3C only for warmth, no arterial red unless explicitly approved.","whole room, complete environment, final background, camera blur, unreadable tiny detail, modern objects, extra characters, explicit sexual content, arterial red, photoreal gore","Download as GLB to art/src/backgrounds/act_i/source_models/church_of_the_drowned/confession_booth.glb. Import into Blender only as helper geometry; final room art still comes from greybox plus paintover."
"church_of_the_drowned_meshy_source_model_church_ledger_desk","R09","church_of_the_drowned","meshy_source_model","Church ledger desk","Meshy","pending","art/src/backgrounds/act_i/source_models/church_of_the_drowned/church_ledger_desk.glb","","Create a single reusable 3D source prop for Church of the Drowned on Isla Mordida: Church ledger desk. Fixed-camera point-and-click adventure source asset, stylized 1740s occult harbor noir, strong silhouette, simple readable geometry, usable as Blender blockout/paintover reference, neutral grey material groups, no scene floor, no full room, no characters, no text labels. limited ink-and-wash noir palette: bone paper white #E4DCC8, wet black #0C1013, harbor slate #2A3A40, absinthe green #7D9B4E only for wrong light, whale-oil amber #C98A3C only for warmth, no arterial red unless explicitly approved.","whole room, complete environment, final background, camera blur, unreadable tiny detail, modern objects, extra characters, explicit sexual content, arterial red, photoreal gore","Download as GLB to art/src/backgrounds/act_i/source_models/church_of_the_drowned/church_ledger_desk.glb. Import into Blender only as helper geometry; final room art still comes from greybox plus paintover."
"church_of_the_drowned_meshy_source_model_receipt_window","R09","church_of_the_drowned","meshy_source_model","receipt window","Meshy","pending","art/src/backgrounds/act_i/source_models/church_of_the_drowned/receipt_window.glb","","Create a single reusable 3D source prop for Church of the Drowned on Isla Mordida: receipt window. Fixed-camera point-and-click adventure source asset, stylized 1740s occult harbor noir, strong silhouette, simple readable geometry, usable as Blender blockout/paintover reference, neutral grey material groups, no scene floor, no full room, no characters, no text labels. limited ink-and-wash noir palette: bone paper white #E4DCC8, wet black #0C1013, harbor slate #2A3A40, absinthe green #7D9B4E only for wrong light, whale-oil amber #C98A3C only for warmth, no arterial red unless explicitly approved.","whole room, complete environment, final background, camera blur, unreadable tiny detail, modern objects, extra characters, explicit sexual content, arterial red, photoreal gore","Download as GLB to art/src/backgrounds/act_i/source_models/church_of_the_drowned/receipt_window.glb. Import into Blender only as helper geometry; final room art still comes from greybox plus paintover."
"church_of_the_drowned_meshy_source_model_green_lamp_housings","R09","church_of_the_drowned","meshy_source_model","green lamp housings","Meshy","pending","art/src/backgrounds/act_i/source_models/church_of_the_drowned/green_lamp_housings.glb","","Create a single reusable 3D source prop for Church of the Drowned on Isla Mordida: green lamp housings. Fixed-camera point-and-click adventure source asset, stylized 1740s occult harbor noir, strong silhouette, simple readable geometry, usable as Blender blockout/paintover reference, neutral grey material groups, no scene floor, no full room, no characters, no text labels. limited ink-and-wash noir palette: bone paper white #E4DCC8, wet black #0C1013, harbor slate #2A3A40, absinthe green #7D9B4E only for wrong light, whale-oil amber #C98A3C only for warmth, no arterial red unless explicitly approved.","whole room, complete environment, final background, camera blur, unreadable tiny detail, modern objects, extra characters, explicit sexual content, arterial red, photoreal gore","Download as GLB to art/src/backgrounds/act_i/source_models/church_of_the_drowned/green_lamp_housings.glb. Import into Blender only as helper geometry; final room art still comes from greybox plus paintover."
"church_of_the_drowned_generated_reference_institutional_absinthe_green_light","R09","church_of_the_drowned","generated_reference","institutional absinthe-green light","imagegen","pending","docs/art/reference/act_i/church_of_the_drowned/institutional_absinthe_green_light.png","","Reference image only for Church of the Drowned on Isla Mordida: institutional absinthe-green light. Produce a mood/texture/silhouette reference board for an ink-and-wash noir point-and-click background. Keep it non-final and non-layout-authoritative. Emphasize material, edge breakup, lighting feel, and palette-safe dressing ideas. limited ink-and-wash noir palette: bone paper white #E4DCC8, wet black #0C1013, harbor slate #2A3A40, absinthe green #7D9B4E only for wrong light, whale-oil amber #C98A3C only for warmth, no arterial red unless explicitly approved.","finished game background, full room plate, new hotspot layout, text UI, readable signage that must become canon, explicit sexual content, arterial red, photorealism","Save reference image to docs/art/reference/act_i/church_of_the_drowned/institutional_absinthe_green_light.png. Use only as paintover reference; do not import directly as a final background plate."
"church_of_the_drowned_generated_reference_paper_bureaucracy_texture","R09","church_of_the_drowned","generated_reference","paper bureaucracy texture","imagegen","pending","docs/art/reference/act_i/church_of_the_drowned/paper_bureaucracy_texture.png","","Reference image only for Church of the Drowned on Isla Mordida: paper bureaucracy texture. Produce a mood/texture/silhouette reference board for an ink-and-wash noir point-and-click background. Keep it non-final and non-layout-authoritative. Emphasize material, edge breakup, lighting feel, and palette-safe dressing ideas. limited ink-and-wash noir palette: bone paper white #E4DCC8, wet black #0C1013, harbor slate #2A3A40, absinthe green #7D9B4E only for wrong light, whale-oil amber #C98A3C only for warmth, no arterial red unless explicitly approved.","finished game background, full room plate, new hotspot layout, text UI, readable signage that must become canon, explicit sexual content, arterial red, photorealism","Save reference image to docs/art/reference/act_i/church_of_the_drowned/paper_bureaucracy_texture.png. Use only as paintover reference; do not import directly as a final background plate."
"church_of_the_drowned_generated_reference_wet_stone_grime","R09","church_of_the_drowned","generated_reference","wet stone grime","imagegen","pending","docs/art/reference/act_i/church_of_the_drowned/wet_stone_grime.png","","Reference image only for Church of the Drowned on Isla Mordida: wet stone grime. Produce a mood/texture/silhouette reference board for an ink-and-wash noir point-and-click background. Keep it non-final and non-layout-authoritative. Emphasize material, edge breakup, lighting feel, and palette-safe dressing ideas. limited ink-and-wash noir palette: bone paper white #E4DCC8, wet black #0C1013, harbor slate #2A3A40, absinthe green #7D9B4E only for wrong light, whale-oil amber #C98A3C only for warmth, no arterial red unless explicitly approved.","finished game background, full room plate, new hotspot layout, text UI, readable signage that must become canon, explicit sexual content, arterial red, photorealism","Save reference image to docs/art/reference/act_i/church_of_the_drowned/wet_stone_grime.png. Use only as paintover reference; do not import directly as a final background plate."
"church_of_the_drowned_interactive_layer_confession_booth","R09","church_of_the_drowned","interactive_layer","Confession booth","paintover","pending","art/src/backgrounds/act_i/interactive_layers/church_of_the_drowned/confessionbooth.psd","game/rooms/church_of_the_drowned/props/confessionbooth.png","Paint a separate interactive layer for Church of the Drowned on Isla Mordida: Confession booth, centered near 780, 650. It must read at 1920x1080, align to the existing hotspot, and remain separable from the baked background because roles [item_reward] touch game logic. Transparent background, clean silhouette, palette-audited, no coordinate drift. limited ink-and-wash noir palette: bone paper white #E4DCC8, wet black #0C1013, harbor slate #2A3A40, absinthe green #7D9B4E only for wrong light, whale-oil amber #C98A3C only for warmth, no arterial red unless explicitly approved.","merged into background only, moved hotspot center, decorative ambiguity, extra interactable-looking clutter, explicit sexual content, arterial red without approval","Source stays at art/src/backgrounds/act_i/interactive_layers/church_of_the_drowned/confessionbooth.psd; runtime export target is game/rooms/church_of_the_drowned/props/confessionbooth.png. Keep Godot hotspot metadata authoritative."
"church_of_the_drowned_interactive_layer_teodor_s_stall","R09","church_of_the_drowned","interactive_layer","Teodor's stall","paintover","pending","art/src/backgrounds/act_i/interactive_layers/church_of_the_drowned/ratecard.psd","game/rooms/church_of_the_drowned/props/ratecard.png","Paint a separate interactive layer for Church of the Drowned on Isla Mordida: Teodor's stall, centered near 940, 700. It must read at 1920x1080, align to the existing hotspot, and remain separable from the baked background because roles [blocked_feedback, confession_source, item_reward, gated] touch game logic. Transparent background, clean silhouette, palette-audited, no coordinate drift. limited ink-and-wash noir palette: bone paper white #E4DCC8, wet black #0C1013, harbor slate #2A3A40, absinthe green #7D9B4E only for wrong light, whale-oil amber #C98A3C only for warmth, no arterial red unless explicitly approved.","merged into background only, moved hotspot center, decorative ambiguity, extra interactable-looking clutter, explicit sexual content, arterial red without approval","Source stays at art/src/backgrounds/act_i/interactive_layers/church_of_the_drowned/ratecard.psd; runtime export target is game/rooms/church_of_the_drowned/props/ratecard.png. Keep Godot hotspot metadata authoritative."
"church_of_the_drowned_interactive_layer_poor_box","R09","church_of_the_drowned","interactive_layer","Poor box","paintover","pending","art/src/backgrounds/act_i/interactive_layers/church_of_the_drowned/poorbox.psd","game/rooms/church_of_the_drowned/props/poorbox.png","Paint a separate interactive layer for Church of the Drowned on Isla Mordida: Poor box, centered near 620, 720. It must read at 1920x1080, align to the existing hotspot, and remain separable from the baked background because roles [confession_source] touch game logic. Transparent background, clean silhouette, palette-audited, no coordinate drift. limited ink-and-wash noir palette: bone paper white #E4DCC8, wet black #0C1013, harbor slate #2A3A40, absinthe green #7D9B4E only for wrong light, whale-oil amber #C98A3C only for warmth, no arterial red unless explicitly approved.","merged into background only, moved hotspot center, decorative ambiguity, extra interactable-looking clutter, explicit sexual content, arterial red without approval","Source stays at art/src/backgrounds/act_i/interactive_layers/church_of_the_drowned/poorbox.psd; runtime export target is game/rooms/church_of_the_drowned/props/poorbox.png. Keep Godot hotspot metadata authoritative."
"church_of_the_drowned_navigation_silhouette_grey_float","R09","church_of_the_drowned","navigation_silhouette","Grey Float","paintover","pending","art/src/backgrounds/act_i/navigation_silhouettes/church_of_the_drowned/togreyfloat.psd","game/rooms/church_of_the_drowned/background/church_of_the_drowned_bg.png","Paint navigation readability for Church of the Drowned on Isla Mordida exit: Grey Float, near 1700, 730. Preserve existing Godot exit metadata and make the destination silhouette legible without adding a separate puzzle object. Integrate into the room paintover and keep walk-band readability intact. limited ink-and-wash noir palette: bone paper white #E4DCC8, wet black #0C1013, harbor slate #2A3A40, absinthe green #7D9B4E only for wrong light, whale-oil amber #C98A3C only for warmth, no arterial red unless explicitly approved.","new route, moved exit, blocked walk band, clickable-looking non-exit clutter, full generated background, explicit sexual content","Paintover source note at art/src/backgrounds/act_i/navigation_silhouettes/church_of_the_drowned/togreyfloat.psd; final visibility is in game/rooms/church_of_the_drowned/background/church_of_the_drowned_bg.png. Regenerate hotspot map if coordinates change."
"church_of_the_drowned_navigation_silhouette_salt_market","R09","church_of_the_drowned","navigation_silhouette","Salt Market","paintover","pending","art/src/backgrounds/act_i/navigation_silhouettes/church_of_the_drowned/tosaltmarket.psd","game/rooms/church_of_the_drowned/background/church_of_the_drowned_bg.png","Paint navigation readability for Church of the Drowned on Isla Mordida exit: Salt Market, near 180, 740. Preserve existing Godot exit metadata and make the destination silhouette legible without adding a separate puzzle object. Integrate into the room paintover and keep walk-band readability intact. limited ink-and-wash noir palette: bone paper white #E4DCC8, wet black #0C1013, harbor slate #2A3A40, absinthe green #7D9B4E only for wrong light, whale-oil amber #C98A3C only for warmth, no arterial red unless explicitly approved.","new route, moved exit, blocked walk band, clickable-looking non-exit clutter, full generated background, explicit sexual content","Paintover source note at art/src/backgrounds/act_i/navigation_silhouettes/church_of_the_drowned/tosaltmarket.psd; final visibility is in game/rooms/church_of_the_drowned/background/church_of_the_drowned_bg.png. Regenerate hotspot map if coordinates change."
"grey_float_meshy_source_model_barge_wall_ribs","R10","grey_float","meshy_source_model","barge wall ribs","Meshy","pending","art/src/backgrounds/act_i/source_models/grey_float/barge_wall_ribs.glb","","Create a single reusable 3D source prop for The Grey Float on Isla Mordida: barge wall ribs. Fixed-camera point-and-click adventure source asset, stylized 1740s occult harbor noir, strong silhouette, simple readable geometry, usable as Blender blockout/paintover reference, neutral grey material groups, no scene floor, no full room, no characters, no text labels. limited ink-and-wash noir palette: bone paper white #E4DCC8, wet black #0C1013, harbor slate #2A3A40, absinthe green #7D9B4E only for wrong light, whale-oil amber #C98A3C only for warmth, no arterial red unless explicitly approved.","whole room, complete environment, final background, camera blur, unreadable tiny detail, modern objects, extra characters, explicit sexual content, arterial red, photoreal gore","Download as GLB to art/src/backgrounds/act_i/source_models/grey_float/barge_wall_ribs.glb. Import into Blender only as helper geometry; final room art still comes from greybox plus paintover."
"grey_float_meshy_source_model_steam_screen_partitions","R10","grey_float","meshy_source_model","steam-screen partitions","Meshy","pending","art/src/backgrounds/act_i/source_models/grey_float/steam_screen_partitions.glb","","Create a single reusable 3D source prop for The Grey Float on Isla Mordida: steam-screen partitions. Fixed-camera point-and-click adventure source asset, stylized 1740s occult harbor noir, strong silhouette, simple readable geometry, usable as Blender blockout/paintover reference, neutral grey material groups, no scene floor, no full room, no characters, no text labels. limited ink-and-wash noir palette: bone paper white #E4DCC8, wet black #0C1013, harbor slate #2A3A40, absinthe green #7D9B4E only for wrong light, whale-oil amber #C98A3C only for warmth, no arterial red unless explicitly approved.","whole room, complete environment, final background, camera blur, unreadable tiny detail, modern objects, extra characters, explicit sexual content, arterial red, photoreal gore","Download as GLB to art/src/backgrounds/act_i/source_models/grey_float/steam_screen_partitions.glb. Import into Blender only as helper geometry; final room art still comes from greybox plus paintover."
"grey_float_meshy_source_model_lamp_clusters","R10","grey_float","meshy_source_model","lamp clusters","Meshy","pending","art/src/backgrounds/act_i/source_models/grey_float/lamp_clusters.glb","","Create a single reusable 3D source prop for The Grey Float on Isla Mordida: lamp clusters. Fixed-camera point-and-click adventure source asset, stylized 1740s occult harbor noir, strong silhouette, simple readable geometry, usable as Blender blockout/paintover reference, neutral grey material groups, no scene floor, no full room, no characters, no text labels. limited ink-and-wash noir palette: bone paper white #E4DCC8, wet black #0C1013, harbor slate #2A3A40, absinthe green #7D9B4E only for wrong light, whale-oil amber #C98A3C only for warmth, no arterial red unless explicitly approved.","whole room, complete environment, final background, camera blur, unreadable tiny detail, modern objects, extra characters, explicit sexual content, arterial red, photoreal gore","Download as GLB to art/src/backgrounds/act_i/source_models/grey_float/lamp_clusters.glb. Import into Blender only as helper geometry; final room art still comes from greybox plus paintover."
"grey_float_meshy_source_model_bathhouse_railings","R10","grey_float","meshy_source_model","bathhouse railings","Meshy","pending","art/src/backgrounds/act_i/source_models/grey_float/bathhouse_railings.glb","","Create a single reusable 3D source prop for The Grey Float on Isla Mordida: bathhouse railings. Fixed-camera point-and-click adventure source asset, stylized 1740s occult harbor noir, strong silhouette, simple readable geometry, usable as Blender blockout/paintover reference, neutral grey material groups, no scene floor, no full room, no characters, no text labels. limited ink-and-wash noir palette: bone paper white #E4DCC8, wet black #0C1013, harbor slate #2A3A40, absinthe green #7D9B4E only for wrong light, whale-oil amber #C98A3C only for warmth, no arterial red unless explicitly approved.","whole room, complete environment, final background, camera blur, unreadable tiny detail, modern objects, extra characters, explicit sexual content, arterial red, photoreal gore","Download as GLB to art/src/backgrounds/act_i/source_models/grey_float/bathhouse_railings.glb. Import into Blender only as helper geometry; final room art still comes from greybox plus paintover."
"grey_float_generated_reference_steam_density","R10","grey_float","generated_reference","steam density","imagegen","pending","docs/art/reference/act_i/grey_float/steam_density.png","","Reference image only for The Grey Float on Isla Mordida: steam density. Produce a mood/texture/silhouette reference board for an ink-and-wash noir point-and-click background. Keep it non-final and non-layout-authoritative. Emphasize material, edge breakup, lighting feel, and palette-safe dressing ideas. limited ink-and-wash noir palette: bone paper white #E4DCC8, wet black #0C1013, harbor slate #2A3A40, absinthe green #7D9B4E only for wrong light, whale-oil amber #C98A3C only for warmth, no arterial red unless explicitly approved.","finished game background, full room plate, new hotspot layout, text UI, readable signage that must become canon, explicit sexual content, arterial red, photorealism","Save reference image to docs/art/reference/act_i/grey_float/steam_density.png. Use only as paintover reference; do not import directly as a final background plate."
"grey_float_generated_reference_warm_silhouette_privacy_shapes","R10","grey_float","generated_reference","warm silhouette privacy shapes","imagegen","pending","docs/art/reference/act_i/grey_float/warm_silhouette_privacy_shapes.png","","Reference image only for The Grey Float on Isla Mordida: warm silhouette privacy shapes. Produce a mood/texture/silhouette reference board for an ink-and-wash noir point-and-click background. Keep it non-final and non-layout-authoritative. Emphasize material, edge breakup, lighting feel, and palette-safe dressing ideas. limited ink-and-wash noir palette: bone paper white #E4DCC8, wet black #0C1013, harbor slate #2A3A40, absinthe green #7D9B4E only for wrong light, whale-oil amber #C98A3C only for warmth, no arterial red unless explicitly approved.","finished game background, full room plate, new hotspot layout, text UI, readable signage that must become canon, explicit sexual content, arterial red, photorealism","Save reference image to docs/art/reference/act_i/grey_float/warm_silhouette_privacy_shapes.png. Use only as paintover reference; do not import directly as a final background plate."
"grey_float_generated_reference_non_explicit_labor_staging","R10","grey_float","generated_reference","non-explicit labor staging","imagegen","pending","docs/art/reference/act_i/grey_float/non_explicit_labor_staging.png","","Reference image only for The Grey Float on Isla Mordida: non-explicit labor staging. Produce a mood/texture/silhouette reference board for an ink-and-wash noir point-and-click background. Keep it non-final and non-layout-authoritative. Emphasize material, edge breakup, lighting feel, and palette-safe dressing ideas. limited ink-and-wash noir palette: bone paper white #E4DCC8, wet black #0C1013, harbor slate #2A3A40, absinthe green #7D9B4E only for wrong light, whale-oil amber #C98A3C only for warmth, no arterial red unless explicitly approved.","finished game background, full room plate, new hotspot layout, text UI, readable signage that must become canon, explicit sexual content, arterial red, photorealism","Save reference image to docs/art/reference/act_i/grey_float/non_explicit_labor_staging.png. Use only as paintover reference; do not import directly as a final background plate."
"grey_float_generated_reference_amber_trap_mood","R10","grey_float","generated_reference","amber trap mood","imagegen","pending","docs/art/reference/act_i/grey_float/amber_trap_mood.png","","Reference image only for The Grey Float on Isla Mordida: amber trap mood. Produce a mood/texture/silhouette reference board for an ink-and-wash noir point-and-click background. Keep it non-final and non-layout-authoritative. Emphasize material, edge breakup, lighting feel, and palette-safe dressing ideas. limited ink-and-wash noir palette: bone paper white #E4DCC8, wet black #0C1013, harbor slate #2A3A40, absinthe green #7D9B4E only for wrong light, whale-oil amber #C98A3C only for warmth, no arterial red unless explicitly approved.","finished game background, full room plate, new hotspot layout, text UI, readable signage that must become canon, explicit sexual content, arterial red, photorealism","Save reference image to docs/art/reference/act_i/grey_float/amber_trap_mood.png. Use only as paintover reference; do not import directly as a final background plate."
"grey_float_interactive_layer_bilge_regulator","R10","grey_float","interactive_layer","Bilge regulator","paintover","pending","art/src/backgrounds/act_i/interactive_layers/grey_float/bilgeregulator.psd","game/rooms/grey_float/props/bilgeregulator.png","Paint a separate interactive layer for The Grey Float on Isla Mordida: Bilge regulator, centered near 900, 700. It must read at 1920x1080, align to the existing hotspot, and remain separable from the baked background because roles [blocked_feedback, item_reward, gated] touch game logic. Transparent background, clean silhouette, palette-audited, no coordinate drift. limited ink-and-wash noir palette: bone paper white #E4DCC8, wet black #0C1013, harbor slate #2A3A40, absinthe green #7D9B4E only for wrong light, whale-oil amber #C98A3C only for warmth, no arterial red unless explicitly approved.","merged into background only, moved hotspot center, decorative ambiguity, extra interactable-looking clutter, explicit sexual content, arterial red without approval","Source stays at art/src/backgrounds/act_i/interactive_layers/grey_float/bilgeregulator.psd; runtime export target is game/rooms/grey_float/props/bilgeregulator.png. Keep Godot hotspot metadata authoritative."
"grey_float_interactive_layer_staff_corner","R10","grey_float","interactive_layer","Staff corner","paintover","pending","art/src/backgrounds/act_i/interactive_layers/grey_float/staffcorner.psd","game/rooms/grey_float/props/staffcorner.png","Paint a separate interactive layer for The Grey Float on Isla Mordida: Staff corner, centered near 620, 710. It must read at 1920x1080, align to the existing hotspot, and remain separable from the baked background because roles [confession_source] touch game logic. Transparent background, clean silhouette, palette-audited, no coordinate drift. limited ink-and-wash noir palette: bone paper white #E4DCC8, wet black #0C1013, harbor slate #2A3A40, absinthe green #7D9B4E only for wrong light, whale-oil amber #C98A3C only for warmth, no arterial red unless explicitly approved.","merged into background only, moved hotspot center, decorative ambiguity, extra interactable-looking clutter, explicit sexual content, arterial red without approval","Source stays at art/src/backgrounds/act_i/interactive_layers/grey_float/staffcorner.psd; runtime export target is game/rooms/grey_float/props/staffcorner.png. Keep Godot hotspot metadata authoritative."
"grey_float_interactive_layer_hot_pool","R10","grey_float","interactive_layer","Hot pool","paintover","pending","art/src/backgrounds/act_i/interactive_layers/grey_float/hotpool.psd","game/rooms/grey_float/props/hotpool.png","Paint a separate interactive layer for The Grey Float on Isla Mordida: Hot pool, centered near 1220, 720. It must read at 1920x1080, align to the existing hotspot, and remain separable from the baked background because roles [blocked_feedback, gated] touch game logic. Transparent background, clean silhouette, palette-audited, no coordinate drift. limited ink-and-wash noir palette: bone paper white #E4DCC8, wet black #0C1013, harbor slate #2A3A40, absinthe green #7D9B4E only for wrong light, whale-oil amber #C98A3C only for warmth, no arterial red unless explicitly approved.","merged into background only, moved hotspot center, decorative ambiguity, extra interactable-looking clutter, explicit sexual content, arterial red without approval","Source stays at art/src/backgrounds/act_i/interactive_layers/grey_float/hotpool.psd; runtime export target is game/rooms/grey_float/props/hotpool.png. Keep Godot hotspot metadata authoritative."
"grey_float_navigation_silhouette_harbormaster","R10","grey_float","navigation_silhouette","Harbormaster","paintover","pending","art/src/backgrounds/act_i/navigation_silhouettes/grey_float/toharbormaster.psd","game/rooms/grey_float/background/grey_float_bg.png","Paint navigation readability for The Grey Float on Isla Mordida exit: Harbormaster, near 1700, 730. Preserve existing Godot exit metadata and make the destination silhouette legible without adding a separate puzzle object. Integrate into the room paintover and keep walk-band readability intact. limited ink-and-wash noir palette: bone paper white #E4DCC8, wet black #0C1013, harbor slate #2A3A40, absinthe green #7D9B4E only for wrong light, whale-oil amber #C98A3C only for warmth, no arterial red unless explicitly approved.","new route, moved exit, blocked walk band, clickable-looking non-exit clutter, full generated background, explicit sexual content","Paintover source note at art/src/backgrounds/act_i/navigation_silhouettes/grey_float/toharbormaster.psd; final visibility is in game/rooms/grey_float/background/grey_float_bg.png. Regenerate hotspot map if coordinates change."
"grey_float_navigation_silhouette_church","R10","grey_float","navigation_silhouette","Church","paintover","pending","art/src/backgrounds/act_i/navigation_silhouettes/grey_float/tochurch.psd","game/rooms/grey_float/background/grey_float_bg.png","Paint navigation readability for The Grey Float on Isla Mordida exit: Church, near 180, 740. Preserve existing Godot exit metadata and make the destination silhouette legible without adding a separate puzzle object. Integrate into the room paintover and keep walk-band readability intact. limited ink-and-wash noir palette: bone paper white #E4DCC8, wet black #0C1013, harbor slate #2A3A40, absinthe green #7D9B4E only for wrong light, whale-oil amber #C98A3C only for warmth, no arterial red unless explicitly approved.","new route, moved exit, blocked walk band, clickable-looking non-exit clutter, full generated background, explicit sexual content","Paintover source note at art/src/backgrounds/act_i/navigation_silhouettes/grey_float/tochurch.psd; final visibility is in game/rooms/grey_float/background/grey_float_bg.png. Regenerate hotspot map if coordinates change."
"harbormaster_office_meshy_source_model_office_desk","R11","harbormaster_office","meshy_source_model","office desk","Meshy","pending","art/src/backgrounds/act_i/source_models/harbormaster_office/office_desk.glb","","Create a single reusable 3D source prop for Harbormaster's Office on Isla Mordida: office desk. Fixed-camera point-and-click adventure source asset, stylized 1740s occult harbor noir, strong silhouette, simple readable geometry, usable as Blender blockout/paintover reference, neutral grey material groups, no scene floor, no full room, no characters, no text labels. limited ink-and-wash noir palette: bone paper white #E4DCC8, wet black #0C1013, harbor slate #2A3A40, absinthe green #7D9B4E only for wrong light, whale-oil amber #C98A3C only for warmth, no arterial red unless explicitly approved.","whole room, complete environment, final background, camera blur, unreadable tiny detail, modern objects, extra characters, explicit sexual content, arterial red, photoreal gore","Download as GLB to art/src/backgrounds/act_i/source_models/harbormaster_office/office_desk.glb. Import into Blender only as helper geometry; final room art still comes from greybox plus paintover."
"harbormaster_office_meshy_source_model_filing_wall","R11","harbormaster_office","meshy_source_model","filing wall","Meshy","pending","art/src/backgrounds/act_i/source_models/harbormaster_office/filing_wall.glb","","Create a single reusable 3D source prop for Harbormaster's Office on Isla Mordida: filing wall. Fixed-camera point-and-click adventure source asset, stylized 1740s occult harbor noir, strong silhouette, simple readable geometry, usable as Blender blockout/paintover reference, neutral grey material groups, no scene floor, no full room, no characters, no text labels. limited ink-and-wash noir palette: bone paper white #E4DCC8, wet black #0C1013, harbor slate #2A3A40, absinthe green #7D9B4E only for wrong light, whale-oil amber #C98A3C only for warmth, no arterial red unless explicitly approved.","whole room, complete environment, final background, camera blur, unreadable tiny detail, modern objects, extra characters, explicit sexual content, arterial red, photoreal gore","Download as GLB to art/src/backgrounds/act_i/source_models/harbormaster_office/filing_wall.glb. Import into Blender only as helper geometry; final room art still comes from greybox plus paintover."
"harbormaster_office_meshy_source_model_checklist_board","R11","harbormaster_office","meshy_source_model","checklist board","Meshy","pending","art/src/backgrounds/act_i/source_models/harbormaster_office/checklist_board.glb","","Create a single reusable 3D source prop for Harbormaster's Office on Isla Mordida: checklist board. Fixed-camera point-and-click adventure source asset, stylized 1740s occult harbor noir, strong silhouette, simple readable geometry, usable as Blender blockout/paintover reference, neutral grey material groups, no scene floor, no full room, no characters, no text labels. limited ink-and-wash noir palette: bone paper white #E4DCC8, wet black #0C1013, harbor slate #2A3A40, absinthe green #7D9B4E only for wrong light, whale-oil amber #C98A3C only for warmth, no arterial red unless explicitly approved.","whole room, complete environment, final background, camera blur, unreadable tiny detail, modern objects, extra characters, explicit sexual content, arterial red, photoreal gore","Download as GLB to art/src/backgrounds/act_i/source_models/harbormaster_office/checklist_board.glb. Import into Blender only as helper geometry; final room art still comes from greybox plus paintover."
"harbormaster_office_meshy_source_model_frosted_glass_door","R11","harbormaster_office","meshy_source_model","frosted glass door","Meshy","pending","art/src/backgrounds/act_i/source_models/harbormaster_office/frosted_glass_door.glb","","Create a single reusable 3D source prop for Harbormaster's Office on Isla Mordida: frosted glass door. Fixed-camera point-and-click adventure source asset, stylized 1740s occult harbor noir, strong silhouette, simple readable geometry, usable as Blender blockout/paintover reference, neutral grey material groups, no scene floor, no full room, no characters, no text labels. limited ink-and-wash noir palette: bone paper white #E4DCC8, wet black #0C1013, harbor slate #2A3A40, absinthe green #7D9B4E only for wrong light, whale-oil amber #C98A3C only for warmth, no arterial red unless explicitly approved.","whole room, complete environment, final background, camera blur, unreadable tiny detail, modern objects, extra characters, explicit sexual content, arterial red, photoreal gore","Download as GLB to art/src/backgrounds/act_i/source_models/harbormaster_office/frosted_glass_door.glb. Import into Blender only as helper geometry; final room art still comes from greybox plus paintover."
"harbormaster_office_generated_reference_grime_texture","R11","harbormaster_office","generated_reference","grime texture","imagegen","pending","docs/art/reference/act_i/harbormaster_office/grime_texture.png","","Reference image only for Harbormaster's Office on Isla Mordida: grime texture. Produce a mood/texture/silhouette reference board for an ink-and-wash noir point-and-click background. Keep it non-final and non-layout-authoritative. Emphasize material, edge breakup, lighting feel, and palette-safe dressing ideas. limited ink-and-wash noir palette: bone paper white #E4DCC8, wet black #0C1013, harbor slate #2A3A40, absinthe green #7D9B4E only for wrong light, whale-oil amber #C98A3C only for warmth, no arterial red unless explicitly approved.","finished game background, full room plate, new hotspot layout, text UI, readable signage that must become canon, explicit sexual content, arterial red, photorealism","Save reference image to docs/art/reference/act_i/harbormaster_office/grime_texture.png. Use only as paintover reference; do not import directly as a final background plate."
"harbormaster_office_generated_reference_ink_wash_edge_breakup","R11","harbormaster_office","generated_reference","ink-wash edge breakup","imagegen","pending","docs/art/reference/act_i/harbormaster_office/ink_wash_edge_breakup.png","","Reference image only for Harbormaster's Office on Isla Mordida: ink-wash edge breakup. Produce a mood/texture/silhouette reference board for an ink-and-wash noir point-and-click background. Keep it non-final and non-layout-authoritative. Emphasize material, edge breakup, lighting feel, and palette-safe dressing ideas. limited ink-and-wash noir palette: bone paper white #E4DCC8, wet black #0C1013, harbor slate #2A3A40, absinthe green #7D9B4E only for wrong light, whale-oil amber #C98A3C only for warmth, no arterial red unless explicitly approved.","finished game background, full room plate, new hotspot layout, text UI, readable signage that must become canon, explicit sexual content, arterial red, photorealism","Save reference image to docs/art/reference/act_i/harbormaster_office/ink_wash_edge_breakup.png. Use only as paintover reference; do not import directly as a final background plate."
"harbormaster_office_generated_reference_palette_safe_mood_reference","R11","harbormaster_office","generated_reference","palette-safe mood reference","imagegen","pending","docs/art/reference/act_i/harbormaster_office/palette_safe_mood_reference.png","","Reference image only for Harbormaster's Office on Isla Mordida: palette-safe mood reference. Produce a mood/texture/silhouette reference board for an ink-and-wash noir point-and-click background. Keep it non-final and non-layout-authoritative. Emphasize material, edge breakup, lighting feel, and palette-safe dressing ideas. limited ink-and-wash noir palette: bone paper white #E4DCC8, wet black #0C1013, harbor slate #2A3A40, absinthe green #7D9B4E only for wrong light, whale-oil amber #C98A3C only for warmth, no arterial red unless explicitly approved.","finished game background, full room plate, new hotspot layout, text UI, readable signage that must become canon, explicit sexual content, arterial red, photorealism","Save reference image to docs/art/reference/act_i/harbormaster_office/palette_safe_mood_reference.png. Use only as paintover reference; do not import directly as a final background plate."
"harbormaster_office_generated_reference_non_clickable_dressing_silhouettes","R11","harbormaster_office","generated_reference","non-clickable dressing silhouettes","imagegen","pending","docs/art/reference/act_i/harbormaster_office/non_clickable_dressing_silhouettes.png","","Reference image only for Harbormaster's Office on Isla Mordida: non-clickable dressing silhouettes. Produce a mood/texture/silhouette reference board for an ink-and-wash noir point-and-click background. Keep it non-final and non-layout-authoritative. Emphasize material, edge breakup, lighting feel, and palette-safe dressing ideas. limited ink-and-wash noir palette: bone paper white #E4DCC8, wet black #0C1013, harbor slate #2A3A40, absinthe green #7D9B4E only for wrong light, whale-oil amber #C98A3C only for warmth, no arterial red unless explicitly approved.","finished game background, full room plate, new hotspot layout, text UI, readable signage that must become canon, explicit sexual content, arterial red, photorealism","Save reference image to docs/art/reference/act_i/harbormaster_office/non_clickable_dressing_silhouettes.png. Use only as paintover reference; do not import directly as a final background plate."
"harbormaster_office_interactive_layer_checklist_clerk","R11","harbormaster_office","interactive_layer","Checklist clerk","paintover","pending","art/src/backgrounds/act_i/interactive_layers/harbormaster_office/checklistclerk.psd","game/rooms/harbormaster_office/props/checklistclerk.png","Paint a separate interactive layer for Harbormaster's Office on Isla Mordida: Checklist clerk, centered near 960, 700. It must read at 1920x1080, align to the existing hotspot, and remain separable from the baked background because roles [blocked_feedback, gated] touch game logic. Transparent background, clean silhouette, palette-audited, no coordinate drift. limited ink-and-wash noir palette: bone paper white #E4DCC8, wet black #0C1013, harbor slate #2A3A40, absinthe green #7D9B4E only for wrong light, whale-oil amber #C98A3C only for warmth, no arterial red unless explicitly approved.","merged into background only, moved hotspot center, decorative ambiguity, extra interactable-looking clutter, explicit sexual content, arterial red without approval","Source stays at art/src/backgrounds/act_i/interactive_layers/harbormaster_office/checklistclerk.psd; runtime export target is game/rooms/harbormaster_office/props/checklistclerk.png. Keep Godot hotspot metadata authoritative."
"harbormaster_office_navigation_silhouette_sabine","R11","harbormaster_office","navigation_silhouette","Sabine","paintover","pending","art/src/backgrounds/act_i/navigation_silhouettes/harbormaster_office/tosabine.psd","game/rooms/harbormaster_office/background/harbormaster_office_bg.png","Paint navigation readability for Harbormaster's Office on Isla Mordida exit: Sabine, near 1700, 730. Preserve existing Godot exit metadata and make the destination silhouette legible without adding a separate puzzle object. Integrate into the room paintover and keep walk-band readability intact. limited ink-and-wash noir palette: bone paper white #E4DCC8, wet black #0C1013, harbor slate #2A3A40, absinthe green #7D9B4E only for wrong light, whale-oil amber #C98A3C only for warmth, no arterial red unless explicitly approved.","new route, moved exit, blocked walk band, clickable-looking non-exit clutter, full generated background, explicit sexual content","Paintover source note at art/src/backgrounds/act_i/navigation_silhouettes/harbormaster_office/tosabine.psd; final visibility is in game/rooms/harbormaster_office/background/harbormaster_office_bg.png. Regenerate hotspot map if coordinates change."
"harbormaster_office_navigation_silhouette_grey_float","R11","harbormaster_office","navigation_silhouette","Grey Float","paintover","pending","art/src/backgrounds/act_i/navigation_silhouettes/harbormaster_office/togreyfloat.psd","game/rooms/harbormaster_office/background/harbormaster_office_bg.png","Paint navigation readability for Harbormaster's Office on Isla Mordida exit: Grey Float, near 180, 740. Preserve existing Godot exit metadata and make the destination silhouette legible without adding a separate puzzle object. Integrate into the room paintover and keep walk-band readability intact. limited ink-and-wash noir palette: bone paper white #E4DCC8, wet black #0C1013, harbor slate #2A3A40, absinthe green #7D9B4E only for wrong light, whale-oil amber #C98A3C only for warmth, no arterial red unless explicitly approved.","new route, moved exit, blocked walk band, clickable-looking non-exit clutter, full generated background, explicit sexual content","Paintover source note at art/src/backgrounds/act_i/navigation_silhouettes/harbormaster_office/togreyfloat.psd; final visibility is in game/rooms/harbormaster_office/background/harbormaster_office_bg.png. Regenerate hotspot map if coordinates change."
"sabine_office_meshy_source_model_sabine_desk","R12","sabine_office","meshy_source_model","Sabine desk","Meshy","pending","art/src/backgrounds/act_i/source_models/sabine_office/sabine_desk.glb","","Create a single reusable 3D source prop for Sabine's Office on Isla Mordida: Sabine desk. Fixed-camera point-and-click adventure source asset, stylized 1740s occult harbor noir, strong silhouette, simple readable geometry, usable as Blender blockout/paintover reference, neutral grey material groups, no scene floor, no full room, no characters, no text labels. limited ink-and-wash noir palette: bone paper white #E4DCC8, wet black #0C1013, harbor slate #2A3A40, absinthe green #7D9B4E only for wrong light, whale-oil amber #C98A3C only for warmth, no arterial red unless explicitly approved.","whole room, complete environment, final background, camera blur, unreadable tiny detail, modern objects, extra characters, explicit sexual content, arterial red, photoreal gore","Download as GLB to art/src/backgrounds/act_i/source_models/sabine_office/sabine_desk.glb. Import into Blender only as helper geometry; final room art still comes from greybox plus paintover."
"sabine_office_meshy_source_model_window_frame","R12","sabine_office","meshy_source_model","window frame","Meshy","pending","art/src/backgrounds/act_i/source_models/sabine_office/window_frame.glb","","Create a single reusable 3D source prop for Sabine's Office on Isla Mordida: window frame. Fixed-camera point-and-click adventure source asset, stylized 1740s occult harbor noir, strong silhouette, simple readable geometry, usable as Blender blockout/paintover reference, neutral grey material groups, no scene floor, no full room, no characters, no text labels. limited ink-and-wash noir palette: bone paper white #E4DCC8, wet black #0C1013, harbor slate #2A3A40, absinthe green #7D9B4E only for wrong light, whale-oil amber #C98A3C only for warmth, no arterial red unless explicitly approved.","whole room, complete environment, final background, camera blur, unreadable tiny detail, modern objects, extra characters, explicit sexual content, arterial red, photoreal gore","Download as GLB to art/src/backgrounds/act_i/source_models/sabine_office/window_frame.glb. Import into Blender only as helper geometry; final room art still comes from greybox plus paintover."
"sabine_office_meshy_source_model_persian_rug_plane","R12","sabine_office","meshy_source_model","Persian rug plane","Meshy","pending","art/src/backgrounds/act_i/source_models/sabine_office/persian_rug_plane.glb","","Create a single reusable 3D source prop for Sabine's Office on Isla Mordida: Persian rug plane. Fixed-camera point-and-click adventure source asset, stylized 1740s occult harbor noir, strong silhouette, simple readable geometry, usable as Blender blockout/paintover reference, neutral grey material groups, no scene floor, no full room, no characters, no text labels. limited ink-and-wash noir palette: bone paper white #E4DCC8, wet black #0C1013, harbor slate #2A3A40, absinthe green #7D9B4E only for wrong light, whale-oil amber #C98A3C only for warmth, no arterial red unless explicitly approved.","whole room, complete environment, final background, camera blur, unreadable tiny detail, modern objects, extra characters, explicit sexual content, arterial red, photoreal gore","Download as GLB to art/src/backgrounds/act_i/source_models/sabine_office/persian_rug_plane.glb. Import into Blender only as helper geometry; final room art still comes from greybox plus paintover."
"sabine_office_meshy_source_model_wrist_check_staging_chair","R12","sabine_office","meshy_source_model","wrist-check staging chair","Meshy","pending","art/src/backgrounds/act_i/source_models/sabine_office/wrist_check_staging_chair.glb","","Create a single reusable 3D source prop for Sabine's Office on Isla Mordida: wrist-check staging chair. Fixed-camera point-and-click adventure source asset, stylized 1740s occult harbor noir, strong silhouette, simple readable geometry, usable as Blender blockout/paintover reference, neutral grey material groups, no scene floor, no full room, no characters, no text labels. limited ink-and-wash noir palette: bone paper white #E4DCC8, wet black #0C1013, harbor slate #2A3A40, absinthe green #7D9B4E only for wrong light, whale-oil amber #C98A3C only for warmth, no arterial red unless explicitly approved.","whole room, complete environment, final background, camera blur, unreadable tiny detail, modern objects, extra characters, explicit sexual content, arterial red, photoreal gore","Download as GLB to art/src/backgrounds/act_i/source_models/sabine_office/wrist_check_staging_chair.glb. Import into Blender only as helper geometry; final room art still comes from greybox plus paintover."
"sabine_office_generated_reference_grime_texture","R12","sabine_office","generated_reference","grime texture","imagegen","pending","docs/art/reference/act_i/sabine_office/grime_texture.png","","Reference image only for Sabine's Office on Isla Mordida: grime texture. Produce a mood/texture/silhouette reference board for an ink-and-wash noir point-and-click background. Keep it non-final and non-layout-authoritative. Emphasize material, edge breakup, lighting feel, and palette-safe dressing ideas. limited ink-and-wash noir palette: bone paper white #E4DCC8, wet black #0C1013, harbor slate #2A3A40, absinthe green #7D9B4E only for wrong light, whale-oil amber #C98A3C only for warmth, no arterial red unless explicitly approved.","finished game background, full room plate, new hotspot layout, text UI, readable signage that must become canon, explicit sexual content, arterial red, photorealism","Save reference image to docs/art/reference/act_i/sabine_office/grime_texture.png. Use only as paintover reference; do not import directly as a final background plate."
"sabine_office_generated_reference_ink_wash_edge_breakup","R12","sabine_office","generated_reference","ink-wash edge breakup","imagegen","pending","docs/art/reference/act_i/sabine_office/ink_wash_edge_breakup.png","","Reference image only for Sabine's Office on Isla Mordida: ink-wash edge breakup. Produce a mood/texture/silhouette reference board for an ink-and-wash noir point-and-click background. Keep it non-final and non-layout-authoritative. Emphasize material, edge breakup, lighting feel, and palette-safe dressing ideas. limited ink-and-wash noir palette: bone paper white #E4DCC8, wet black #0C1013, harbor slate #2A3A40, absinthe green #7D9B4E only for wrong light, whale-oil amber #C98A3C only for warmth, no arterial red unless explicitly approved.","finished game background, full room plate, new hotspot layout, text UI, readable signage that must become canon, explicit sexual content, arterial red, photorealism","Save reference image to docs/art/reference/act_i/sabine_office/ink_wash_edge_breakup.png. Use only as paintover reference; do not import directly as a final background plate."
"sabine_office_generated_reference_palette_safe_mood_reference","R12","sabine_office","generated_reference","palette-safe mood reference","imagegen","pending","docs/art/reference/act_i/sabine_office/palette_safe_mood_reference.png","","Reference image only for Sabine's Office on Isla Mordida: palette-safe mood reference. Produce a mood/texture/silhouette reference board for an ink-and-wash noir point-and-click background. Keep it non-final and non-layout-authoritative. Emphasize material, edge breakup, lighting feel, and palette-safe dressing ideas. limited ink-and-wash noir palette: bone paper white #E4DCC8, wet black #0C1013, harbor slate #2A3A40, absinthe green #7D9B4E only for wrong light, whale-oil amber #C98A3C only for warmth, no arterial red unless explicitly approved.","finished game background, full room plate, new hotspot layout, text UI, readable signage that must become canon, explicit sexual content, arterial red, photorealism","Save reference image to docs/art/reference/act_i/sabine_office/palette_safe_mood_reference.png. Use only as paintover reference; do not import directly as a final background plate."
"sabine_office_generated_reference_non_clickable_dressing_silhouettes","R12","sabine_office","generated_reference","non-clickable dressing silhouettes","imagegen","pending","docs/art/reference/act_i/sabine_office/non_clickable_dressing_silhouettes.png","","Reference image only for Sabine's Office on Isla Mordida: non-clickable dressing silhouettes. Produce a mood/texture/silhouette reference board for an ink-and-wash noir point-and-click background. Keep it non-final and non-layout-authoritative. Emphasize material, edge breakup, lighting feel, and palette-safe dressing ideas. limited ink-and-wash noir palette: bone paper white #E4DCC8, wet black #0C1013, harbor slate #2A3A40, absinthe green #7D9B4E only for wrong light, whale-oil amber #C98A3C only for warmth, no arterial red unless explicitly approved.","finished game background, full room plate, new hotspot layout, text UI, readable signage that must become canon, explicit sexual content, arterial red, photorealism","Save reference image to docs/art/reference/act_i/sabine_office/non_clickable_dressing_silhouettes.png. Use only as paintover reference; do not import directly as a final background plate."
"sabine_office_interactive_layer_sabine_s_desk","R12","sabine_office","interactive_layer","Sabine's desk","paintover","pending","art/src/backgrounds/act_i/interactive_layers/sabine_office/sabinedesk.psd","game/rooms/sabine_office/props/sabinedesk.png","Paint a separate interactive layer for Sabine's Office on Isla Mordida: Sabine's desk, centered near 960, 690. It must read at 1920x1080, align to the existing hotspot, and remain separable from the baked background because roles [gated] touch game logic. Transparent background, clean silhouette, palette-audited, no coordinate drift. limited ink-and-wash noir palette: bone paper white #E4DCC8, wet black #0C1013, harbor slate #2A3A40, absinthe green #7D9B4E only for wrong light, whale-oil amber #C98A3C only for warmth, no arterial red unless explicitly approved.","merged into background only, moved hotspot center, decorative ambiguity, extra interactable-looking clutter, explicit sexual content, arterial red without approval","Source stays at art/src/backgrounds/act_i/interactive_layers/sabine_office/sabinedesk.psd; runtime export target is game/rooms/sabine_office/props/sabinedesk.png. Keep Godot hotspot metadata authoritative."
"sabine_office_navigation_silhouette_harbormaster","R12","sabine_office","navigation_silhouette","Harbormaster","paintover","pending","art/src/backgrounds/act_i/navigation_silhouettes/sabine_office/toharbormaster.psd","game/rooms/sabine_office/background/sabine_office_bg.png","Paint navigation readability for Sabine's Office on Isla Mordida exit: Harbormaster, near 180, 740. Preserve existing Godot exit metadata and make the destination silhouette legible without adding a separate puzzle object. Integrate into the room paintover and keep walk-band readability intact. limited ink-and-wash noir palette: bone paper white #E4DCC8, wet black #0C1013, harbor slate #2A3A40, absinthe green #7D9B4E only for wrong light, whale-oil amber #C98A3C only for warmth, no arterial red unless explicitly approved.","new route, moved exit, blocked walk band, clickable-looking non-exit clutter, full generated background, explicit sexual content","Paintover source note at art/src/backgrounds/act_i/navigation_silhouettes/sabine_office/toharbormaster.psd; final visibility is in game/rooms/sabine_office/background/sabine_office_bg.png. Regenerate hotspot map if coordinates change."
