"line_id","act","source_file","line_number","source_ref","knot","location","speaker","character","text","word_count","recording_scope","cast_status","scratch_voice","scratch_voice_id","audio_path","recording_status"
"vo_act_i_0001","Act I","ink/prologue.ink","12","ink/prologue.ink:12","mudflats_wake","","CORVIN","Corvin Vale","The tide comes in twice a day at Mordida. Once with the fish. Once with everybody else.","17","vo_line","scratch_cast","Callum","N2lVS1w4EtoT3dr4eOWO","vo/act_i/unlocated/mudflats_wake_001_corvin.mp3","unrecorded"
"vo_act_i_0002","Act I","ink/prologue.ink","14","ink/prologue.ink:14","mudflats_wake","","CORVIN","Corvin Vale","Huh.","1","vo_line","scratch_cast","Callum","N2lVS1w4EtoT3dr4eOWO","vo/act_i/unlocated/mudflats_wake_002_corvin.mp3","unrecorded"
"vo_act_i_0003","Act I","ink/prologue.ink","16","ink/prologue.ink:16","mudflats_wake","","CORVIN","Corvin Vale","That's a Tuesday.","3","vo_line","scratch_cast","Callum","N2lVS1w4EtoT3dr4eOWO","vo/act_i/unlocated/mudflats_wake_003_corvin.mp3","unrecorded"
"vo_act_i_0004","Act I","ink/prologue.ink","22","ink/prologue.ink:22","mudflats_silt","mudflats","CORVIN","Corvin Vale","Mordida mud.","2","vo_line","scratch_cast","Callum","N2lVS1w4EtoT3dr4eOWO","vo/act_i/mudflats/mudflats_silt_004_corvin.mp3","unrecorded"
"vo_act_i_0005","Act I","ink/prologue.ink","24","ink/prologue.ink:24","mudflats_silt","mudflats","CORVIN","Corvin Vale","Half of it's mud. The other half is evidence with poor boundaries.","12","vo_line","scratch_cast","Callum","N2lVS1w4EtoT3dr4eOWO","vo/act_i/mudflats/mudflats_silt_005_corvin.mp3","unrecorded"
"vo_act_i_0006","Act I","ink/prologue.ink","26","ink/prologue.ink:26","mudflats_silt","mudflats","CORVIN","Corvin Vale","I've been in it. I'm not going back in it.","10","vo_line","scratch_cast","Callum","N2lVS1w4EtoT3dr4eOWO","vo/act_i/mudflats/mudflats_silt_006_corvin.mp3","unrecorded"
"vo_act_i_0007","Act I","ink/prologue.ink","32","ink/prologue.ink:32","mudflats_hands","mudflats","CORVIN","Corvin Vale","Grey at the nails.","4","vo_line","scratch_cast","Callum","N2lVS1w4EtoT3dr4eOWO","vo/act_i/mudflats/mudflats_hands_007_corvin.mp3","unrecorded"
"vo_act_i_0008","Act I","ink/prologue.ink","34","ink/prologue.ink:34","mudflats_hands","mudflats","CORVIN","Corvin Vale","That's new.","2","vo_line","scratch_cast","Callum","N2lVS1w4EtoT3dr4eOWO","vo/act_i/mudflats/mudflats_hands_008_corvin.mp3","unrecorded"
"vo_act_i_0009","Act I","ink/prologue.ink","36","ink/prologue.ink:36","mudflats_hands","mudflats","CORVIN","Corvin Vale","Everything else looks like mine, which is somehow worse.","9","vo_line","scratch_cast","Callum","N2lVS1w4EtoT3dr4eOWO","vo/act_i/mudflats/mudflats_hands_009_corvin.mp3","unrecorded"
"vo_act_i_0010","Act I","ink/prologue.ink","38","ink/prologue.ink:38","mudflats_hands","mudflats","CORVIN","Corvin Vale","Not yet. Give it six days.","6","vo_line","scratch_cast","Callum","N2lVS1w4EtoT3dr4eOWO","vo/act_i/mudflats/mudflats_hands_010_corvin.mp3","unrecorded"
"vo_act_i_0011","Act I","ink/prologue.ink","44","ink/prologue.ink:44","mudflats_harbor_view","mudflats","CORVIN","Corvin Vale","The ribs.","2","vo_line","scratch_cast","Callum","N2lVS1w4EtoT3dr4eOWO","vo/act_i/mudflats/mudflats_harbor_view_011_corvin.mp3","unrecorded"
"vo_act_i_0012","Act I","ink/prologue.ink","46","ink/prologue.ink:46","mudflats_harbor_view","mudflats","CORVIN","Corvin Vale","Whole town's built through a dead thing's chest and nobody finds that remarkable but me.","15","vo_line","scratch_cast","Callum","N2lVS1w4EtoT3dr4eOWO","vo/act_i/mudflats/mudflats_harbor_view_012_corvin.mp3","unrecorded"
"vo_act_i_0013","Act I","ink/prologue.ink","48","ink/prologue.ink:48","mudflats_harbor_view","mudflats","CORVIN","Corvin Vale","I've talked at that harbor my whole life and it's never once answered.","13","vo_line","scratch_cast","Callum","N2lVS1w4EtoT3dr4eOWO","vo/act_i/mudflats/mudflats_harbor_view_013_corvin.mp3","unrecorded"
"vo_act_i_0014","Act I","ink/prologue.ink","54","ink/prologue.ink:54","mudflats_coat_wet","mudflats","CORVIN","Corvin Vale","Wool.","1","vo_line","scratch_cast","Callum","N2lVS1w4EtoT3dr4eOWO","vo/act_i/mudflats/mudflats_coat_wet_014_corvin.mp3","unrecorded"
"vo_act_i_0015","Act I","ink/prologue.ink","56","ink/prologue.ink:56","mudflats_coat_wet","mudflats","CORVIN","Corvin Vale","Was expensive.","2","vo_line","scratch_cast","Callum","N2lVS1w4EtoT3dr4eOWO","vo/act_i/mudflats/mudflats_coat_wet_015_corvin.mp3","unrecorded"
"vo_act_i_0016","Act I","ink/prologue.ink","58","ink/prologue.ink:58","mudflats_coat_wet","mudflats","CORVIN","Corvin Vale","Is now a sponge with buttons.","6","vo_line","scratch_cast","Callum","N2lVS1w4EtoT3dr4eOWO","vo/act_i/mudflats/mudflats_coat_wet_016_corvin.mp3","unrecorded"
"vo_act_i_0017","Act I","ink/prologue.ink","60","ink/prologue.ink:60","mudflats_coat_wet","mudflats","NARRATION","Narration","He wrings one sleeve. A puddle forms and stays formed.","10","stage_direction_review","not_cast_stage_direction","","","vo/act_i/mudflats/mudflats_coat_wet_017_narration.mp3","unrecorded"
"vo_act_i_0018","Act I","ink/prologue.ink","62","ink/prologue.ink:62","mudflats_coat_wet","mudflats","CORVIN","Corvin Vale","It's a coat, and I'm not that far gone. Yet.","10","vo_line","scratch_cast","Callum","N2lVS1w4EtoT3dr4eOWO","vo/act_i/mudflats/mudflats_coat_wet_018_corvin.mp3","unrecorded"
"vo_act_i_0019","Act I","ink/prologue.ink","68","ink/prologue.ink:68","old_quay_tomas","old_quay","TOMAS","Tomas","Corvin?","1","vo_line","scratch_cast","Roger","CwhRBWXzGAHq8TQ4Fs17","vo/act_i/old_quay/old_quay_tomas_019_tomas.mp3","unrecorded"
"vo_act_i_0020","Act I","ink/prologue.ink","70","ink/prologue.ink:70","old_quay_tomas","old_quay","NARRATION","Narration","Corvin keeps walking. Stops. Comes back.","6","stage_direction_review","not_cast_stage_direction","","","vo/act_i/old_quay/old_quay_tomas_020_narration.mp3","unrecorded"
"vo_act_i_0021","Act I","ink/prologue.ink","72","ink/prologue.ink:72","old_quay_tomas","old_quay","TOMAS","Tomas","Corvin Vale.","2","vo_line","scratch_cast","Roger","CwhRBWXzGAHq8TQ4Fs17","vo/act_i/old_quay/old_quay_tomas_021_tomas.mp3","unrecorded"
"vo_act_i_0022","Act I","ink/prologue.ink","74","ink/prologue.ink:74","old_quay_tomas","old_quay","CORVIN","Corvin Vale","...Tomas?","1","vo_line","scratch_cast","Callum","N2lVS1w4EtoT3dr4eOWO","vo/act_i/old_quay/old_quay_tomas_022_corvin.mp3","unrecorded"
"vo_act_i_0023","Act I","ink/prologue.ink","76","ink/prologue.ink:76","old_quay_tomas","old_quay","TOMAS","Tomas","Oh, thank Christ. I've been trying to get someone's attention for two years and everyone just ties a rope to me.","21","vo_line","scratch_cast","Roger","CwhRBWXzGAHq8TQ4Fs17","vo/act_i/old_quay/old_quay_tomas_023_tomas.mp3","unrecorded"
"vo_act_i_0024","Act I","ink/prologue.ink","78","ink/prologue.ink:78","old_quay_tomas","old_quay","CORVIN","Corvin Vale","Tomas, you're a bollard.","4","vo_line","scratch_cast","Callum","N2lVS1w4EtoT3dr4eOWO","vo/act_i/old_quay/old_quay_tomas_024_corvin.mp3","unrecorded"
"vo_act_i_0025","Act I","ink/prologue.ink","80","ink/prologue.ink:80","old_quay_tomas","old_quay","TOMAS","Tomas","I'm aware.","2","vo_line","scratch_cast","Roger","CwhRBWXzGAHq8TQ4Fs17","vo/act_i/old_quay/old_quay_tomas_025_tomas.mp3","unrecorded"
"vo_act_i_0026","Act I","ink/prologue.ink","82","ink/prologue.ink:82","old_quay_tomas","old_quay","CORVIN","Corvin Vale","You're a bollard, Tomas.","4","vo_line","scratch_cast","Callum","N2lVS1w4EtoT3dr4eOWO","vo/act_i/old_quay/old_quay_tomas_026_corvin.mp3","unrecorded"
"vo_act_i_0027","Act I","ink/prologue.ink","84","ink/prologue.ink:84","old_quay_tomas","old_quay","TOMAS","Tomas","Yes, and you're standing in mud with no shoes on, so let's both take a moment before we start ranking each other.","22","vo_line","scratch_cast","Roger","CwhRBWXzGAHq8TQ4Fs17","vo/act_i/old_quay/old_quay_tomas_027_tomas.mp3","unrecorded"
"vo_act_i_0028","Act I","ink/prologue.ink","86","ink/prologue.ink:86","old_quay_tomas","old_quay","NARRATION","Narration","Corvin crouches to eye level. There are eyes. Sort of.","10","stage_direction_review","not_cast_stage_direction","","","vo/act_i/old_quay/old_quay_tomas_028_narration.mp3","unrecorded"
"vo_act_i_0029","Act I","ink/prologue.ink","88","ink/prologue.ink:88","old_quay_tomas","old_quay","CORVIN","Corvin Vale","How long?","2","vo_line","scratch_cast","Callum","N2lVS1w4EtoT3dr4eOWO","vo/act_i/old_quay/old_quay_tomas_029_corvin.mp3","unrecorded"
"vo_act_i_0030","Act I","ink/prologue.ink","90","ink/prologue.ink:90","old_quay_tomas","old_quay","TOMAS","Tomas","Two years, give or take. Ran out of days and the salt got the rest.","15","vo_line","scratch_cast","Roger","CwhRBWXzGAHq8TQ4Fs17","vo/act_i/old_quay/old_quay_tomas_030_tomas.mp3","unrecorded"
"vo_act_i_0031","Act I","ink/prologue.ink","92","ink/prologue.ink:92","old_quay_tomas","old_quay","TOMAS","Tomas","It's not so bad. You'd be amazed what people say in front of a mooring post.","16","vo_line","scratch_cast","Roger","CwhRBWXzGAHq8TQ4Fs17","vo/act_i/old_quay/old_quay_tomas_031_tomas.mp3","unrecorded"
"vo_act_i_0032","Act I","ink/prologue.ink","94","ink/prologue.ink:94","old_quay_tomas","old_quay","CORVIN","Corvin Vale","Ran out of days.","4","vo_line","scratch_cast","Callum","N2lVS1w4EtoT3dr4eOWO","vo/act_i/old_quay/old_quay_tomas_032_corvin.mp3","unrecorded"
"vo_act_i_0033","Act I","ink/prologue.ink","96","ink/prologue.ink:96","old_quay_tomas","old_quay","TOMAS","Tomas","Corvin. When did you get out of the water?","9","vo_line","scratch_cast","Roger","CwhRBWXzGAHq8TQ4Fs17","vo/act_i/old_quay/old_quay_tomas_033_tomas.mp3","unrecorded"
"vo_act_i_0034","Act I","ink/prologue.ink","98","ink/prologue.ink:98","old_quay_tomas","old_quay","CORVIN","Corvin Vale","I didn't get in the water.","6","vo_line","scratch_cast","Callum","N2lVS1w4EtoT3dr4eOWO","vo/act_i/old_quay/old_quay_tomas_034_corvin.mp3","unrecorded"
"vo_act_i_0035","Act I","ink/prologue.ink","100","ink/prologue.ink:100","old_quay_tomas","old_quay","TOMAS","Tomas","That's not what I asked.","5","vo_line","scratch_cast","Roger","CwhRBWXzGAHq8TQ4Fs17","vo/act_i/old_quay/old_quay_tomas_035_tomas.mp3","unrecorded"
"vo_act_i_0036","Act I","ink/prologue.ink","102","ink/prologue.ink:102","old_quay_tomas","old_quay","CORVIN","Corvin Vale","This morning.","2","vo_line","scratch_cast","Callum","N2lVS1w4EtoT3dr4eOWO","vo/act_i/old_quay/old_quay_tomas_036_corvin.mp3","unrecorded"
"vo_act_i_0037","Act I","ink/prologue.ink","104","ink/prologue.ink:104","old_quay_tomas","old_quay","TOMAS","Tomas","Right. Put your hand on your chest.","7","vo_line","scratch_cast","Roger","CwhRBWXzGAHq8TQ4Fs17","vo/act_i/old_quay/old_quay_tomas_037_tomas.mp3","unrecorded"
"vo_act_i_0038","Act I","ink/prologue.ink","106","ink/prologue.ink:106","old_quay_tomas","old_quay","CORVIN","Corvin Vale","Tomas-","1","vo_line","scratch_cast","Callum","N2lVS1w4EtoT3dr4eOWO","vo/act_i/old_quay/old_quay_tomas_038_corvin.mp3","unrecorded"
"vo_act_i_0039","Act I","ink/prologue.ink","108","ink/prologue.ink:108","old_quay_tomas","old_quay","TOMAS","Tomas","Put your hand on your chest, Corvin.","7","vo_line","scratch_cast","Roger","CwhRBWXzGAHq8TQ4Fs17","vo/act_i/old_quay/old_quay_tomas_039_tomas.mp3","unrecorded"
"vo_act_i_0040","Act I","ink/prologue.ink","110","ink/prologue.ink:110","old_quay_tomas","old_quay","NARRATION","Narration","He does. Waits. Moves it slightly. Waits. Takes it away and looks at it like it's the hand's fault.","19","stage_direction_review","not_cast_stage_direction","","","vo/act_i/old_quay/old_quay_tomas_040_narration.mp3","unrecorded"
"vo_act_i_0041","Act I","ink/prologue.ink","112","ink/prologue.ink:112","old_quay_tomas","old_quay","CORVIN","Corvin Vale","That's - no, that's a technique thing, you have to-","9","vo_line","scratch_cast","Callum","N2lVS1w4EtoT3dr4eOWO","vo/act_i/old_quay/old_quay_tomas_041_corvin.mp3","unrecorded"
"vo_act_i_0042","Act I","ink/prologue.ink","114","ink/prologue.ink:114","old_quay_tomas","old_quay","TOMAS","Tomas","Corvin.","1","vo_line","scratch_cast","Roger","CwhRBWXzGAHq8TQ4Fs17","vo/act_i/old_quay/old_quay_tomas_042_tomas.mp3","unrecorded"
"vo_act_i_0043","Act I","ink/prologue.ink","116","ink/prologue.ink:116","old_quay_tomas","old_quay","CORVIN","Corvin Vale","I've never been good at finding it, even when-","9","vo_line","scratch_cast","Callum","N2lVS1w4EtoT3dr4eOWO","vo/act_i/old_quay/old_quay_tomas_043_corvin.mp3","unrecorded"
"vo_act_i_0044","Act I","ink/prologue.ink","118","ink/prologue.ink:118","old_quay_tomas","old_quay","TOMAS","Tomas","Corvin.","1","vo_line","scratch_cast","Roger","CwhRBWXzGAHq8TQ4Fs17","vo/act_i/old_quay/old_quay_tomas_044_tomas.mp3","unrecorded"
"vo_act_i_0045","Act I","ink/prologue.ink","120","ink/prologue.ink:120","old_quay_tomas","old_quay","NARRATION","Narration","Water slaps the pilings.","4","stage_direction_review","not_cast_stage_direction","","","vo/act_i/old_quay/old_quay_tomas_045_narration.mp3","unrecorded"
"vo_act_i_0046","Act I","ink/prologue.ink","122","ink/prologue.ink:122","old_quay_tomas","old_quay","CORVIN","Corvin Vale","How long do I get?","5","vo_line","scratch_cast","Callum","N2lVS1w4EtoT3dr4eOWO","vo/act_i/old_quay/old_quay_tomas_046_corvin.mp3","unrecorded"
"vo_act_i_0047","Act I","ink/prologue.ink","124","ink/prologue.ink:124","old_quay_tomas","old_quay","TOMAS","Tomas","Nine days from when you went under. How many have you lost?","12","vo_line","scratch_cast","Roger","CwhRBWXzGAHq8TQ4Fs17","vo/act_i/old_quay/old_quay_tomas_047_tomas.mp3","unrecorded"
"vo_act_i_0048","Act I","ink/prologue.ink","129","ink/prologue.ink:129","old_quay_tomas","old_quay","CORVIN","Corvin Vale","I don't know.","3","vo_line","scratch_cast","Callum","N2lVS1w4EtoT3dr4eOWO","vo/act_i/old_quay/old_quay_tomas_048_corvin.mp3","unrecorded"
"vo_act_i_0049","Act I","ink/prologue.ink","131","ink/prologue.ink:131","old_quay_tomas","old_quay","TOMAS","Tomas","Then find out. That's the first thing. Everything else is second.","11","vo_line","scratch_cast","Roger","CwhRBWXzGAHq8TQ4Fs17","vo/act_i/old_quay/old_quay_tomas_049_tomas.mp3","unrecorded"
"vo_act_i_0050","Act I","ink/prologue.ink","136","ink/prologue.ink:136","old_quay_equipment","","TOMAS","Tomas","Somebody put you in there.","5","vo_line","scratch_cast","Roger","CwhRBWXzGAHq8TQ4Fs17","vo/act_i/unlocated/old_quay_equipment_050_tomas.mp3","unrecorded"
"vo_act_i_0051","Act I","ink/prologue.ink","138","ink/prologue.ink:138","old_quay_equipment","","CORVIN","Corvin Vale","I know.","2","vo_line","scratch_cast","Callum","N2lVS1w4EtoT3dr4eOWO","vo/act_i/unlocated/old_quay_equipment_051_corvin.mp3","unrecorded"
"vo_act_i_0052","Act I","ink/prologue.ink","142","ink/prologue.ink:142","old_quay_equipment","","TOMAS","Tomas","Then go find out who, while you've still got the equipment to be angry with.","15","vo_line","scratch_cast","Roger","CwhRBWXzGAHq8TQ4Fs17","vo/act_i/unlocated/old_quay_equipment_052_tomas.mp3","unrecorded"
"vo_act_i_0053","Act I","ink/prologue.ink","148","ink/prologue.ink:148","old_quay_tomas_topics","old_quay","TOMAS","Tomas","You want the honest answer or the one that helps?","10","vo_line","scratch_cast","Roger","CwhRBWXzGAHq8TQ4Fs17","vo/act_i/old_quay/old_quay_tomas_topics_053_tomas.mp3","unrecorded"
"vo_act_i_0054","Act I","ink/prologue.ink","150","ink/prologue.ink:150","old_quay_tomas_topics","old_quay","CORVIN","Corvin Vale","Honest.","1","vo_line","scratch_cast","Callum","N2lVS1w4EtoT3dr4eOWO","vo/act_i/old_quay/old_quay_tomas_topics_054_corvin.mp3","unrecorded"
"vo_act_i_0055","Act I","ink/prologue.ink","152","ink/prologue.ink:152","old_quay_tomas_topics","old_quay","TOMAS","Tomas","The memory goes first. Oldest to newest, like lamps going out down a street.","14","vo_line","scratch_cast","Roger","CwhRBWXzGAHq8TQ4Fs17","vo/act_i/old_quay/old_quay_tomas_topics_055_tomas.mp3","unrecorded"
"vo_act_i_0056","Act I","ink/prologue.ink","154","ink/prologue.ink:154","old_quay_tomas_topics","old_quay","TOMAS","Tomas","You lose your mother, then your childhood, then the last twenty years, and the last thing left is whatever happened five minutes ago.","23","vo_line","scratch_cast","Roger","CwhRBWXzGAHq8TQ4Fs17","vo/act_i/old_quay/old_quay_tomas_topics_056_tomas.mp3","unrecorded"
"vo_act_i_0057","Act I","ink/prologue.ink","156","ink/prologue.ink:156","old_quay_tomas_topics","old_quay","TOMAS","Tomas","Then you're standing very still and someone's tying a rope to you.","12","vo_line","scratch_cast","Roger","CwhRBWXzGAHq8TQ4Fs17","vo/act_i/old_quay/old_quay_tomas_topics_057_tomas.mp3","unrecorded"
"vo_act_i_0058","Act I","ink/prologue.ink","158","ink/prologue.ink:158","old_quay_tomas_topics","old_quay","CORVIN","Corvin Vale","And the one that helps?","5","vo_line","scratch_cast","Callum","N2lVS1w4EtoT3dr4eOWO","vo/act_i/old_quay/old_quay_tomas_topics_058_corvin.mp3","unrecorded"
"vo_act_i_0059","Act I","ink/prologue.ink","160","ink/prologue.ink:160","old_quay_tomas_topics","old_quay","TOMAS","Tomas","It's quick at the end.","5","vo_line","scratch_cast","Roger","CwhRBWXzGAHq8TQ4Fs17","vo/act_i/old_quay/old_quay_tomas_topics_059_tomas.mp3","unrecorded"
"vo_act_i_0060","Act I","ink/prologue.ink","162","ink/prologue.ink:162","old_quay_tomas_topics","old_quay","CORVIN","Corvin Vale","Is that true?","3","vo_line","scratch_cast","Callum","N2lVS1w4EtoT3dr4eOWO","vo/act_i/old_quay/old_quay_tomas_topics_060_corvin.mp3","unrecorded"
"vo_act_i_0061","Act I","ink/prologue.ink","164","ink/prologue.ink:164","old_quay_tomas_topics","old_quay","TOMAS","Tomas","No.","1","vo_line","scratch_cast","Roger","CwhRBWXzGAHq8TQ4Fs17","vo/act_i/old_quay/old_quay_tomas_topics_061_tomas.mp3","unrecorded"
"vo_act_i_0062","Act I","ink/prologue.ink","166","ink/prologue.ink:166","old_quay_tomas_topics","old_quay","TOMAS","Tomas","Nobody drowns in Mordida harbor by accident. It's four feet deep at the quay and you could swim before you could read.","22","vo_line","scratch_cast","Roger","CwhRBWXzGAHq8TQ4Fs17","vo/act_i/old_quay/old_quay_tomas_topics_062_tomas.mp3","unrecorded"
"vo_act_i_0063","Act I","ink/prologue.ink","168","ink/prologue.ink:168","old_quay_tomas_topics","old_quay","CORVIN","Corvin Vale","I know.","2","vo_line","scratch_cast","Callum","N2lVS1w4EtoT3dr4eOWO","vo/act_i/old_quay/old_quay_tomas_topics_063_corvin.mp3","unrecorded"
"vo_act_i_0064","Act I","ink/prologue.ink","170","ink/prologue.ink:170","old_quay_tomas_topics","old_quay","TOMAS","Tomas","Then go find out who, while you've still got the equipment to be angry with.","15","vo_line","scratch_cast","Roger","CwhRBWXzGAHq8TQ4Fs17","vo/act_i/old_quay/old_quay_tomas_topics_064_tomas.mp3","unrecorded"
"vo_act_i_0065","Act I","ink/prologue.ink","172","ink/prologue.ink:172","old_quay_tomas_topics","old_quay","CORVIN","Corvin Vale","How do I get back on the roll?","8","vo_line","scratch_cast","Callum","N2lVS1w4EtoT3dr4eOWO","vo/act_i/old_quay/old_quay_tomas_topics_065_corvin.mp3","unrecorded"
"vo_act_i_0066","Act I","ink/prologue.ink","174","ink/prologue.ink:174","old_quay_tomas_topics","old_quay","TOMAS","Tomas","The Registry. Old woman runs it, no name, just the job.","11","vo_line","scratch_cast","Roger","CwhRBWXzGAHq8TQ4Fs17","vo/act_i/old_quay/old_quay_tomas_topics_066_tomas.mp3","unrecorded"
"vo_act_i_0067","Act I","ink/prologue.ink","176","ink/prologue.ink:176","old_quay_tomas_topics","old_quay","TOMAS","Tomas","She won't do it as a favour. She's never done anything as a favour in her life. You'll have to duel her for it.","24","vo_line","scratch_cast","Roger","CwhRBWXzGAHq8TQ4Fs17","vo/act_i/old_quay/old_quay_tomas_topics_067_tomas.mp3","unrecorded"
"vo_act_i_0068","Act I","ink/prologue.ink","178","ink/prologue.ink:178","old_quay_tomas_topics","old_quay","CORVIN","Corvin Vale","With what?","2","vo_line","scratch_cast","Callum","N2lVS1w4EtoT3dr4eOWO","vo/act_i/old_quay/old_quay_tomas_topics_068_corvin.mp3","unrecorded"
"vo_act_i_0069","Act I","ink/prologue.ink","180","ink/prologue.ink:180","old_quay_tomas_topics","old_quay","TOMAS","Tomas","With what you've done. Same as everyone.","7","vo_line","scratch_cast","Roger","CwhRBWXzGAHq8TQ4Fs17","vo/act_i/old_quay/old_quay_tomas_topics_069_tomas.mp3","unrecorded"
"vo_act_i_0070","Act I","ink/prologue.ink","182","ink/prologue.ink:182","old_quay_tomas_topics","old_quay","CORVIN","Corvin Vale","I need someone to forgive me a debt.","8","vo_line","scratch_cast","Callum","N2lVS1w4EtoT3dr4eOWO","vo/act_i/old_quay/old_quay_tomas_topics_070_corvin.mp3","unrecorded"
"vo_act_i_0071","Act I","ink/prologue.ink","184","ink/prologue.ink:184","old_quay_tomas_topics","old_quay","TOMAS","Tomas","Nobody on this island will forgive you anything. You're a notary.","11","vo_line","scratch_cast","Roger","CwhRBWXzGAHq8TQ4Fs17","vo/act_i/old_quay/old_quay_tomas_topics_071_tomas.mp3","unrecorded"
"vo_act_i_0072","Act I","ink/prologue.ink","186","ink/prologue.ink:186","old_quay_tomas_topics","old_quay","TOMAS","Tomas","Unless. Half-Coin Prosper's in the almshouse with the rot. He meets everyone fresh every morning.","16","vo_line","scratch_cast","Roger","CwhRBWXzGAHq8TQ4Fs17","vo/act_i/old_quay/old_quay_tomas_topics_072_tomas.mp3","unrecorded"
"vo_act_i_0073","Act I","ink/prologue.ink","188","ink/prologue.ink:188","old_quay_tomas_topics","old_quay","CORVIN","Corvin Vale","He'd still have to have a reason.","7","vo_line","scratch_cast","Callum","N2lVS1w4EtoT3dr4eOWO","vo/act_i/old_quay/old_quay_tomas_topics_073_corvin.mp3","unrecorded"
"vo_act_i_0074","Act I","ink/prologue.ink","190","ink/prologue.ink:190","old_quay_tomas_topics","old_quay","TOMAS","Tomas","So give him one before noon.","6","vo_line","scratch_cast","Roger","CwhRBWXzGAHq8TQ4Fs17","vo/act_i/old_quay/old_quay_tomas_topics_074_tomas.mp3","unrecorded"
"vo_act_i_0075","Act I","ink/prologue.ink","192","ink/prologue.ink:192","old_quay_tomas_topics","old_quay","CORVIN","Corvin Vale","I need to pass for living.","6","vo_line","scratch_cast","Callum","N2lVS1w4EtoT3dr4eOWO","vo/act_i/old_quay/old_quay_tomas_topics_075_corvin.mp3","unrecorded"
"vo_act_i_0076","Act I","ink/prologue.ink","194","ink/prologue.ink:194","old_quay_tomas_topics","old_quay","TOMAS","Tomas","Warmth and a pulse. That's all anyone checks, because that's all there is.","13","vo_line","scratch_cast","Roger","CwhRBWXzGAHq8TQ4Fs17","vo/act_i/old_quay/old_quay_tomas_topics_076_tomas.mp3","unrecorded"
"vo_act_i_0077","Act I","ink/prologue.ink","196","ink/prologue.ink:196","old_quay_tomas_topics","old_quay","CORVIN","Corvin Vale","Warmth I can borrow.","4","vo_line","scratch_cast","Callum","N2lVS1w4EtoT3dr4eOWO","vo/act_i/old_quay/old_quay_tomas_topics_077_corvin.mp3","unrecorded"
"vo_act_i_0078","Act I","ink/prologue.ink","198","ink/prologue.ink:198","old_quay_tomas_topics","old_quay","TOMAS","Tomas","A pulse you'll have to build.","6","vo_line","scratch_cast","Roger","CwhRBWXzGAHq8TQ4Fs17","vo/act_i/old_quay/old_quay_tomas_topics_078_tomas.mp3","unrecorded"
"vo_act_i_0079","Act I","ink/prologue.ink","200","ink/prologue.ink:200","old_quay_tomas_topics","old_quay","CORVIN","Corvin Vale","Tell me something about myself.","5","vo_line","scratch_cast","Callum","N2lVS1w4EtoT3dr4eOWO","vo/act_i/old_quay/old_quay_tomas_topics_079_corvin.mp3","unrecorded"
"vo_act_i_0080","Act I","ink/prologue.ink","202","ink/prologue.ink:202","old_quay_tomas_topics","old_quay","TOMAS","Tomas","You keep a list of everyone who's ever been wrong about you.","12","vo_line","scratch_cast","Roger","CwhRBWXzGAHq8TQ4Fs17","vo/act_i/old_quay/old_quay_tomas_topics_080_tomas.mp3","unrecorded"
"vo_act_i_0081","Act I","ink/prologue.ink","204","ink/prologue.ink:204","old_quay_tomas_topics","old_quay","CORVIN","Corvin Vale","That's private.","2","vo_line","scratch_cast","Callum","N2lVS1w4EtoT3dr4eOWO","vo/act_i/old_quay/old_quay_tomas_topics_081_corvin.mp3","unrecorded"
"vo_act_i_0082","Act I","ink/prologue.ink","206","ink/prologue.ink:206","old_quay_tomas_topics","old_quay","TOMAS","Tomas","It's alphabetical, Corvin. You showed it to me. Twice.","9","vo_line","scratch_cast","Roger","CwhRBWXzGAHq8TQ4Fs17","vo/act_i/old_quay/old_quay_tomas_topics_082_tomas.mp3","unrecorded"
"vo_act_i_0083","Act I","ink/prologue.ink","208","ink/prologue.ink:208","old_quay_tomas_topics","old_quay","CORVIN","Corvin Vale","Nothing. Just checking you're still here.","6","vo_line","scratch_cast","Callum","N2lVS1w4EtoT3dr4eOWO","vo/act_i/old_quay/old_quay_tomas_topics_083_corvin.mp3","unrecorded"
"vo_act_i_0084","Act I","ink/prologue.ink","210","ink/prologue.ink:210","old_quay_tomas_topics","old_quay","TOMAS","Tomas","Where would I go.","4","vo_line","scratch_cast","Roger","CwhRBWXzGAHq8TQ4Fs17","vo/act_i/old_quay/old_quay_tomas_topics_084_tomas.mp3","unrecorded"
"vo_act_i_0085","Act I","ink/prologue.ink","216","ink/prologue.ink:216","old_quay_silent_bollards","old_quay","CORVIN","Corvin Vale","Grey. Person-shaped if you're not careful about it.","9","vo_line","scratch_cast","Callum","N2lVS1w4EtoT3dr4eOWO","vo/act_i/old_quay/old_quay_silent_bollards_085_corvin.mp3","unrecorded"
"vo_act_i_0086","Act I","ink/prologue.ink","218","ink/prologue.ink:218","old_quay_silent_bollards","old_quay","CORVIN","Corvin Vale","Nothing.","1","vo_line","scratch_cast","Callum","N2lVS1w4EtoT3dr4eOWO","vo/act_i/old_quay/old_quay_silent_bollards_086_corvin.mp3","unrecorded"
"vo_act_i_0087","Act I","ink/prologue.ink","220","ink/prologue.ink:220","old_quay_silent_bollards","old_quay","TOMAS","Tomas","They're past it.","3","vo_line","scratch_cast","Roger","CwhRBWXzGAHq8TQ4Fs17","vo/act_i/old_quay/old_quay_silent_bollards_087_tomas.mp3","unrecorded"
"vo_act_i_0088","Act I","ink/prologue.ink","222","ink/prologue.ink:222","old_quay_silent_bollards","old_quay","CORVIN","Corvin Vale","Past talking?","2","vo_line","scratch_cast","Callum","N2lVS1w4EtoT3dr4eOWO","vo/act_i/old_quay/old_quay_silent_bollards_088_corvin.mp3","unrecorded"
"vo_act_i_0089","Act I","ink/prologue.ink","224","ink/prologue.ink:224","old_quay_silent_bollards","old_quay","TOMAS","Tomas","Past wanting to.","3","vo_line","scratch_cast","Roger","CwhRBWXzGAHq8TQ4Fs17","vo/act_i/old_quay/old_quay_silent_bollards_089_tomas.mp3","unrecorded"
"vo_act_i_0090","Act I","ink/prologue.ink","230","ink/prologue.ink:230","old_quay_bollard_petra","old_quay","CORVIN","Corvin Vale","Petra.","1","vo_line","scratch_cast","Callum","N2lVS1w4EtoT3dr4eOWO","vo/act_i/old_quay/old_quay_bollard_petra_090_corvin.mp3","unrecorded"
"vo_act_i_0091","Act I","ink/prologue.ink","232","ink/prologue.ink:232","old_quay_bollard_petra","old_quay","TOMAS","Tomas","On the end. Used to sing.","6","vo_line","scratch_cast","Roger","CwhRBWXzGAHq8TQ4Fs17","vo/act_i/old_quay/old_quay_bollard_petra_091_tomas.mp3","unrecorded"
"vo_act_i_0092","Act I","ink/prologue.ink","234","ink/prologue.ink:234","old_quay_bollard_petra","old_quay","CORVIN","Corvin Vale","Her mouth's gone.","3","vo_line","scratch_cast","Callum","N2lVS1w4EtoT3dr4eOWO","vo/act_i/old_quay/old_quay_bollard_petra_092_corvin.mp3","unrecorded"
"vo_act_i_0093","Act I","ink/prologue.ink","236","ink/prologue.ink:236","old_quay_bollard_petra","old_quay","TOMAS","Tomas","No. Just closed for good.","5","vo_line","scratch_cast","Roger","CwhRBWXzGAHq8TQ4Fs17","vo/act_i/old_quay/old_quay_bollard_petra_093_tomas.mp3","unrecorded"
"vo_act_i_0094","Act I","ink/prologue.ink","242","ink/prologue.ink:242","old_quay_bollard_ledger","old_quay","CORVIN","Corvin Vale","There's a rope groove across this one's throat.","8","vo_line","scratch_cast","Callum","N2lVS1w4EtoT3dr4eOWO","vo/act_i/old_quay/old_quay_bollard_ledger_094_corvin.mp3","unrecorded"
"vo_act_i_0095","Act I","ink/prologue.ink","244","ink/prologue.ink:244","old_quay_bollard_ledger","old_quay","TOMAS","Tomas","Collar, then rope. The island likes a promotion ladder.","9","vo_line","scratch_cast","Roger","CwhRBWXzGAHq8TQ4Fs17","vo/act_i/old_quay/old_quay_bollard_ledger_095_tomas.mp3","unrecorded"
"vo_act_i_0096","Act I","ink/prologue.ink","246","ink/prologue.ink:246","old_quay_bollard_ledger","old_quay","CORVIN","Corvin Vale","Did you know him?","4","vo_line","scratch_cast","Callum","N2lVS1w4EtoT3dr4eOWO","vo/act_i/old_quay/old_quay_bollard_ledger_096_corvin.mp3","unrecorded"
"vo_act_i_0097","Act I","ink/prologue.ink","248","ink/prologue.ink:248","old_quay_bollard_ledger","old_quay","TOMAS","Tomas","Everyone knew him while he owed money. Then fewer people made the effort.","13","vo_line","scratch_cast","Roger","CwhRBWXzGAHq8TQ4Fs17","vo/act_i/old_quay/old_quay_bollard_ledger_097_tomas.mp3","unrecorded"
"vo_act_i_0098","Act I","ink/prologue.ink","254","ink/prologue.ink:254","old_quay_bollard_bride","old_quay","CORVIN","Corvin Vale","Still wearing a ring.","4","vo_line","scratch_cast","Callum","N2lVS1w4EtoT3dr4eOWO","vo/act_i/old_quay/old_quay_bollard_bride_098_corvin.mp3","unrecorded"
"vo_act_i_0099","Act I","ink/prologue.ink","256","ink/prologue.ink:256","old_quay_bollard_bride","old_quay","TOMAS","Tomas","She set on day nine waiting for a husband who'd already sailed.","12","vo_line","scratch_cast","Roger","CwhRBWXzGAHq8TQ4Fs17","vo/act_i/old_quay/old_quay_bollard_bride_099_tomas.mp3","unrecorded"
"vo_act_i_0100","Act I","ink/prologue.ink","258","ink/prologue.ink:258","old_quay_bollard_bride","old_quay","CORVIN","Corvin Vale","That's awful.","2","vo_line","scratch_cast","Callum","N2lVS1w4EtoT3dr4eOWO","vo/act_i/old_quay/old_quay_bollard_bride_100_corvin.mp3","unrecorded"
"vo_act_i_0101","Act I","ink/prologue.ink","260","ink/prologue.ink:260","old_quay_bollard_bride","old_quay","TOMAS","Tomas","That's port work.","3","vo_line","scratch_cast","Roger","CwhRBWXzGAHq8TQ4Fs17","vo/act_i/old_quay/old_quay_bollard_bride_101_tomas.mp3","unrecorded"
"vo_act_i_0102","Act I","ink/prologue.ink","266","ink/prologue.ink:266","old_quay_bollards_all_seen","old_quay","TOMAS","Tomas","You've done the rounds.","4","vo_line","scratch_cast","Roger","CwhRBWXzGAHq8TQ4Fs17","vo/act_i/old_quay/old_quay_bollards_all_seen_102_tomas.mp3","unrecorded"
"vo_act_i_0103","Act I","ink/prologue.ink","268","ink/prologue.ink:268","old_quay_bollards_all_seen","old_quay","CORVIN","Corvin Vale","I said three names to three dead people and got nothing back.","12","vo_line","scratch_cast","Callum","N2lVS1w4EtoT3dr4eOWO","vo/act_i/old_quay/old_quay_bollards_all_seen_103_corvin.mp3","unrecorded"
"vo_act_i_0104","Act I","ink/prologue.ink","270","ink/prologue.ink:270","old_quay_bollards_all_seen","old_quay","TOMAS","Tomas","You got practice.","3","vo_line","scratch_cast","Roger","CwhRBWXzGAHq8TQ4Fs17","vo/act_i/old_quay/old_quay_bollards_all_seen_104_tomas.mp3","unrecorded"
"vo_act_i_0105","Act I","ink/prologue.ink","272","ink/prologue.ink:272","old_quay_bollards_all_seen","old_quay","CORVIN","Corvin Vale","For what?","2","vo_line","scratch_cast","Callum","N2lVS1w4EtoT3dr4eOWO","vo/act_i/old_quay/old_quay_bollards_all_seen_105_corvin.mp3","unrecorded"
"vo_act_i_0106","Act I","ink/prologue.ink","274","ink/prologue.ink:274","old_quay_bollards_all_seen","old_quay","TOMAS","Tomas","For Mordida. Most conversations here are with people who stopped listening before you arrived.","14","vo_line","scratch_cast","Roger","CwhRBWXzGAHq8TQ4Fs17","vo/act_i/old_quay/old_quay_bollards_all_seen_106_tomas.mp3","unrecorded"
"vo_act_i_0107","Act I","ink/prologue.ink","280","ink/prologue.ink:280","old_quay_flask","old_quay","CORVIN","Corvin Vale","Somebody's flask.","2","vo_line","scratch_cast","Callum","N2lVS1w4EtoT3dr4eOWO","vo/act_i/old_quay/old_quay_flask_107_corvin.mp3","unrecorded"
"vo_act_i_0108","Act I","ink/prologue.ink","282","ink/prologue.ink:282","old_quay_flask","old_quay","TOMAS","Tomas","Empty, obviously. This is a working quay.","7","vo_line","scratch_cast","Roger","CwhRBWXzGAHq8TQ4Fs17","vo/act_i/old_quay/old_quay_flask_108_tomas.mp3","unrecorded"
"vo_act_i_0109","Act I","ink/prologue.ink","284","ink/prologue.ink:284","old_quay_flask","old_quay","CORVIN","Corvin Vale","I'll take it.","3","vo_line","scratch_cast","Callum","N2lVS1w4EtoT3dr4eOWO","vo/act_i/old_quay/old_quay_flask_109_corvin.mp3","unrecorded"
"vo_act_i_0110","Act I","ink/prologue.ink","286","ink/prologue.ink:286","old_quay_flask","old_quay","TOMAS","Tomas","For courage?","2","vo_line","scratch_cast","Roger","CwhRBWXzGAHq8TQ4Fs17","vo/act_i/old_quay/old_quay_flask_110_tomas.mp3","unrecorded"
"vo_act_i_0111","Act I","ink/prologue.ink","288","ink/prologue.ink:288","old_quay_flask","old_quay","CORVIN","Corvin Vale","For evidence. Courage leaks.","4","vo_line","scratch_cast","Callum","N2lVS1w4EtoT3dr4eOWO","vo/act_i/old_quay/old_quay_flask_111_corvin.mp3","unrecorded"
"vo_act_i_0112","Act I","ink/prologue.ink","294","ink/prologue.ink:294","old_quay_rope_cleat","old_quay","CORVIN","Corvin Vale","Sharp edge.","2","vo_line","scratch_cast","Callum","N2lVS1w4EtoT3dr4eOWO","vo/act_i/old_quay/old_quay_rope_cleat_112_corvin.mp3","unrecorded"
"vo_act_i_0113","Act I","ink/prologue.ink","296","ink/prologue.ink:296","old_quay_rope_cleat","old_quay","TOMAS","Tomas","You're not about to do something clever with your own knuckles.","11","vo_line","scratch_cast","Roger","CwhRBWXzGAHq8TQ4Fs17","vo/act_i/old_quay/old_quay_rope_cleat_113_tomas.mp3","unrecorded"
"vo_act_i_0114","Act I","ink/prologue.ink","298","ink/prologue.ink:298","old_quay_rope_cleat","old_quay","CORVIN","Corvin Vale","No.","1","vo_line","scratch_cast","Callum","N2lVS1w4EtoT3dr4eOWO","vo/act_i/old_quay/old_quay_rope_cleat_114_corvin.mp3","unrecorded"
"vo_act_i_0115","Act I","ink/prologue.ink","300","ink/prologue.ink:300","old_quay_rope_cleat","old_quay","TOMAS","Tomas","Corvin.","1","vo_line","scratch_cast","Roger","CwhRBWXzGAHq8TQ4Fs17","vo/act_i/old_quay/old_quay_rope_cleat_115_tomas.mp3","unrecorded"
"vo_act_i_0116","Act I","ink/prologue.ink","302","ink/prologue.ink:302","old_quay_rope_cleat","old_quay","CORVIN","Corvin Vale","I'm about to do something useful with my own knuckles. Different sin.","12","vo_line","scratch_cast","Callum","N2lVS1w4EtoT3dr4eOWO","vo/act_i/old_quay/old_quay_rope_cleat_116_corvin.mp3","unrecorded"
"vo_act_i_0117","Act I","ink/prologue.ink","310","ink/prologue.ink:310","salt_market_arrival","salt_market","BOOT_SELLER","","Vale's dead.","2","vo_line","needs_cast_decision","","","vo/act_i/salt_market/salt_market_arrival_117_boot_seller.mp3","unrecorded"
"vo_act_i_0118","Act I","ink/prologue.ink","312","ink/prologue.ink:312","salt_market_arrival","salt_market","CORVIN","Corvin Vale","Well. That's the sort of thing people say.","8","vo_line","scratch_cast","Callum","N2lVS1w4EtoT3dr4eOWO","vo/act_i/salt_market/salt_market_arrival_118_corvin.mp3","unrecorded"
"vo_act_i_0119","Act I","ink/prologue.ink","316","ink/prologue.ink:316","salt_market_arrival","salt_market","CORVIN","Corvin Vale","Thursday.","1","vo_line","scratch_cast","Callum","N2lVS1w4EtoT3dr4eOWO","vo/act_i/salt_market/salt_market_arrival_119_corvin.mp3","unrecorded"
"vo_act_i_0120","Act I","ink/prologue.ink","318","ink/prologue.ink:318","salt_market_arrival","salt_market","CORVIN","Corvin Vale","Six days.","2","vo_line","scratch_cast","Callum","N2lVS1w4EtoT3dr4eOWO","vo/act_i/salt_market/salt_market_arrival_120_corvin.mp3","unrecorded"
"vo_act_i_0121","Act I","ink/prologue.ink","324","ink/prologue.ink:324","salt_market_public_recognition","salt_market","BOOT_SELLER","","Morning. Size?","2","vo_line","needs_cast_decision","","","vo/act_i/salt_market/salt_market_public_recognition_121_boot_seller.mp3","unrecorded"
"vo_act_i_0122","Act I","ink/prologue.ink","326","ink/prologue.ink:326","salt_market_public_recognition","salt_market","CORVIN","Corvin Vale","Eleven. And credit.","3","vo_line","scratch_cast","Callum","N2lVS1w4EtoT3dr4eOWO","vo/act_i/salt_market/salt_market_public_recognition_122_corvin.mp3","unrecorded"
"vo_act_i_0123","Act I","ink/prologue.ink","328","ink/prologue.ink:328","salt_market_public_recognition","salt_market","BOOT_SELLER","","Credit's for people I know.","5","vo_line","needs_cast_decision","","","vo/act_i/salt_market/salt_market_public_recognition_123_boot_seller.mp3","unrecorded"
"vo_act_i_0124","Act I","ink/prologue.ink","330","ink/prologue.ink:330","salt_market_public_recognition","salt_market","CORVIN","Corvin Vale","You know me. Vale. I did your brother's transfer papers.","10","vo_line","scratch_cast","Callum","N2lVS1w4EtoT3dr4eOWO","vo/act_i/salt_market/salt_market_public_recognition_124_corvin.mp3","unrecorded"
"vo_act_i_0125","Act I","ink/prologue.ink","332","ink/prologue.ink:332","salt_market_public_recognition","salt_market","NARRATION","Narration","The seller looks up. Looks properly. His face does something complicated.","11","stage_direction_review","not_cast_stage_direction","","","vo/act_i/salt_market/salt_market_public_recognition_125_narration.mp3","unrecorded"
"vo_act_i_0126","Act I","ink/prologue.ink","334","ink/prologue.ink:334","salt_market_public_recognition","salt_market","BOOT_SELLER","","...Vale.","1","vo_line","needs_cast_decision","","","vo/act_i/salt_market/salt_market_public_recognition_126_boot_seller.mp3","unrecorded"
"vo_act_i_0127","Act I","ink/prologue.ink","336","ink/prologue.ink:336","salt_market_public_recognition","salt_market","CORVIN","Corvin Vale","There we are.","3","vo_line","scratch_cast","Callum","N2lVS1w4EtoT3dr4eOWO","vo/act_i/salt_market/salt_market_public_recognition_127_corvin.mp3","unrecorded"
"vo_act_i_0128","Act I","ink/prologue.ink","338","ink/prologue.ink:338","salt_market_public_recognition","salt_market","BOOT_SELLER","","Vale's dead.","2","vo_line","needs_cast_decision","","","vo/act_i/salt_market/salt_market_public_recognition_128_boot_seller.mp3","unrecorded"
"vo_act_i_0129","Act I","ink/prologue.ink","340","ink/prologue.ink:340","salt_market_public_recognition","salt_market","CORVIN","Corvin Vale","Well. That's the sort of thing people say.","8","vo_line","scratch_cast","Callum","N2lVS1w4EtoT3dr4eOWO","vo/act_i/salt_market/salt_market_public_recognition_129_corvin.mp3","unrecorded"
"vo_act_i_0130","Act I","ink/prologue.ink","342","ink/prologue.ink:342","salt_market_public_recognition","salt_market","BOOT_SELLER","","No. No, they pulled you out Thursday. I saw it. They laid you on the ice at the fish hall.","20","vo_line","needs_cast_decision","","","vo/act_i/salt_market/salt_market_public_recognition_130_boot_seller.mp3","unrecorded"
"vo_act_i_0131","Act I","ink/prologue.ink","344","ink/prologue.ink:344","salt_market_public_recognition","salt_market","CORVIN","Corvin Vale","Right, and I appreciate the attendance.","6","vo_line","scratch_cast","Callum","N2lVS1w4EtoT3dr4eOWO","vo/act_i/salt_market/salt_market_public_recognition_131_corvin.mp3","unrecorded"
"vo_act_i_0132","Act I","ink/prologue.ink","346","ink/prologue.ink:346","salt_market_public_recognition","salt_market","BOOT_SELLER","","I brought my daughter.","4","vo_line","needs_cast_decision","","","vo/act_i/salt_market/salt_market_public_recognition_132_boot_seller.mp3","unrecorded"
"vo_act_i_0133","Act I","ink/prologue.ink","348","ink/prologue.ink:348","salt_market_public_recognition","salt_market","CORVIN","Corvin Vale","That seems like a choice.","5","vo_line","scratch_cast","Callum","N2lVS1w4EtoT3dr4eOWO","vo/act_i/salt_market/salt_market_public_recognition_133_corvin.mp3","unrecorded"
"vo_act_i_0134","Act I","ink/prologue.ink","350","ink/prologue.ink:350","salt_market_public_recognition","salt_market","NARRATION","Narration","He backs into his own table. Boots go everywhere.","9","stage_direction_review","not_cast_stage_direction","","","vo/act_i/salt_market/salt_market_public_recognition_134_narration.mp3","unrecorded"
"vo_act_i_0135","Act I","ink/prologue.ink","352","ink/prologue.ink:352","salt_market_public_recognition","salt_market","WOMAN","","Oh God.","2","vo_line","needs_cast_decision","","","vo/act_i/salt_market/salt_market_public_recognition_135_woman.mp3","unrecorded"
"vo_act_i_0136","Act I","ink/prologue.ink","354","ink/prologue.ink:354","salt_market_public_recognition","salt_market","CORVIN","Corvin Vale","Look. Nobody needs to-","4","vo_line","scratch_cast","Callum","N2lVS1w4EtoT3dr4eOWO","vo/act_i/salt_market/salt_market_public_recognition_136_corvin.mp3","unrecorded"
"vo_act_i_0137","Act I","ink/prologue.ink","356","ink/prologue.ink:356","salt_market_public_recognition","salt_market","WOMAN","","He's walking.","2","vo_line","needs_cast_decision","","","vo/act_i/salt_market/salt_market_public_recognition_137_woman.mp3","unrecorded"
"vo_act_i_0138","Act I","ink/prologue.ink","358","ink/prologue.ink:358","salt_market_public_recognition","salt_market","NARRATION","Narration","The street stops.","3","stage_direction_review","not_cast_stage_direction","","","vo/act_i/salt_market/salt_market_public_recognition_138_narration.mp3","unrecorded"
"vo_act_i_0139","Act I","ink/prologue.ink","360","ink/prologue.ink:360","salt_market_public_recognition","salt_market","CORVIN","Corvin Vale","Thursday.","1","vo_line","scratch_cast","Callum","N2lVS1w4EtoT3dr4eOWO","vo/act_i/salt_market/salt_market_public_recognition_139_corvin.mp3","unrecorded"
"vo_act_i_0140","Act I","ink/prologue.ink","362","ink/prologue.ink:362","salt_market_public_recognition","salt_market","NARRATION","Narration","Arithmetic on his fingers. It doesn't take long.","8","stage_direction_review","not_cast_stage_direction","","","vo/act_i/salt_market/salt_market_public_recognition_140_narration.mp3","unrecorded"
"vo_act_i_0141","Act I","ink/prologue.ink","364","ink/prologue.ink:364","salt_market_public_recognition","salt_market","CORVIN","Corvin Vale","Six days.","2","vo_line","scratch_cast","Callum","N2lVS1w4EtoT3dr4eOWO","vo/act_i/salt_market/salt_market_public_recognition_141_corvin.mp3","unrecorded"
"vo_act_i_0142","Act I","ink/prologue.ink","366","ink/prologue.ink:366","salt_market_public_recognition","salt_market","CORVIN","Corvin Vale","Six days to find out who held me under.","9","vo_line","scratch_cast","Callum","N2lVS1w4EtoT3dr4eOWO","vo/act_i/salt_market/salt_market_public_recognition_142_corvin.mp3","unrecorded"
"vo_act_i_0143","Act I","ink/prologue.ink","368","ink/prologue.ink:368","salt_market_public_recognition","salt_market","NARRATION","Narration","He picks up boots off the ground, unhurried, and walks out through a crowd that parts without anyone deciding to.","20","stage_direction_review","not_cast_stage_direction","","","vo/act_i/salt_market/salt_market_public_recognition_143_narration.mp3","unrecorded"
"vo_act_i_0144","Act I","ink/prologue.ink","374","ink/prologue.ink:374","salt_market_boot_stall_after","salt_market","CORVIN","Corvin Vale","He's rearranging boots that don't need it.","7","vo_line","scratch_cast","Callum","N2lVS1w4EtoT3dr4eOWO","vo/act_i/salt_market/salt_market_boot_stall_after_144_corvin.mp3","unrecorded"
"vo_act_i_0145","Act I","ink/prologue.ink","376","ink/prologue.ink:376","salt_market_boot_stall_after","salt_market","CORVIN","Corvin Vale","He'll be at that all day.","6","vo_line","scratch_cast","Callum","N2lVS1w4EtoT3dr4eOWO","vo/act_i/salt_market/salt_market_boot_stall_after_145_corvin.mp3","unrecorded"
"vo_act_i_0146","Act I","ink/prologue.ink","378","ink/prologue.ink:378","salt_market_boot_stall_after","salt_market","BOOT_SELLER","","I've got nothing for you.","5","vo_line","needs_cast_decision","","","vo/act_i/salt_market/salt_market_boot_stall_after_146_boot_seller.mp3","unrecorded"
"vo_act_i_0147","Act I","ink/prologue.ink","380","ink/prologue.ink:380","salt_market_boot_stall_after","salt_market","CORVIN","Corvin Vale","I know.","2","vo_line","scratch_cast","Callum","N2lVS1w4EtoT3dr4eOWO","vo/act_i/salt_market/salt_market_boot_stall_after_147_corvin.mp3","unrecorded"
"vo_act_i_0148","Act I","ink/prologue.ink","382","ink/prologue.ink:382","salt_market_boot_stall_after","salt_market","BOOT_SELLER","","She's alright, by the way. The girl.","7","vo_line","needs_cast_decision","","","vo/act_i/salt_market/salt_market_boot_stall_after_148_boot_seller.mp3","unrecorded"
"vo_act_i_0149","Act I","ink/prologue.ink","384","ink/prologue.ink:384","salt_market_boot_stall_after","salt_market","BOOT_SELLER","","She thought it was interesting.","5","vo_line","needs_cast_decision","","","vo/act_i/salt_market/salt_market_boot_stall_after_149_boot_seller.mp3","unrecorded"
"vo_act_i_0150","Act I","ink/prologue.ink","386","ink/prologue.ink:386","salt_market_boot_stall_after","salt_market","CORVIN","Corvin Vale","Kids are better at this than we are.","8","vo_line","scratch_cast","Callum","N2lVS1w4EtoT3dr4eOWO","vo/act_i/salt_market/salt_market_boot_stall_after_150_corvin.mp3","unrecorded"
"vo_act_i_0151","Act I","ink/prologue.ink","388","ink/prologue.ink:388","salt_market_boot_stall_after","salt_market","BOOT_SELLER","","Don't make it sound kind.","5","vo_line","needs_cast_decision","","","vo/act_i/salt_market/salt_market_boot_stall_after_151_boot_seller.mp3","unrecorded"
"vo_act_i_0152","Act I","ink/prologue.ink","390","ink/prologue.ink:390","salt_market_boot_stall_after","salt_market","CORVIN","Corvin Vale","I won't.","2","vo_line","scratch_cast","Callum","N2lVS1w4EtoT3dr4eOWO","vo/act_i/salt_market/salt_market_boot_stall_after_152_corvin.mp3","unrecorded"
"vo_act_i_0153","Act I","ink/prologue.ink","396","ink/prologue.ink:396","salt_market_fishmonger","salt_market","CORVIN","Corvin Vale","Two sets of scales under that table.","7","vo_line","scratch_cast","Callum","N2lVS1w4EtoT3dr4eOWO","vo/act_i/salt_market/salt_market_fishmonger_153_corvin.mp3","unrecorded"
"vo_act_i_0154","Act I","ink/prologue.ink","398","ink/prologue.ink:398","salt_market_fishmonger","salt_market","CORVIN","Corvin Vale","The honest ones are on the wall where you can see them.","12","vo_line","scratch_cast","Callum","N2lVS1w4EtoT3dr4eOWO","vo/act_i/salt_market/salt_market_fishmonger_154_corvin.mp3","unrecorded"
"vo_act_i_0155","Act I","ink/prologue.ink","400","ink/prologue.ink:400","salt_market_fishmonger","salt_market","MONGER","","You're dripping on the cod.","5","vo_line","needs_cast_decision","","","vo/act_i/salt_market/salt_market_fishmonger_155_monger.mp3","unrecorded"
"vo_act_i_0156","Act I","ink/prologue.ink","402","ink/prologue.ink:402","salt_market_fishmonger","salt_market","CORVIN","Corvin Vale","It's a marinade.","3","vo_line","scratch_cast","Callum","N2lVS1w4EtoT3dr4eOWO","vo/act_i/salt_market/salt_market_fishmonger_156_corvin.mp3","unrecorded"
"vo_act_i_0157","Act I","ink/prologue.ink","404","ink/prologue.ink:404","salt_market_fishmonger","salt_market","MONGER","","That's not a selling point.","5","vo_line","needs_cast_decision","","","vo/act_i/salt_market/salt_market_fishmonger_157_monger.mp3","unrecorded"
"vo_act_i_0158","Act I","ink/prologue.ink","406","ink/prologue.ink:406","salt_market_fishmonger","salt_market","CORVIN","Corvin Vale","Neither is the cod.","4","vo_line","scratch_cast","Callum","N2lVS1w4EtoT3dr4eOWO","vo/act_i/salt_market/salt_market_fishmonger_158_corvin.mp3","unrecorded"
"vo_act_i_0159","Act I","ink/prologue.ink","408","ink/prologue.ink:408","salt_market_fishmonger","salt_market","MONGER","","It was selling fine before you came back from the harbor.","11","vo_line","needs_cast_decision","","","vo/act_i/salt_market/salt_market_fishmonger_159_monger.mp3","unrecorded"
"vo_act_i_0160","Act I","ink/prologue.ink","410","ink/prologue.ink:410","salt_market_fishmonger","salt_market","CORVIN","Corvin Vale","Most things were.","3","vo_line","scratch_cast","Callum","N2lVS1w4EtoT3dr4eOWO","vo/act_i/salt_market/salt_market_fishmonger_160_corvin.mp3","unrecorded"
"vo_act_i_0161","Act I","ink/prologue.ink","416","ink/prologue.ink:416","salt_market_lamp","salt_market","CORVIN","Corvin Vale","Whale oil.","2","vo_line","scratch_cast","Callum","N2lVS1w4EtoT3dr4eOWO","vo/act_i/salt_market/salt_market_lamp_161_corvin.mp3","unrecorded"
"vo_act_i_0162","Act I","ink/prologue.ink","418","ink/prologue.ink:418","salt_market_lamp","salt_market","CORVIN","Corvin Vale","Warm light.","2","vo_line","scratch_cast","Callum","N2lVS1w4EtoT3dr4eOWO","vo/act_i/salt_market/salt_market_lamp_162_corvin.mp3","unrecorded"
"vo_act_i_0163","Act I","ink/prologue.ink","420","ink/prologue.ink:420","salt_market_lamp","salt_market","CORVIN","Corvin Vale","Everything warm on this island is something dead being useful.","10","vo_line","scratch_cast","Callum","N2lVS1w4EtoT3dr4eOWO","vo/act_i/salt_market/salt_market_lamp_163_corvin.mp3","unrecorded"
"vo_act_i_0164","Act I","ink/prologue.ink","422","ink/prologue.ink:422","salt_market_lamp","salt_market","CORVIN","Corvin Vale","Nothing.","1","vo_line","scratch_cast","Callum","N2lVS1w4EtoT3dr4eOWO","vo/act_i/salt_market/salt_market_lamp_164_corvin.mp3","unrecorded"
"vo_act_i_0165","Act I","ink/prologue.ink","424","ink/prologue.ink:424","salt_market_lamp","salt_market","CORVIN","Corvin Vale","Not cold, not warm.","4","vo_line","scratch_cast","Callum","N2lVS1w4EtoT3dr4eOWO","vo/act_i/salt_market/salt_market_lamp_165_corvin.mp3","unrecorded"
"vo_act_i_0166","Act I","ink/prologue.ink","426","ink/prologue.ink:426","salt_market_lamp","salt_market","CORVIN","Corvin Vale","Just reported.","2","vo_line","scratch_cast","Callum","N2lVS1w4EtoT3dr4eOWO","vo/act_i/salt_market/salt_market_lamp_166_corvin.mp3","unrecorded"
"vo_act_i_0167","Act I","ink/prologue.ink","432","ink/prologue.ink:432","registrar_duel_start","harbor_registry","REGISTRAR","The Registrar","You're the Vale boy.","4","vo_line","scratch_cast","Alice","Xb7hH8MSUJpSbSDYk0k2","vo/act_i/harbor_registry/registrar_duel_start_167_registrar.mp3","unrecorded"
"vo_act_i_0168","Act I","ink/prologue.ink","434","ink/prologue.ink:434","registrar_duel_start","harbor_registry","CORVIN","Corvin Vale","I'm thirty-six.","3","vo_line","scratch_cast","Callum","N2lVS1w4EtoT3dr4eOWO","vo/act_i/harbor_registry/registrar_duel_start_168_corvin.mp3","unrecorded"
"vo_act_i_0169","Act I","ink/prologue.ink","436","ink/prologue.ink:436","registrar_duel_start","harbor_registry","REGISTRAR","The Registrar","You're three days old.","4","vo_line","scratch_cast","Alice","Xb7hH8MSUJpSbSDYk0k2","vo/act_i/harbor_registry/registrar_duel_start_169_registrar.mp3","unrecorded"
"vo_act_i_0170","Act I","ink/prologue.ink","438","ink/prologue.ink:438","registrar_duel_start","harbor_registry","REGISTRAR","The Registrar","Struck you out myself on Friday. Nice clean hand.","9","vo_line","scratch_cast","Alice","Xb7hH8MSUJpSbSDYk0k2","vo/act_i/harbor_registry/registrar_duel_start_170_registrar.mp3","unrecorded"
"vo_act_i_0171","Act I","ink/prologue.ink","440","ink/prologue.ink:440","registrar_duel_start","harbor_registry","CORVIN","Corvin Vale","It wasn't, actually.","3","vo_line","scratch_cast","Callum","N2lVS1w4EtoT3dr4eOWO","vo/act_i/harbor_registry/registrar_duel_start_171_corvin.mp3","unrecorded"
"vo_act_i_0172","Act I","ink/prologue.ink","442","ink/prologue.ink:442","registrar_duel_start","harbor_registry","REGISTRAR","The Registrar","No. It wasn't.","3","vo_line","scratch_cast","Alice","Xb7hH8MSUJpSbSDYk0k2","vo/act_i/harbor_registry/registrar_duel_start_172_registrar.mp3","unrecorded"
"vo_act_i_0173","Act I","ink/prologue.ink","444","ink/prologue.ink:444","registrar_duel_start","harbor_registry","REGISTRAR","The Registrar","What do you want?","4","vo_line","scratch_cast","Alice","Xb7hH8MSUJpSbSDYk0k2","vo/act_i/harbor_registry/registrar_duel_start_173_registrar.mp3","unrecorded"
"vo_act_i_0174","Act I","ink/prologue.ink","446","ink/prologue.ink:446","registrar_duel_start","harbor_registry","CORVIN","Corvin Vale","My name back on the roll.","6","vo_line","scratch_cast","Callum","N2lVS1w4EtoT3dr4eOWO","vo/act_i/harbor_registry/registrar_duel_start_174_corvin.mp3","unrecorded"
"vo_act_i_0175","Act I","ink/prologue.ink","448","ink/prologue.ink:448","registrar_duel_start","harbor_registry","REGISTRAR","The Registrar","Can't. You're not a person.","5","vo_line","scratch_cast","Alice","Xb7hH8MSUJpSbSDYk0k2","vo/act_i/harbor_registry/registrar_duel_start_175_registrar.mp3","unrecorded"
"vo_act_i_0176","Act I","ink/prologue.ink","450","ink/prologue.ink:450","registrar_duel_start","harbor_registry","REGISTRAR","The Registrar","The roll's for people, and a person has a pulse, and you have a coat and an attitude.","18","vo_line","scratch_cast","Alice","Xb7hH8MSUJpSbSDYk0k2","vo/act_i/harbor_registry/registrar_duel_start_176_registrar.mp3","unrecorded"
"vo_act_i_0177","Act I","ink/prologue.ink","452","ink/prologue.ink:452","registrar_duel_start","harbor_registry","CORVIN","Corvin Vale","Then let me stand here and embarrass us both.","9","vo_line","scratch_cast","Callum","N2lVS1w4EtoT3dr4eOWO","vo/act_i/harbor_registry/registrar_duel_start_177_corvin.mp3","unrecorded"
"vo_act_i_0178","Act I","ink/prologue.ink","454","ink/prologue.ink:454","registrar_duel_start","harbor_registry","REGISTRAR","The Registrar","You want to duel me. For your name.","8","vo_line","scratch_cast","Alice","Xb7hH8MSUJpSbSDYk0k2","vo/act_i/harbor_registry/registrar_duel_start_178_registrar.mp3","unrecorded"
"vo_act_i_0179","Act I","ink/prologue.ink","456","ink/prologue.ink:456","registrar_duel_start","harbor_registry","CORVIN","Corvin Vale","Church rule. You can't refuse a returned man a duel.","10","vo_line","scratch_cast","Callum","N2lVS1w4EtoT3dr4eOWO","vo/act_i/harbor_registry/registrar_duel_start_179_corvin.mp3","unrecorded"
"vo_act_i_0180","Act I","ink/prologue.ink","458","ink/prologue.ink:458","registrar_duel_start","harbor_registry","REGISTRAR","The Registrar","No, I can't.","3","vo_line","scratch_cast","Alice","Xb7hH8MSUJpSbSDYk0k2","vo/act_i/harbor_registry/registrar_duel_start_180_registrar.mp3","unrecorded"
"vo_act_i_0181","Act I","ink/prologue.ink","460","ink/prologue.ink:460","registrar_duel_start","harbor_registry","REGISTRAR","The Registrar","I've been doing this forty years, Mr. Vale. Do you know what that means?","14","vo_line","scratch_cast","Alice","Xb7hH8MSUJpSbSDYk0k2","vo/act_i/harbor_registry/registrar_duel_start_181_registrar.mp3","unrecorded"
"vo_act_i_0182","Act I","ink/prologue.ink","462","ink/prologue.ink:462","registrar_duel_start","harbor_registry","CORVIN","Corvin Vale","You're very good with ink?","5","vo_line","scratch_cast","Callum","N2lVS1w4EtoT3dr4eOWO","vo/act_i/harbor_registry/registrar_duel_start_182_corvin.mp3","unrecorded"
"vo_act_i_0183","Act I","ink/prologue.ink","464","ink/prologue.ink:464","registrar_duel_start","harbor_registry","REGISTRAR","The Registrar","That I'm bored of it.","5","vo_line","scratch_cast","Alice","Xb7hH8MSUJpSbSDYk0k2","vo/act_i/harbor_registry/registrar_duel_start_183_registrar.mp3","unrecorded"
"vo_act_i_0184","Act I","ink/prologue.ink","466","ink/prologue.ink:466","registrar_duel_start","harbor_registry","REGISTRAR","The Registrar","Come on, then. The hall's cold and you won't notice, which is the only advantage you've got.","17","vo_line","scratch_cast","Alice","Xb7hH8MSUJpSbSDYk0k2","vo/act_i/harbor_registry/registrar_duel_start_184_registrar.mp3","unrecorded"
"vo_act_i_0185","Act I","ink/prologue.ink","472","ink/prologue.ink:472","registrar_duel_win","harbor_registry","REGISTRAR","The Registrar","...Say the rest.","3","vo_line","scratch_cast","Alice","Xb7hH8MSUJpSbSDYk0k2","vo/act_i/harbor_registry/registrar_duel_win_185_registrar.mp3","unrecorded"
"vo_act_i_0186","Act I","ink/prologue.ink","474","ink/prologue.ink:474","registrar_duel_win","harbor_registry","CORVIN","Corvin Vale","I read it twice. I wanted to be sure of the number before I took the money.","17","vo_line","scratch_cast","Callum","N2lVS1w4EtoT3dr4eOWO","vo/act_i/harbor_registry/registrar_duel_win_186_corvin.mp3","unrecorded"
"vo_act_i_0187","Act I","ink/prologue.ink","476","ink/prologue.ink:476","registrar_duel_win","harbor_registry","REGISTRAR","The Registrar","There. Vale, Corvin. Back in.","5","vo_line","scratch_cast","Alice","Xb7hH8MSUJpSbSDYk0k2","vo/act_i/harbor_registry/registrar_duel_win_187_registrar.mp3","unrecorded"
"vo_act_i_0188","Act I","ink/prologue.ink","478","ink/prologue.ink:478","registrar_duel_win","harbor_registry","REGISTRAR","The Registrar","You said the Kestrel out loud, in a hall, in front of forty people and a man selling pastries.","19","vo_line","scratch_cast","Alice","Xb7hH8MSUJpSbSDYk0k2","vo/act_i/harbor_registry/registrar_duel_win_188_registrar.mp3","unrecorded"
"vo_act_i_0189","Act I","ink/prologue.ink","480","ink/prologue.ink:480","registrar_duel_win","harbor_registry","REGISTRAR","The Registrar","There's nothing I could add.","5","vo_line","scratch_cast","Alice","Xb7hH8MSUJpSbSDYk0k2","vo/act_i/harbor_registry/registrar_duel_win_189_registrar.mp3","unrecorded"
"vo_act_i_0190","Act I","ink/prologue.ink","482","ink/prologue.ink:482","registrar_duel_win","harbor_registry","CORVIN","Corvin Vale","That sounds almost kind.","4","vo_line","scratch_cast","Callum","N2lVS1w4EtoT3dr4eOWO","vo/act_i/harbor_registry/registrar_duel_win_190_corvin.mp3","unrecorded"
"vo_act_i_0191","Act I","ink/prologue.ink","484","ink/prologue.ink:484","registrar_duel_win","harbor_registry","REGISTRAR","The Registrar","No.","1","vo_line","scratch_cast","Alice","Xb7hH8MSUJpSbSDYk0k2","vo/act_i/harbor_registry/registrar_duel_win_191_registrar.mp3","unrecorded"
"vo_act_i_0192","Act I","ink/prologue.ink","486","ink/prologue.ink:486","registrar_duel_win","harbor_registry","REGISTRAR","The Registrar","And Mr. Vale? What you told me in there, I'll be selling by supper.","14","vo_line","scratch_cast","Alice","Xb7hH8MSUJpSbSDYk0k2","vo/act_i/harbor_registry/registrar_duel_win_192_registrar.mp3","unrecorded"
"vo_act_i_0193","Act I","ink/prologue.ink","488","ink/prologue.ink:488","registrar_duel_win","harbor_registry","REGISTRAR","The Registrar","That's the job. You knew it was the job when you walked in.","13","vo_line","scratch_cast","Alice","Xb7hH8MSUJpSbSDYk0k2","vo/act_i/harbor_registry/registrar_duel_win_193_registrar.mp3","unrecorded"
"vo_act_i_0194","Act I","ink/prologue.ink","490","ink/prologue.ink:490","registrar_duel_win","harbor_registry","CORVIN","Corvin Vale","Yes.","1","vo_line","scratch_cast","Callum","N2lVS1w4EtoT3dr4eOWO","vo/act_i/harbor_registry/registrar_duel_win_194_corvin.mp3","unrecorded"
"vo_act_i_0195","Act I","ink/prologue.ink","492","ink/prologue.ink:492","registrar_duel_win","harbor_registry","REGISTRAR","The Registrar","Good. I prefer a man to recognize the knife before he rents it.","13","vo_line","scratch_cast","Alice","Xb7hH8MSUJpSbSDYk0k2","vo/act_i/harbor_registry/registrar_duel_win_195_registrar.mp3","unrecorded"
"vo_act_i_0196","Act I","ink/prologue.ink","498","ink/prologue.ink:498","registrar_duel_loss","harbor_registry","REGISTRAR","The Registrar","Enough. The salt has more patience than I do.","9","vo_line","scratch_cast","Alice","Xb7hH8MSUJpSbSDYk0k2","vo/act_i/harbor_registry/registrar_duel_loss_196_registrar.mp3","unrecorded"
"vo_act_i_0197","Act I","ink/prologue.ink","500","ink/prologue.ink:500","registrar_duel_loss","harbor_registry","CORVIN","Corvin Vale","That's not the first time I've lost to paperwork.","9","vo_line","scratch_cast","Callum","N2lVS1w4EtoT3dr4eOWO","vo/act_i/harbor_registry/registrar_duel_loss_197_corvin.mp3","unrecorded"
"vo_act_i_0198","Act I","ink/prologue.ink","506","ink/prologue.ink:506","registry_ledgers","harbor_registry","CORVIN","Corvin Vale","Four thousand names.","3","vo_line","scratch_cast","Callum","N2lVS1w4EtoT3dr4eOWO","vo/act_i/harbor_registry/registry_ledgers_198_corvin.mp3","unrecorded"
"vo_act_i_0199","Act I","ink/prologue.ink","508","ink/prologue.ink:508","registry_ledgers","harbor_registry","CORVIN","Corvin Vale","Every one struck out by the same hand.","8","vo_line","scratch_cast","Callum","N2lVS1w4EtoT3dr4eOWO","vo/act_i/harbor_registry/registry_ledgers_199_corvin.mp3","unrecorded"
"vo_act_i_0200","Act I","ink/prologue.ink","510","ink/prologue.ink:510","registry_ledgers","harbor_registry","REGISTRAR","The Registrar","Not the same hand. The same office.","7","vo_line","scratch_cast","Alice","Xb7hH8MSUJpSbSDYk0k2","vo/act_i/harbor_registry/registry_ledgers_200_registrar.mp3","unrecorded"
"vo_act_i_0201","Act I","ink/prologue.ink","512","ink/prologue.ink:512","registry_ledgers","harbor_registry","CORVIN","Corvin Vale","That's worse.","2","vo_line","scratch_cast","Callum","N2lVS1w4EtoT3dr4eOWO","vo/act_i/harbor_registry/registry_ledgers_201_corvin.mp3","unrecorded"
"vo_act_i_0202","Act I","ink/prologue.ink","514","ink/prologue.ink:514","registry_ledgers","harbor_registry","REGISTRAR","The Registrar","That's why offices survive.","4","vo_line","scratch_cast","Alice","Xb7hH8MSUJpSbSDYk0k2","vo/act_i/harbor_registry/registry_ledgers_202_registrar.mp3","unrecorded"
"vo_act_i_0203","Act I","ink/prologue.ink","516","ink/prologue.ink:516","registry_ledgers","harbor_registry","CORVIN","Corvin Vale","People don't. But the ledgers look well.","7","vo_line","scratch_cast","Callum","N2lVS1w4EtoT3dr4eOWO","vo/act_i/harbor_registry/registry_ledgers_203_corvin.mp3","unrecorded"
"vo_act_i_0204","Act I","ink/prologue.ink","518","ink/prologue.ink:518","registry_ledgers","harbor_registry","REGISTRAR","The Registrar","Paper has the decency not to beg.","7","vo_line","scratch_cast","Alice","Xb7hH8MSUJpSbSDYk0k2","vo/act_i/harbor_registry/registry_ledgers_204_registrar.mp3","unrecorded"
"vo_act_i_0205","Act I","ink/prologue.ink","524","ink/prologue.ink:524","registry_roll_book","harbor_registry","CORVIN","Corvin Vale","There. VALE, CORVIN.","3","vo_line","scratch_cast","Callum","N2lVS1w4EtoT3dr4eOWO","vo/act_i/harbor_registry/registry_roll_book_205_corvin.mp3","unrecorded"
"vo_act_i_0206","Act I","ink/prologue.ink","526","ink/prologue.ink:526","registry_roll_book","harbor_registry","NARRATION","Narration","The line through it has bitten into the paper, not just crossed it.","13","stage_direction_review","not_cast_stage_direction","","","vo/act_i/harbor_registry/registry_roll_book_206_narration.mp3","unrecorded"
"vo_act_i_0207","Act I","ink/prologue.ink","528","ink/prologue.ink:528","registry_roll_book","harbor_registry","CORVIN","Corvin Vale","And a line through it. Not even a neat one.","10","vo_line","scratch_cast","Callum","N2lVS1w4EtoT3dr4eOWO","vo/act_i/harbor_registry/registry_roll_book_207_corvin.mp3","unrecorded"
"vo_act_i_0208","Act I","ink/prologue.ink","530","ink/prologue.ink:530","registry_roll_book","harbor_registry","REGISTRAR","The Registrar","I was busy.","3","vo_line","scratch_cast","Alice","Xb7hH8MSUJpSbSDYk0k2","vo/act_i/harbor_registry/registry_roll_book_208_registrar.mp3","unrecorded"
"vo_act_i_0209","Act I","ink/prologue.ink","532","ink/prologue.ink:532","registry_roll_book","harbor_registry","CORVIN","Corvin Vale","I've been dead three days and somehow this is the wound that stings.","13","vo_line","scratch_cast","Callum","N2lVS1w4EtoT3dr4eOWO","vo/act_i/harbor_registry/registry_roll_book_209_corvin.mp3","unrecorded"
"vo_act_i_0210","Act I","ink/prologue.ink","534","ink/prologue.ink:534","registry_roll_book","harbor_registry","REGISTRAR","The Registrar","Names are vanity until someone takes yours away.","8","vo_line","scratch_cast","Alice","Xb7hH8MSUJpSbSDYk0k2","vo/act_i/harbor_registry/registry_roll_book_210_registrar.mp3","unrecorded"
"vo_act_i_0211","Act I","ink/prologue.ink","536","ink/prologue.ink:536","registry_roll_book","harbor_registry","CORVIN","Corvin Vale","That's almost comforting.","3","vo_line","scratch_cast","Callum","N2lVS1w4EtoT3dr4eOWO","vo/act_i/harbor_registry/registry_roll_book_211_corvin.mp3","unrecorded"
"vo_act_i_0212","Act I","ink/prologue.ink","538","ink/prologue.ink:538","registry_roll_book","harbor_registry","REGISTRAR","The Registrar","Then I phrased it poorly.","5","vo_line","scratch_cast","Alice","Xb7hH8MSUJpSbSDYk0k2","vo/act_i/harbor_registry/registry_roll_book_212_registrar.mp3","unrecorded"
"vo_act_i_0213","Act I","ink/prologue.ink","544","ink/prologue.ink:544","registry_lamp_smoked","harbor_registry","CORVIN","Corvin Vale","Terribly sorry.","2","vo_line","scratch_cast","Callum","N2lVS1w4EtoT3dr4eOWO","vo/act_i/harbor_registry/registry_lamp_smoked_213_corvin.mp3","unrecorded"
"vo_act_i_0214","Act I","ink/prologue.ink","546","ink/prologue.ink:546","registry_lamp_smoked","harbor_registry","REGISTRAR","The Registrar","You drowned on my rug and now you're drowning my lamp.","11","vo_line","scratch_cast","Alice","Xb7hH8MSUJpSbSDYk0k2","vo/act_i/harbor_registry/registry_lamp_smoked_214_registrar.mp3","unrecorded"
"vo_act_i_0215","Act I","ink/prologue.ink","548","ink/prologue.ink:548","registry_lamp_smoked","harbor_registry","CORVIN","Corvin Vale","I contain multitudes. Mostly water.","5","vo_line","scratch_cast","Callum","N2lVS1w4EtoT3dr4eOWO","vo/act_i/harbor_registry/registry_lamp_smoked_215_corvin.mp3","unrecorded"
"vo_act_i_0216","Act I","ink/prologue.ink","550","ink/prologue.ink:550","registry_lamp_smoked","harbor_registry","REGISTRAR","The Registrar","Don't move.","2","vo_line","scratch_cast","Alice","Xb7hH8MSUJpSbSDYk0k2","vo/act_i/harbor_registry/registry_lamp_smoked_216_registrar.mp3","unrecorded"
"vo_act_i_0217","Act I","ink/prologue.ink","552","ink/prologue.ink:552","registry_lamp_smoked","harbor_registry","CORVIN","Corvin Vale","Wouldn't dream of it.","4","vo_line","scratch_cast","Callum","N2lVS1w4EtoT3dr4eOWO","vo/act_i/harbor_registry/registry_lamp_smoked_217_corvin.mp3","unrecorded"
"vo_act_i_0218","Act I","ink/prologue.ink","554","ink/prologue.ink:554","registry_lamp_smoked","harbor_registry","REGISTRAR","The Registrar","You dream professionally, Mr. Vale. Stay professionally still.","8","vo_line","scratch_cast","Alice","Xb7hH8MSUJpSbSDYk0k2","vo/act_i/harbor_registry/registry_lamp_smoked_218_registrar.mp3","unrecorded"
"vo_act_i_0219","Act I","ink/prologue.ink","560","ink/prologue.ink:560","registry_ledger_blocked","harbor_registry","CORVIN","Corvin Vale","The Kestrel ledger is behind her desk.","7","vo_line","scratch_cast","Callum","N2lVS1w4EtoT3dr4eOWO","vo/act_i/harbor_registry/registry_ledger_blocked_219_corvin.mp3","unrecorded"
"vo_act_i_0220","Act I","ink/prologue.ink","562","ink/prologue.ink:562","registry_ledger_blocked","harbor_registry","REGISTRAR","The Registrar","And I am in front of my desk.","8","vo_line","scratch_cast","Alice","Xb7hH8MSUJpSbSDYk0k2","vo/act_i/harbor_registry/registry_ledger_blocked_220_registrar.mp3","unrecorded"
"vo_act_i_0221","Act I","ink/prologue.ink","564","ink/prologue.ink:564","registry_ledger_blocked","harbor_registry","CORVIN","Corvin Vale","You're very good at furniture.","5","vo_line","scratch_cast","Callum","N2lVS1w4EtoT3dr4eOWO","vo/act_i/harbor_registry/registry_ledger_blocked_221_corvin.mp3","unrecorded"
"vo_act_i_0222","Act I","ink/prologue.ink","570","ink/prologue.ink:570","registry_ledger_page","harbor_registry","CORVIN","Corvin Vale","Kestrel. Hold listed as freight.","5","vo_line","scratch_cast","Callum","N2lVS1w4EtoT3dr4eOWO","vo/act_i/harbor_registry/registry_ledger_page_222_corvin.mp3","unrecorded"
"vo_act_i_0223","Act I","ink/prologue.ink","572","ink/prologue.ink:572","registry_ledger_page","harbor_registry","CORVIN","Corvin Vale","Eleven names buried in a number column.","7","vo_line","scratch_cast","Callum","N2lVS1w4EtoT3dr4eOWO","vo/act_i/harbor_registry/registry_ledger_page_223_corvin.mp3","unrecorded"
"vo_act_i_0224","Act I","ink/prologue.ink","574","ink/prologue.ink:574","registry_ledger_page","harbor_registry","NARRATION","Narration","The Registrar sees the torn corner. She does not rise.","10","stage_direction_review","not_cast_stage_direction","","","vo/act_i/harbor_registry/registry_ledger_page_224_narration.mp3","unrecorded"
"vo_act_i_0225","Act I","ink/prologue.ink","576","ink/prologue.ink:576","registry_ledger_page","harbor_registry","REGISTRAR","The Registrar","Put that back.","3","vo_line","scratch_cast","Alice","Xb7hH8MSUJpSbSDYk0k2","vo/act_i/harbor_registry/registry_ledger_page_225_registrar.mp3","unrecorded"
"vo_act_i_0226","Act I","ink/prologue.ink","578","ink/prologue.ink:578","registry_ledger_page","harbor_registry","CORVIN","Corvin Vale","Can't. I'm making it worse honestly.","6","vo_line","scratch_cast","Callum","N2lVS1w4EtoT3dr4eOWO","vo/act_i/harbor_registry/registry_ledger_page_226_corvin.mp3","unrecorded"
"vo_act_i_0227","Act I","ink/prologue.ink","580","ink/prologue.ink:580","registry_ledger_page","harbor_registry","REGISTRAR","The Registrar","Good. Then say it properly when the room is listening.","10","vo_line","scratch_cast","Alice","Xb7hH8MSUJpSbSDYk0k2","vo/act_i/harbor_registry/registry_ledger_page_227_registrar.mp3","unrecorded"
"vo_act_i_0228","Act I","ink/prologue.ink","582","ink/prologue.ink:582","registry_ledger_page","harbor_registry","NARRATION","Narration","She files the moment somewhere quiet and reachable.","8","stage_direction_review","not_cast_stage_direction","","","vo/act_i/harbor_registry/registry_ledger_page_228_narration.mp3","unrecorded"
"vo_act_i_0229","Act I","ink/prologue.ink","584","ink/prologue.ink:584","registry_ledger_page","harbor_registry","CORVIN","Corvin Vale","You knew it was there.","5","vo_line","scratch_cast","Callum","N2lVS1w4EtoT3dr4eOWO","vo/act_i/harbor_registry/registry_ledger_page_229_corvin.mp3","unrecorded"
"vo_act_i_0230","Act I","ink/prologue.ink","586","ink/prologue.ink:586","registry_ledger_page","harbor_registry","REGISTRAR","The Registrar","I know where every body is, Mr. Vale. The living just file them creatively.","14","vo_line","scratch_cast","Alice","Xb7hH8MSUJpSbSDYk0k2","vo/act_i/harbor_registry/registry_ledger_page_230_registrar.mp3","unrecorded"
"vo_act_i_0231","Act I","ink/prologue.ink","592","ink/prologue.ink:592","registry_registrar_needs_manifest","harbor_registry","REGISTRAR","The Registrar","You can duel me when you know what you're here to say.","12","vo_line","scratch_cast","Alice","Xb7hH8MSUJpSbSDYk0k2","vo/act_i/harbor_registry/registry_registrar_needs_manifest_231_registrar.mp3","unrecorded"
"vo_act_i_0232","Act I","ink/prologue.ink","594","ink/prologue.ink:594","registry_registrar_needs_manifest","harbor_registry","CORVIN","Corvin Vale","I know my name.","4","vo_line","scratch_cast","Callum","N2lVS1w4EtoT3dr4eOWO","vo/act_i/harbor_registry/registry_registrar_needs_manifest_232_corvin.mp3","unrecorded"
"vo_act_i_0233","Act I","ink/prologue.ink","596","ink/prologue.ink:596","registry_registrar_needs_manifest","harbor_registry","REGISTRAR","The Registrar","So does the book. The book crossed it out anyway.","10","vo_line","scratch_cast","Alice","Xb7hH8MSUJpSbSDYk0k2","vo/act_i/harbor_registry/registry_registrar_needs_manifest_233_registrar.mp3","unrecorded"
"vo_act_i_0234","Act I","ink/prologue.ink","602","ink/prologue.ink:602","salt_market_confession_queue","salt_market","WOMAN","","He laughed at the funeral.","5","vo_line","needs_cast_decision","","","vo/act_i/salt_market/salt_market_confession_queue_234_woman.mp3","unrecorded"
"vo_act_i_0235","Act I","ink/prologue.ink","604","ink/prologue.ink:604","salt_market_confession_queue","salt_market","NARRATION","Narration","Eleven people wait to ask a dead man a question. Eight of them look like money.","16","stage_direction_review","not_cast_stage_direction","","","vo/act_i/salt_market/salt_market_confession_queue_235_narration.mp3","unrecorded"
"vo_act_i_0236","Act I","ink/prologue.ink","606","ink/prologue.ink:606","salt_market_confession_queue","salt_market","NARRATION","Narration","A boy in a collar takes shillings under a sign that promises truth by the minute.","16","stage_direction_review","not_cast_stage_direction","","","vo/act_i/salt_market/salt_market_confession_queue_236_narration.mp3","unrecorded"
"vo_act_i_0237","Act I","ink/prologue.ink","608","ink/prologue.ink:608","salt_market_confession_queue","salt_market","MAN","","People laugh when they're nervous.","5","vo_line","needs_cast_decision","","","vo/act_i/salt_market/salt_market_confession_queue_237_man.mp3","unrecorded"
"vo_act_i_0238","Act I","ink/prologue.ink","610","ink/prologue.ink:610","salt_market_confession_queue","salt_market","WOMAN","","He wasn't nervous. He asked if the coffin came with a receipt.","12","vo_line","needs_cast_decision","","","vo/act_i/salt_market/salt_market_confession_queue_238_woman.mp3","unrecorded"
"vo_act_i_0239","Act I","ink/prologue.ink","612","ink/prologue.ink:612","salt_market_confession_queue","salt_market","CORVIN","Corvin Vale","That's not even a good line.","6","vo_line","scratch_cast","Callum","N2lVS1w4EtoT3dr4eOWO","vo/act_i/salt_market/salt_market_confession_queue_239_corvin.mp3","unrecorded"
"vo_act_i_0240","Act I","ink/prologue.ink","614","ink/prologue.ink:614","salt_market_confession_queue","salt_market","WOMAN","","It was at the time.","5","vo_line","needs_cast_decision","","","vo/act_i/salt_market/salt_market_confession_queue_240_woman.mp3","unrecorded"
"vo_act_i_0241","Act I","ink/prologue.ink","620","ink/prologue.ink:620","salt_market_church_sign_wet","salt_market","CORVIN","Corvin Vale","Petty.","1","vo_line","scratch_cast","Callum","N2lVS1w4EtoT3dr4eOWO","vo/act_i/salt_market/salt_market_church_sign_wet_241_corvin.mp3","unrecorded"
"vo_act_i_0242","Act I","ink/prologue.ink","622","ink/prologue.ink:622","salt_market_church_sign_wet","salt_market","CORVIN","Corvin Vale","Necessary.","1","vo_line","scratch_cast","Callum","N2lVS1w4EtoT3dr4eOWO","vo/act_i/salt_market/salt_market_church_sign_wet_242_corvin.mp3","unrecorded"
"vo_act_i_0243","Act I","ink/prologue.ink","624","ink/prologue.ink:624","salt_market_church_sign_wet","salt_market","CORVIN","Corvin Vale","Both.","1","vo_line","scratch_cast","Callum","N2lVS1w4EtoT3dr4eOWO","vo/act_i/salt_market/salt_market_church_sign_wet_243_corvin.mp3","unrecorded"
"vo_act_i_0244","Act I","ink/prologue.ink","626","ink/prologue.ink:626","salt_market_church_sign_wet","salt_market","WOMAN","","Is he allowed to do that?","6","vo_line","needs_cast_decision","","","vo/act_i/salt_market/salt_market_church_sign_wet_244_woman.mp3","unrecorded"
"vo_act_i_0245","Act I","ink/prologue.ink","628","ink/prologue.ink:628","salt_market_church_sign_wet","salt_market","MAN","","He's dead. I don't know who fines him.","8","vo_line","needs_cast_decision","","","vo/act_i/salt_market/salt_market_church_sign_wet_245_man.mp3","unrecorded"
"vo_act_i_0246","Act I","ink/prologue.ink","634","ink/prologue.ink:634","fish_hall_ice_table","fish_hall","CORVIN","Corvin Vale","That's the table.","3","vo_line","scratch_cast","Callum","N2lVS1w4EtoT3dr4eOWO","vo/act_i/fish_hall/fish_hall_ice_table_246_corvin.mp3","unrecorded"
"vo_act_i_0247","Act I","ink/prologue.ink","636","ink/prologue.ink:636","fish_hall_ice_table","fish_hall","CORVIN","Corvin Vale","There's still a shape in the ice.","7","vo_line","scratch_cast","Callum","N2lVS1w4EtoT3dr4eOWO","vo/act_i/fish_hall/fish_hall_ice_table_247_corvin.mp3","unrecorded"
"vo_act_i_0248","Act I","ink/prologue.ink","638","ink/prologue.ink:638","fish_hall_ice_table","fish_hall","CORVIN","Corvin Vale","Smaller than I'd have guessed.","5","vo_line","scratch_cast","Callum","N2lVS1w4EtoT3dr4eOWO","vo/act_i/fish_hall/fish_hall_ice_table_248_corvin.mp3","unrecorded"
"vo_act_i_0249","Act I","ink/prologue.ink","640","ink/prologue.ink:640","fish_hall_ice_table","fish_hall","CORVIN","Corvin Vale","The fish got burlap. I got a sheet.","8","vo_line","scratch_cast","Callum","N2lVS1w4EtoT3dr4eOWO","vo/act_i/fish_hall/fish_hall_ice_table_249_corvin.mp3","unrecorded"
"vo_act_i_0250","Act I","ink/prologue.ink","642","ink/prologue.ink:642","fish_hall_ice_table","fish_hall","CORVIN","Corvin Vale","Very formal. Very dead.","4","vo_line","scratch_cast","Callum","N2lVS1w4EtoT3dr4eOWO","vo/act_i/fish_hall/fish_hall_ice_table_250_corvin.mp3","unrecorded"
"vo_act_i_0251","Act I","ink/prologue.ink","644","ink/prologue.ink:644","fish_hall_ice_table","fish_hall","CORVIN","Corvin Vale","Fits.","1","vo_line","scratch_cast","Callum","N2lVS1w4EtoT3dr4eOWO","vo/act_i/fish_hall/fish_hall_ice_table_251_corvin.mp3","unrecorded"
"vo_act_i_0252","Act I","ink/prologue.ink","646","ink/prologue.ink:646","fish_hall_ice_table","fish_hall","CORVIN","Corvin Vale","Well. That answers a question I didn't ask.","8","vo_line","scratch_cast","Callum","N2lVS1w4EtoT3dr4eOWO","vo/act_i/fish_hall/fish_hall_ice_table_252_corvin.mp3","unrecorded"
"vo_act_i_0253","Act I","ink/prologue.ink","648","ink/prologue.ink:648","fish_hall_ice_table","fish_hall","CORVIN","Corvin Vale","I always thought I'd take up more room.","8","vo_line","scratch_cast","Callum","N2lVS1w4EtoT3dr4eOWO","vo/act_i/fish_hall/fish_hall_ice_table_253_corvin.mp3","unrecorded"
"vo_act_i_0254","Act I","ink/prologue.ink","654","ink/prologue.ink:654","fish_hall_coroner_tag","fish_hall","CORVIN","Corvin Vale","VALE, C. THURS. RECOVERED, QUAY. NO MARKS.","7","vo_line","scratch_cast","Callum","N2lVS1w4EtoT3dr4eOWO","vo/act_i/fish_hall/fish_hall_coroner_tag_254_corvin.mp3","unrecorded"
"vo_act_i_0255","Act I","ink/prologue.ink","656","ink/prologue.ink:656","fish_hall_coroner_tag","fish_hall","CORVIN","Corvin Vale","They got the day right.","5","vo_line","scratch_cast","Callum","N2lVS1w4EtoT3dr4eOWO","vo/act_i/fish_hall/fish_hall_coroner_tag_255_corvin.mp3","unrecorded"
"vo_act_i_0256","Act I","ink/prologue.ink","658","ink/prologue.ink:658","fish_hall_coroner_tag","fish_hall","CORVIN","Corvin Vale","They got the place wrong, unless the quay learned to hold a man's head under.","15","vo_line","scratch_cast","Callum","N2lVS1w4EtoT3dr4eOWO","vo/act_i/fish_hall/fish_hall_coroner_tag_256_corvin.mp3","unrecorded"
"vo_act_i_0257","Act I","ink/prologue.ink","660","ink/prologue.ink:660","fish_hall_coroner_tag","fish_hall","CORVIN","Corvin Vale","No marks.","2","vo_line","scratch_cast","Callum","N2lVS1w4EtoT3dr4eOWO","vo/act_i/fish_hall/fish_hall_coroner_tag_257_corvin.mp3","unrecorded"
"vo_act_i_0258","Act I","ink/prologue.ink","662","ink/prologue.ink:662","fish_hall_coroner_tag","fish_hall","CORVIN","Corvin Vale","I want that on record too.","6","vo_line","scratch_cast","Callum","N2lVS1w4EtoT3dr4eOWO","vo/act_i/fish_hall/fish_hall_coroner_tag_258_corvin.mp3","unrecorded"
"vo_act_i_0259","Act I","ink/prologue.ink","664","ink/prologue.ink:664","fish_hall_coroner_tag","fish_hall","CORVIN","Corvin Vale","Nobody hit me. Nobody had to.","6","vo_line","scratch_cast","Callum","N2lVS1w4EtoT3dr4eOWO","vo/act_i/fish_hall/fish_hall_coroner_tag_259_corvin.mp3","unrecorded"
"vo_act_i_0260","Act I","ink/prologue.ink","666","ink/prologue.ink:666","fish_hall_coroner_tag","fish_hall","CORVIN","Corvin Vale","That's the part nobody writes down.","6","vo_line","scratch_cast","Callum","N2lVS1w4EtoT3dr4eOWO","vo/act_i/fish_hall/fish_hall_coroner_tag_260_corvin.mp3","unrecorded"
"vo_act_i_0261","Act I","ink/prologue.ink","672","ink/prologue.ink:672","fish_hall_visitor_book","fish_hall","CORVIN","Corvin Vale","Forty-one names.","3","vo_line","scratch_cast","Callum","N2lVS1w4EtoT3dr4eOWO","vo/act_i/fish_hall/fish_hall_visitor_book_261_corvin.mp3","unrecorded"
"vo_act_i_0262","Act I","ink/prologue.ink","674","ink/prologue.ink:674","fish_hall_visitor_book","fish_hall","CORVIN","Corvin Vale","People came through to look at me and signed for the privilege.","12","vo_line","scratch_cast","Callum","N2lVS1w4EtoT3dr4eOWO","vo/act_i/fish_hall/fish_hall_visitor_book_262_corvin.mp3","unrecorded"
"vo_act_i_0263","Act I","ink/prologue.ink","676","ink/prologue.ink:676","fish_hall_visitor_book","fish_hall","CORVIN","Corvin Vale","Good turnout. Terrible host.","4","vo_line","scratch_cast","Callum","N2lVS1w4EtoT3dr4eOWO","vo/act_i/fish_hall/fish_hall_visitor_book_263_corvin.mp3","unrecorded"
"vo_act_i_0264","Act I","ink/prologue.ink","678","ink/prologue.ink:678","fish_hall_visitor_book","fish_hall","CORVIN","Corvin Vale","Two clients, three creditors, and a woman who once told me I had merciful eyes.","15","vo_line","scratch_cast","Callum","N2lVS1w4EtoT3dr4eOWO","vo/act_i/fish_hall/fish_hall_visitor_book_264_corvin.mp3","unrecorded"
"vo_act_i_0265","Act I","ink/prologue.ink","680","ink/prologue.ink:680","fish_hall_visitor_book","fish_hall","CORVIN","Corvin Vale","I made a note to correct her, which is apparently my idea of mercy.","14","vo_line","scratch_cast","Callum","N2lVS1w4EtoT3dr4eOWO","vo/act_i/fish_hall/fish_hall_visitor_book_265_corvin.mp3","unrecorded"
"vo_act_i_0266","Act I","ink/prologue.ink","682","ink/prologue.ink:682","fish_hall_visitor_book","fish_hall","CORVIN","Corvin Vale","Sabine's not in it.","4","vo_line","scratch_cast","Callum","N2lVS1w4EtoT3dr4eOWO","vo/act_i/fish_hall/fish_hall_visitor_book_266_corvin.mp3","unrecorded"
"vo_act_i_0267","Act I","ink/prologue.ink","684","ink/prologue.ink:684","fish_hall_visitor_book","fish_hall","CORVIN","Corvin Vale","She wouldn't sign a thing like that.","7","vo_line","scratch_cast","Callum","N2lVS1w4EtoT3dr4eOWO","vo/act_i/fish_hall/fish_hall_visitor_book_267_corvin.mp3","unrecorded"
"vo_act_i_0268","Act I","ink/prologue.ink","686","ink/prologue.ink:686","fish_hall_visitor_book","fish_hall","CORVIN","Corvin Vale","She'd just come.","3","vo_line","scratch_cast","Callum","N2lVS1w4EtoT3dr4eOWO","vo/act_i/fish_hall/fish_hall_visitor_book_268_corvin.mp3","unrecorded"
"vo_act_i_0269","Act I","ink/prologue.ink","692","ink/prologue.ink:692","fish_hall_drain","fish_hall","CORVIN","Corvin Vale","It all goes back to the harbor eventually.","8","vo_line","scratch_cast","Callum","N2lVS1w4EtoT3dr4eOWO","vo/act_i/fish_hall/fish_hall_drain_269_corvin.mp3","unrecorded"
"vo_act_i_0270","Act I","ink/prologue.ink","694","ink/prologue.ink:694","fish_hall_drain","fish_hall","CORVIN","Corvin Vale","Ice water. Fish blood. Whatever was left of me.","9","vo_line","scratch_cast","Callum","N2lVS1w4EtoT3dr4eOWO","vo/act_i/fish_hall/fish_hall_drain_270_corvin.mp3","unrecorded"
"vo_act_i_0271","Act I","ink/prologue.ink","696","ink/prologue.ink:696","fish_hall_drain","fish_hall","CORVIN","Corvin Vale","Efficient island.","2","vo_line","scratch_cast","Callum","N2lVS1w4EtoT3dr4eOWO","vo/act_i/fish_hall/fish_hall_drain_271_corvin.mp3","unrecorded"
"vo_act_i_0272","Act I","ink/prologue.ink","698","ink/prologue.ink:698","fish_hall_drain","fish_hall","CORVIN","Corvin Vale","No romance about it at all.","6","vo_line","scratch_cast","Callum","N2lVS1w4EtoT3dr4eOWO","vo/act_i/fish_hall/fish_hall_drain_272_corvin.mp3","unrecorded"
"vo_act_i_0273","Act I","ink/prologue.ink","700","ink/prologue.ink:700","fish_hall_drain","fish_hall","CORVIN","Corvin Vale","Just gravity, brine, and somewhere lower to be.","8","vo_line","scratch_cast","Callum","N2lVS1w4EtoT3dr4eOWO","vo/act_i/fish_hall/fish_hall_drain_273_corvin.mp3","unrecorded"
"vo_act_i_0274","Act I","ink/prologue.ink","706","ink/prologue.ink:706","chandler_wares","bone_chandler","CORVIN","Corvin Vale","Buttons. Needles. A chess set.","5","vo_line","scratch_cast","Callum","N2lVS1w4EtoT3dr4eOWO","vo/act_i/bone_chandler/chandler_wares_274_corvin.mp3","unrecorded"
"vo_act_i_0275","Act I","ink/prologue.ink","708","ink/prologue.ink:708","chandler_wares","bone_chandler","CORVIN","Corvin Vale","All of it was somebody.","5","vo_line","scratch_cast","Callum","N2lVS1w4EtoT3dr4eOWO","vo/act_i/bone_chandler/chandler_wares_275_corvin.mp3","unrecorded"
"vo_act_i_0276","Act I","ink/prologue.ink","710","ink/prologue.ink:710","chandler_wares","bone_chandler","CHANDLER","Bone Chandler","Still is, if you ask the right buyer.","8","vo_line","scratch_cast","Will","bIHbv24MWmeRgasZH58o","vo/act_i/bone_chandler/chandler_wares_276_chandler.mp3","unrecorded"
"vo_act_i_0277","Act I","ink/prologue.ink","712","ink/prologue.ink:712","chandler_wares","bone_chandler","CORVIN","Corvin Vale","I'd rather not handle the neighbours.","6","vo_line","scratch_cast","Callum","N2lVS1w4EtoT3dr4eOWO","vo/act_i/bone_chandler/chandler_wares_277_corvin.mp3","unrecorded"
"vo_act_i_0278","Act I","ink/prologue.ink","718","ink/prologue.ink:718","chandler_chess_set","bone_chandler","CORVIN","Corvin Vale","White pieces are older stock.","5","vo_line","scratch_cast","Callum","N2lVS1w4EtoT3dr4eOWO","vo/act_i/bone_chandler/chandler_chess_set_278_corvin.mp3","unrecorded"
"vo_act_i_0279","Act I","ink/prologue.ink","720","ink/prologue.ink:720","chandler_chess_set","bone_chandler","CORVIN","Corvin Vale","They go pale after twenty years.","6","vo_line","scratch_cast","Callum","N2lVS1w4EtoT3dr4eOWO","vo/act_i/bone_chandler/chandler_chess_set_279_corvin.mp3","unrecorded"
"vo_act_i_0280","Act I","ink/prologue.ink","722","ink/prologue.ink:722","chandler_chess_set","bone_chandler","CORVIN","Corvin Vale","The black ones are recent.","5","vo_line","scratch_cast","Callum","N2lVS1w4EtoT3dr4eOWO","vo/act_i/bone_chandler/chandler_chess_set_280_corvin.mp3","unrecorded"
"vo_act_i_0281","Act I","ink/prologue.ink","724","ink/prologue.ink:724","chandler_chess_set","bone_chandler","CHANDLER","Bone Chandler","People prefer a matched set until they learn what matching costs.","11","vo_line","scratch_cast","Will","bIHbv24MWmeRgasZH58o","vo/act_i/bone_chandler/chandler_chess_set_281_chandler.mp3","unrecorded"
"vo_act_i_0282","Act I","ink/prologue.ink","726","ink/prologue.ink:726","chandler_chess_set","bone_chandler","CORVIN","Corvin Vale","I have rarely liked a sentence less.","7","vo_line","scratch_cast","Callum","N2lVS1w4EtoT3dr4eOWO","vo/act_i/bone_chandler/chandler_chess_set_282_corvin.mp3","unrecorded"
"vo_act_i_0283","Act I","ink/prologue.ink","732","ink/prologue.ink:732","chandler_needs_salt","bone_chandler","CORVIN","Corvin Vale","Prosper's watch.","2","vo_line","scratch_cast","Callum","N2lVS1w4EtoT3dr4eOWO","vo/act_i/bone_chandler/chandler_needs_salt_283_corvin.mp3","unrecorded"
"vo_act_i_0284","Act I","ink/prologue.ink","734","ink/prologue.ink:734","chandler_needs_salt","bone_chandler","CORVIN","Corvin Vale","Under glass, chain worn through on the left.","8","vo_line","scratch_cast","Callum","N2lVS1w4EtoT3dr4eOWO","vo/act_i/bone_chandler/chandler_needs_salt_284_corvin.mp3","unrecorded"
"vo_act_i_0285","Act I","ink/prologue.ink","736","ink/prologue.ink:736","chandler_needs_salt","bone_chandler","CHANDLER","Bone Chandler","Right-handed and anxious. You do look at things.","9","vo_line","scratch_cast","Will","bIHbv24MWmeRgasZH58o","vo/act_i/bone_chandler/chandler_needs_salt_285_chandler.mp3","unrecorded"
"vo_act_i_0286","Act I","ink/prologue.ink","738","ink/prologue.ink:738","chandler_needs_salt","bone_chandler","CORVIN","Corvin Vale","I need it.","3","vo_line","scratch_cast","Callum","N2lVS1w4EtoT3dr4eOWO","vo/act_i/bone_chandler/chandler_needs_salt_286_corvin.mp3","unrecorded"
"vo_act_i_0287","Act I","ink/prologue.ink","740","ink/prologue.ink:740","chandler_needs_salt","bone_chandler","CHANDLER","Bone Chandler","Not for sale, I'm afraid.","5","vo_line","scratch_cast","Will","bIHbv24MWmeRgasZH58o","vo/act_i/bone_chandler/chandler_needs_salt_287_chandler.mp3","unrecorded"
"vo_act_i_0288","Act I","ink/prologue.ink","742","ink/prologue.ink:742","chandler_needs_salt","bone_chandler","CORVIN","Corvin Vale","Everything's for sale. That's why you put it behind glass.","10","vo_line","scratch_cast","Callum","N2lVS1w4EtoT3dr4eOWO","vo/act_i/bone_chandler/chandler_needs_salt_288_corvin.mp3","unrecorded"
"vo_act_i_0289","Act I","ink/prologue.ink","744","ink/prologue.ink:744","chandler_needs_salt","bone_chandler","CHANDLER","Bone Chandler","Fresh salt from a walking returned man. Bring me that and we'll discuss glass.","14","vo_line","scratch_cast","Will","bIHbv24MWmeRgasZH58o","vo/act_i/bone_chandler/chandler_needs_salt_289_chandler.mp3","unrecorded"
"vo_act_i_0290","Act I","ink/prologue.ink","746","ink/prologue.ink:746","chandler_needs_salt","bone_chandler","CORVIN","Corvin Vale","And until then?","3","vo_line","scratch_cast","Callum","N2lVS1w4EtoT3dr4eOWO","vo/act_i/bone_chandler/chandler_needs_salt_290_corvin.mp3","unrecorded"
"vo_act_i_0291","Act I","ink/prologue.ink","748","ink/prologue.ink:748","chandler_needs_salt","bone_chandler","CHANDLER","Bone Chandler","Until then the glass and I are both watching you.","10","vo_line","scratch_cast","Will","bIHbv24MWmeRgasZH58o","vo/act_i/bone_chandler/chandler_needs_salt_291_chandler.mp3","unrecorded"
"vo_act_i_0292","Act I","ink/prologue.ink","754","ink/prologue.ink:754","chandler_watch_trade","bone_chandler","CHANDLER","Bone Chandler","Oh, you're new.","3","vo_line","scratch_cast","Will","bIHbv24MWmeRgasZH58o","vo/act_i/bone_chandler/chandler_watch_trade_292_chandler.mp3","unrecorded"
"vo_act_i_0293","Act I","ink/prologue.ink","756","ink/prologue.ink:756","chandler_watch_trade","bone_chandler","CORVIN","Corvin Vale","I'm not for sale.","4","vo_line","scratch_cast","Callum","N2lVS1w4EtoT3dr4eOWO","vo/act_i/bone_chandler/chandler_watch_trade_293_corvin.mp3","unrecorded"
"vo_act_i_0294","Act I","ink/prologue.ink","758","ink/prologue.ink:758","chandler_watch_trade","bone_chandler","CHANDLER","Bone Chandler","Everyone says that, and then day nine comes and someone ties a rope to them.","15","vo_line","scratch_cast","Will","bIHbv24MWmeRgasZH58o","vo/act_i/bone_chandler/chandler_watch_trade_294_chandler.mp3","unrecorded"
"vo_act_i_0295","Act I","ink/prologue.ink","760","ink/prologue.ink:760","chandler_watch_trade","bone_chandler","CHANDLER","Bone Chandler","The rope wears a groove, and the groove is where I start.","12","vo_line","scratch_cast","Will","bIHbv24MWmeRgasZH58o","vo/act_i/bone_chandler/chandler_watch_trade_295_chandler.mp3","unrecorded"
"vo_act_i_0296","Act I","ink/prologue.ink","762","ink/prologue.ink:762","chandler_watch_trade","bone_chandler","CORVIN","Corvin Vale","The watch. Under the glass.","5","vo_line","scratch_cast","Callum","N2lVS1w4EtoT3dr4eOWO","vo/act_i/bone_chandler/chandler_watch_trade_296_corvin.mp3","unrecorded"
"vo_act_i_0297","Act I","ink/prologue.ink","764","ink/prologue.ink:764","chandler_watch_trade","bone_chandler","CHANDLER","Bone Chandler","Prosper's. Collateral. Man owes me eleven shillings and the rot's taken his memory of owing it.","16","vo_line","scratch_cast","Will","bIHbv24MWmeRgasZH58o","vo/act_i/bone_chandler/chandler_watch_trade_297_chandler.mp3","unrecorded"
"vo_act_i_0298","Act I","ink/prologue.ink","766","ink/prologue.ink:766","chandler_watch_trade","bone_chandler","CORVIN","Corvin Vale","I'll trade.","2","vo_line","scratch_cast","Callum","N2lVS1w4EtoT3dr4eOWO","vo/act_i/bone_chandler/chandler_watch_trade_298_corvin.mp3","unrecorded"
"vo_act_i_0299","Act I","ink/prologue.ink","768","ink/prologue.ink:768","chandler_watch_trade","bone_chandler","CHANDLER","Bone Chandler","With what? You've got a wet coat and somebody else's boots.","11","vo_line","scratch_cast","Will","bIHbv24MWmeRgasZH58o","vo/act_i/bone_chandler/chandler_watch_trade_299_chandler.mp3","unrecorded"
"vo_act_i_0300","Act I","ink/prologue.ink","770","ink/prologue.ink:770","chandler_watch_trade","bone_chandler","CORVIN","Corvin Vale","Fresh enough?","2","vo_line","scratch_cast","Callum","N2lVS1w4EtoT3dr4eOWO","vo/act_i/bone_chandler/chandler_watch_trade_300_corvin.mp3","unrecorded"
"vo_act_i_0301","Act I","ink/prologue.ink","772","ink/prologue.ink:772","chandler_watch_trade","bone_chandler","CHANDLER","Bone Chandler","...That's fresh.","2","vo_line","scratch_cast","Will","bIHbv24MWmeRgasZH58o","vo/act_i/bone_chandler/chandler_watch_trade_301_chandler.mp3","unrecorded"
"vo_act_i_0302","Act I","ink/prologue.ink","774","ink/prologue.ink:774","chandler_watch_trade","bone_chandler","CORVIN","Corvin Vale","Off the knuckle. This morning.","5","vo_line","scratch_cast","Callum","N2lVS1w4EtoT3dr4eOWO","vo/act_i/bone_chandler/chandler_watch_trade_302_corvin.mp3","unrecorded"
"vo_act_i_0303","Act I","ink/prologue.ink","776","ink/prologue.ink:776","chandler_watch_trade","bone_chandler","CHANDLER","Bone Chandler","Off a walking man.","4","vo_line","scratch_cast","Will","bIHbv24MWmeRgasZH58o","vo/act_i/bone_chandler/chandler_watch_trade_303_chandler.mp3","unrecorded"
"vo_act_i_0304","Act I","ink/prologue.ink","778","ink/prologue.ink:778","chandler_watch_trade","bone_chandler","CHANDLER","Bone Chandler","Nobody brings me that. They bring me their uncle after he's set. They bring me buttons. Nobody brings me this.","20","vo_line","scratch_cast","Will","bIHbv24MWmeRgasZH58o","vo/act_i/bone_chandler/chandler_watch_trade_304_chandler.mp3","unrecorded"
"vo_act_i_0305","Act I","ink/prologue.ink","780","ink/prologue.ink:780","chandler_watch_trade","bone_chandler","CORVIN","Corvin Vale","I didn't feel it.","4","vo_line","scratch_cast","Callum","N2lVS1w4EtoT3dr4eOWO","vo/act_i/bone_chandler/chandler_watch_trade_305_corvin.mp3","unrecorded"
"vo_act_i_0306","Act I","ink/prologue.ink","782","ink/prologue.ink:782","chandler_watch_trade","bone_chandler","CHANDLER","Bone Chandler","No. That's rather the point, isn't it.","7","vo_line","scratch_cast","Will","bIHbv24MWmeRgasZH58o","vo/act_i/bone_chandler/chandler_watch_trade_306_chandler.mp3","unrecorded"
"vo_act_i_0307","Act I","ink/prologue.ink","784","ink/prologue.ink:784","chandler_watch_trade","bone_chandler","CHANDLER","Bone Chandler","Take the watch. Stop touching my counter.","7","vo_line","scratch_cast","Will","bIHbv24MWmeRgasZH58o","vo/act_i/bone_chandler/chandler_watch_trade_307_chandler.mp3","unrecorded"
"vo_act_i_0308","Act I","ink/prologue.ink","786","ink/prologue.ink:786","chandler_watch_trade","bone_chandler","CHANDLER","Bone Chandler","Come back when there's more.","5","vo_line","scratch_cast","Will","bIHbv24MWmeRgasZH58o","vo/act_i/bone_chandler/chandler_watch_trade_308_chandler.mp3","unrecorded"
"vo_act_i_0309","Act I","ink/prologue.ink","788","ink/prologue.ink:788","chandler_watch_trade","bone_chandler","CHANDLER","Bone Chandler","I'd rather you didn't. But come back.","7","vo_line","scratch_cast","Will","bIHbv24MWmeRgasZH58o","vo/act_i/bone_chandler/chandler_watch_trade_309_chandler.mp3","unrecorded"
"vo_act_i_0310","Act I","ink/prologue.ink","794","ink/prologue.ink:794","prosper_before_watch","almshouse","PROSPER","Half-Coin Prosper","Morning! Have we met?","4","vo_line","scratch_cast","Bill","pqHfZKP75CvOlQylNhV4","vo/act_i/almshouse/prosper_before_watch_310_prosper.mp3","unrecorded"
"vo_act_i_0311","Act I","ink/prologue.ink","796","ink/prologue.ink:796","prosper_before_watch","almshouse","CORVIN","Corvin Vale","Several times.","2","vo_line","scratch_cast","Callum","N2lVS1w4EtoT3dr4eOWO","vo/act_i/almshouse/prosper_before_watch_311_corvin.mp3","unrecorded"
"vo_act_i_0312","Act I","ink/prologue.ink","798","ink/prologue.ink:798","prosper_before_watch","almshouse","PROSPER","Half-Coin Prosper","Marvellous. How did it go?","5","vo_line","scratch_cast","Bill","pqHfZKP75CvOlQylNhV4","vo/act_i/almshouse/prosper_before_watch_312_prosper.mp3","unrecorded"
"vo_act_i_0313","Act I","ink/prologue.ink","800","ink/prologue.ink:800","prosper_before_watch","almshouse","CORVIN","Corvin Vale","Badly, mostly. I owed you money.","6","vo_line","scratch_cast","Callum","N2lVS1w4EtoT3dr4eOWO","vo/act_i/almshouse/prosper_before_watch_313_corvin.mp3","unrecorded"
"vo_act_i_0314","Act I","ink/prologue.ink","802","ink/prologue.ink:802","prosper_before_watch","almshouse","PROSPER","Half-Coin Prosper","Did you pay it?","4","vo_line","scratch_cast","Bill","pqHfZKP75CvOlQylNhV4","vo/act_i/almshouse/prosper_before_watch_314_prosper.mp3","unrecorded"
"vo_act_i_0315","Act I","ink/prologue.ink","804","ink/prologue.ink:804","prosper_before_watch","almshouse","CORVIN","Corvin Vale","No.","1","vo_line","scratch_cast","Callum","N2lVS1w4EtoT3dr4eOWO","vo/act_i/almshouse/prosper_before_watch_315_corvin.mp3","unrecorded"
"vo_act_i_0316","Act I","ink/prologue.ink","806","ink/prologue.ink:806","prosper_before_watch","almshouse","PROSPER","Half-Coin Prosper","Well, there we are.","4","vo_line","scratch_cast","Bill","pqHfZKP75CvOlQylNhV4","vo/act_i/almshouse/prosper_before_watch_316_prosper.mp3","unrecorded"
"vo_act_i_0317","Act I","ink/prologue.ink","808","ink/prologue.ink:808","prosper_before_watch","almshouse","PROSPER","Half-Coin Prosper","That makes us almost acquainted. Sit down, you look terrible.","10","vo_line","scratch_cast","Bill","pqHfZKP75CvOlQylNhV4","vo/act_i/almshouse/prosper_before_watch_317_prosper.mp3","unrecorded"
"vo_act_i_0318","Act I","ink/prologue.ink","810","ink/prologue.ink:810","prosper_before_watch","almshouse","CORVIN","Corvin Vale","You don't remember me.","4","vo_line","scratch_cast","Callum","N2lVS1w4EtoT3dr4eOWO","vo/act_i/almshouse/prosper_before_watch_318_corvin.mp3","unrecorded"
"vo_act_i_0319","Act I","ink/prologue.ink","812","ink/prologue.ink:812","prosper_before_watch","almshouse","PROSPER","Half-Coin Prosper","No, but I can tell I was probably right to be fond of you.","14","vo_line","scratch_cast","Bill","pqHfZKP75CvOlQylNhV4","vo/act_i/almshouse/prosper_before_watch_319_prosper.mp3","unrecorded"
"vo_act_i_0320","Act I","ink/prologue.ink","814","ink/prologue.ink:814","prosper_before_watch","almshouse","CORVIN","Corvin Vale","That's generous.","2","vo_line","scratch_cast","Callum","N2lVS1w4EtoT3dr4eOWO","vo/act_i/almshouse/prosper_before_watch_320_corvin.mp3","unrecorded"
"vo_act_i_0321","Act I","ink/prologue.ink","816","ink/prologue.ink:816","prosper_before_watch","almshouse","PROSPER","Half-Coin Prosper","It's cheap. I get to spend it fresh every morning.","10","vo_line","scratch_cast","Bill","pqHfZKP75CvOlQylNhV4","vo/act_i/almshouse/prosper_before_watch_321_prosper.mp3","unrecorded"
"vo_act_i_0322","Act I","ink/prologue.ink","822","ink/prologue.ink:822","prosper_forgiveness","almshouse","CORVIN","Corvin Vale","I've got something of yours.","5","vo_line","scratch_cast","Callum","N2lVS1w4EtoT3dr4eOWO","vo/act_i/almshouse/prosper_forgiveness_322_corvin.mp3","unrecorded"
"vo_act_i_0323","Act I","ink/prologue.ink","824","ink/prologue.ink:824","prosper_forgiveness","almshouse","PROSPER","Half-Coin Prosper","...Oh.","1","vo_line","scratch_cast","Bill","pqHfZKP75CvOlQylNhV4","vo/act_i/almshouse/prosper_forgiveness_323_prosper.mp3","unrecorded"
"vo_act_i_0324","Act I","ink/prologue.ink","826","ink/prologue.ink:826","prosper_forgiveness","almshouse","CORVIN","Corvin Vale","You know it?","3","vo_line","scratch_cast","Callum","N2lVS1w4EtoT3dr4eOWO","vo/act_i/almshouse/prosper_forgiveness_324_corvin.mp3","unrecorded"
"vo_act_i_0325","Act I","ink/prologue.ink","828","ink/prologue.ink:828","prosper_forgiveness","almshouse","PROSPER","Half-Coin Prosper","No. I don't know it at all. But my hand does.","11","vo_line","scratch_cast","Bill","pqHfZKP75CvOlQylNhV4","vo/act_i/almshouse/prosper_forgiveness_325_prosper.mp3","unrecorded"
"vo_act_i_0326","Act I","ink/prologue.ink","830","ink/prologue.ink:830","prosper_forgiveness","almshouse","PROSPER","Half-Coin Prosper","Look. I've done that ten thousand times and I couldn't tell you once.","13","vo_line","scratch_cast","Bill","pqHfZKP75CvOlQylNhV4","vo/act_i/almshouse/prosper_forgiveness_326_prosper.mp3","unrecorded"
"vo_act_i_0327","Act I","ink/prologue.ink","832","ink/prologue.ink:832","prosper_forgiveness","almshouse","CORVIN","Corvin Vale","It was at the Chandler's. Collateral.","6","vo_line","scratch_cast","Callum","N2lVS1w4EtoT3dr4eOWO","vo/act_i/almshouse/prosper_forgiveness_327_corvin.mp3","unrecorded"
"vo_act_i_0328","Act I","ink/prologue.ink","834","ink/prologue.ink:834","prosper_forgiveness","almshouse","PROSPER","Half-Coin Prosper","And you got it back for me.","7","vo_line","scratch_cast","Bill","pqHfZKP75CvOlQylNhV4","vo/act_i/almshouse/prosper_forgiveness_328_prosper.mp3","unrecorded"
"vo_act_i_0329","Act I","ink/prologue.ink","836","ink/prologue.ink:836","prosper_forgiveness","almshouse","CORVIN","Corvin Vale","Yes.","1","vo_line","scratch_cast","Callum","N2lVS1w4EtoT3dr4eOWO","vo/act_i/almshouse/prosper_forgiveness_329_corvin.mp3","unrecorded"
"vo_act_i_0330","Act I","ink/prologue.ink","838","ink/prologue.ink:838","prosper_forgiveness","almshouse","PROSPER","Half-Coin Prosper","Why?","1","vo_line","scratch_cast","Bill","pqHfZKP75CvOlQylNhV4","vo/act_i/almshouse/prosper_forgiveness_330_prosper.mp3","unrecorded"
"vo_act_i_0331","Act I","ink/prologue.ink","840","ink/prologue.ink:840","prosper_forgiveness","almshouse","CORVIN","Corvin Vale","Because I need a favour and this was the shortest route to it.","13","vo_line","scratch_cast","Callum","N2lVS1w4EtoT3dr4eOWO","vo/act_i/almshouse/prosper_forgiveness_331_corvin.mp3","unrecorded"
"vo_act_i_0332","Act I","ink/prologue.ink","842","ink/prologue.ink:842","prosper_forgiveness","almshouse","PROSPER","Half-Coin Prosper","Oh, that's lovely. Nobody's been honest with me in months.","10","vo_line","scratch_cast","Bill","pqHfZKP75CvOlQylNhV4","vo/act_i/almshouse/prosper_forgiveness_332_prosper.mp3","unrecorded"
"vo_act_i_0333","Act I","ink/prologue.ink","844","ink/prologue.ink:844","prosper_forgiveness","almshouse","PROSPER","Half-Coin Prosper","They all think I won't notice, and they're right, but I notice that.","13","vo_line","scratch_cast","Bill","pqHfZKP75CvOlQylNhV4","vo/act_i/almshouse/prosper_forgiveness_333_prosper.mp3","unrecorded"
"vo_act_i_0334","Act I","ink/prologue.ink","846","ink/prologue.ink:846","prosper_forgiveness","almshouse","PROSPER","Half-Coin Prosper","Go on. What's the favour?","5","vo_line","scratch_cast","Bill","pqHfZKP75CvOlQylNhV4","vo/act_i/almshouse/prosper_forgiveness_334_prosper.mp3","unrecorded"
"vo_act_i_0335","Act I","ink/prologue.ink","848","ink/prologue.ink:848","prosper_forgiveness","almshouse","CORVIN","Corvin Vale","I need a debt forgiven. In writing. Signed.","8","vo_line","scratch_cast","Callum","N2lVS1w4EtoT3dr4eOWO","vo/act_i/almshouse/prosper_forgiveness_335_corvin.mp3","unrecorded"
"vo_act_i_0336","Act I","ink/prologue.ink","850","ink/prologue.ink:850","prosper_forgiveness","almshouse","PROSPER","Half-Coin Prosper","Is that all?","3","vo_line","scratch_cast","Bill","pqHfZKP75CvOlQylNhV4","vo/act_i/almshouse/prosper_forgiveness_336_prosper.mp3","unrecorded"
"vo_act_i_0337","Act I","ink/prologue.ink","852","ink/prologue.ink:852","prosper_forgiveness","almshouse","PROSPER","Half-Coin Prosper","Whose?","1","vo_line","scratch_cast","Bill","pqHfZKP75CvOlQylNhV4","vo/act_i/almshouse/prosper_forgiveness_337_prosper.mp3","unrecorded"
"vo_act_i_0338","Act I","ink/prologue.ink","854","ink/prologue.ink:854","prosper_forgiveness","almshouse","CORVIN","Corvin Vale","...","0","vo_line","scratch_cast","Callum","N2lVS1w4EtoT3dr4eOWO","vo/act_i/almshouse/prosper_forgiveness_338_corvin.mp3","unrecorded"
"vo_act_i_0339","Act I","ink/prologue.ink","856","ink/prologue.ink:856","prosper_forgiveness","almshouse","CORVIN","Corvin Vale","Mine. Eleven shillings, sixteen years, and I've been avoiding you in the street since before you got sick.","18","vo_line","scratch_cast","Callum","N2lVS1w4EtoT3dr4eOWO","vo/act_i/almshouse/prosper_forgiveness_339_corvin.mp3","unrecorded"
"vo_act_i_0340","Act I","ink/prologue.ink","858","ink/prologue.ink:858","prosper_forgiveness","almshouse","PROSPER","Half-Coin Prosper","...Corvin.","1","vo_line","scratch_cast","Bill","pqHfZKP75CvOlQylNhV4","vo/act_i/almshouse/prosper_forgiveness_340_prosper.mp3","unrecorded"
"vo_act_i_0341","Act I","ink/prologue.ink","860","ink/prologue.ink:860","prosper_forgiveness","almshouse","CORVIN","Corvin Vale","Yes.","1","vo_line","scratch_cast","Callum","N2lVS1w4EtoT3dr4eOWO","vo/act_i/almshouse/prosper_forgiveness_341_corvin.mp3","unrecorded"
"vo_act_i_0342","Act I","ink/prologue.ink","862","ink/prologue.ink:862","prosper_forgiveness","almshouse","PROSPER","Half-Coin Prosper","I'm sorry â€” who?","3","vo_line","scratch_cast","Bill","pqHfZKP75CvOlQylNhV4","vo/act_i/almshouse/prosper_forgiveness_342_prosper.mp3","unrecorded"
"vo_act_i_0343","Act I","ink/prologue.ink","864","ink/prologue.ink:864","prosper_forgiveness","almshouse","PROSPER","Half-Coin Prosper","There. Whoever you are, you don't owe me anything. We'll pretend I didn't hear the rest.","16","vo_line","scratch_cast","Bill","pqHfZKP75CvOlQylNhV4","vo/act_i/almshouse/prosper_forgiveness_343_prosper.mp3","unrecorded"
"vo_act_i_0344","Act I","ink/prologue.ink","870","ink/prologue.ink:870","almshouse_cots","almshouse","CORVIN","Corvin Vale","Twelve cots.","2","vo_line","scratch_cast","Callum","N2lVS1w4EtoT3dr4eOWO","vo/act_i/almshouse/almshouse_cots_344_corvin.mp3","unrecorded"
"vo_act_i_0345","Act I","ink/prologue.ink","872","ink/prologue.ink:872","almshouse_cots","almshouse","CORVIN","Corvin Vale","Nine occupied.","2","vo_line","scratch_cast","Callum","N2lVS1w4EtoT3dr4eOWO","vo/act_i/almshouse/almshouse_cots_345_corvin.mp3","unrecorded"
"vo_act_i_0346","Act I","ink/prologue.ink","874","ink/prologue.ink:874","almshouse_cots","almshouse","CORVIN","Corvin Vale","Three of them are past talking and nobody's moved them yet.","11","vo_line","scratch_cast","Callum","N2lVS1w4EtoT3dr4eOWO","vo/act_i/almshouse/almshouse_cots_346_corvin.mp3","unrecorded"
"vo_act_i_0347","Act I","ink/prologue.ink","876","ink/prologue.ink:876","almshouse_cots","almshouse","CORVIN","Corvin Vale","The sheets are folded back from their feet so the salt doesn't glue them down.","15","vo_line","scratch_cast","Callum","N2lVS1w4EtoT3dr4eOWO","vo/act_i/almshouse/almshouse_cots_347_corvin.mp3","unrecorded"
"vo_act_i_0348","Act I","ink/prologue.ink","878","ink/prologue.ink:878","almshouse_cots","almshouse","PROSPER","Half-Coin Prosper","That's kind. Some people move you before you're done being somewhere.","11","vo_line","scratch_cast","Bill","pqHfZKP75CvOlQylNhV4","vo/act_i/almshouse/almshouse_cots_348_prosper.mp3","unrecorded"
"vo_act_i_0349","Act I","ink/prologue.ink","884","ink/prologue.ink:884","almshouse_window","almshouse","CORVIN","Corvin Vale","The window faces the water.","5","vo_line","scratch_cast","Callum","N2lVS1w4EtoT3dr4eOWO","vo/act_i/almshouse/almshouse_window_349_corvin.mp3","unrecorded"
"vo_act_i_0350","Act I","ink/prologue.ink","886","ink/prologue.ink:886","almshouse_window","almshouse","CORVIN","Corvin Vale","That seems cruel until you realize nobody here remembers what it means.","12","vo_line","scratch_cast","Callum","N2lVS1w4EtoT3dr4eOWO","vo/act_i/almshouse/almshouse_window_350_corvin.mp3","unrecorded"
"vo_act_i_0351","Act I","ink/prologue.ink","888","ink/prologue.ink:888","almshouse_window","almshouse","CORVIN","Corvin Vale","Every bed gets a stripe of harbor light. Equal shares of a bad idea.","14","vo_line","scratch_cast","Callum","N2lVS1w4EtoT3dr4eOWO","vo/act_i/almshouse/almshouse_window_351_corvin.mp3","unrecorded"
"vo_act_i_0352","Act I","ink/prologue.ink","890","ink/prologue.ink:890","almshouse_window","almshouse","PROSPER","Half-Coin Prosper","Pretty, though.","2","vo_line","scratch_cast","Bill","pqHfZKP75CvOlQylNhV4","vo/act_i/almshouse/almshouse_window_352_prosper.mp3","unrecorded"
"vo_act_i_0353","Act I","ink/prologue.ink","892","ink/prologue.ink:892","almshouse_window","almshouse","CORVIN","Corvin Vale","Yes. That's usually how cruelty gets inside.","7","vo_line","scratch_cast","Callum","N2lVS1w4EtoT3dr4eOWO","vo/act_i/almshouse/almshouse_window_353_corvin.mp3","unrecorded"
"vo_act_i_0354","Act I","ink/prologue.ink","898","ink/prologue.ink:898","juno_needs_rate_card","grey_float","JUNO","Juno Ash","That pump is the only reason this barge is a barge and not a wreck with opinions.","17","vo_line","scratch_cast","Domi","AZnzlk1XvdvUeBnXmlld","vo/act_i/grey_float/juno_needs_rate_card_354_juno.mp3","unrecorded"
"vo_act_i_0355","Act I","ink/prologue.ink","900","ink/prologue.ink:900","juno_needs_rate_card","grey_float","CORVIN","Corvin Vale","I need something in my chest that ticks for an hour.","11","vo_line","scratch_cast","Callum","N2lVS1w4EtoT3dr4eOWO","vo/act_i/grey_float/juno_needs_rate_card_355_corvin.mp3","unrecorded"
"vo_act_i_0356","Act I","ink/prologue.ink","902","ink/prologue.ink:902","juno_needs_rate_card","grey_float","JUNO","Juno Ash","Then bring me something worth breaking a pump over.","9","vo_line","scratch_cast","Domi","AZnzlk1XvdvUeBnXmlld","vo/act_i/grey_float/juno_needs_rate_card_356_juno.mp3","unrecorded"
"vo_act_i_0357","Act I","ink/prologue.ink","908","ink/prologue.ink:908","float_juno_table","grey_float","JUNO","Juno Ash","You're dripping on my deck, and my deck is already wet, so I want you to understand that I noticed anyway.","21","vo_line","scratch_cast","Domi","AZnzlk1XvdvUeBnXmlld","vo/act_i/grey_float/float_juno_table_357_juno.mp3","unrecorded"
"vo_act_i_0358","Act I","ink/prologue.ink","910","ink/prologue.ink:910","float_juno_table","grey_float","CORVIN","Corvin Vale","Juno.","1","vo_line","scratch_cast","Callum","N2lVS1w4EtoT3dr4eOWO","vo/act_i/grey_float/float_juno_table_358_corvin.mp3","unrecorded"
"vo_act_i_0359","Act I","ink/prologue.ink","912","ink/prologue.ink:912","float_juno_table","grey_float","JUNO","Juno Ash","Corvin Vale. Well. You look exactly the same, which is the rudest thing you've ever done to me.","18","vo_line","scratch_cast","Domi","AZnzlk1XvdvUeBnXmlld","vo/act_i/grey_float/float_juno_table_359_juno.mp3","unrecorded"
"vo_act_i_0360","Act I","ink/prologue.ink","914","ink/prologue.ink:914","float_juno_table","grey_float","CORVIN","Corvin Vale","People keep screaming.","3","vo_line","scratch_cast","Callum","N2lVS1w4EtoT3dr4eOWO","vo/act_i/grey_float/float_juno_table_360_corvin.mp3","unrecorded"
"vo_act_i_0361","Act I","ink/prologue.ink","916","ink/prologue.ink:916","float_juno_table","grey_float","JUNO","Juno Ash","People are tourists. Sit. Don't sit there, that's Adela's. Sit there.","11","vo_line","scratch_cast","Domi","AZnzlk1XvdvUeBnXmlld","vo/act_i/grey_float/float_juno_table_361_juno.mp3","unrecorded"
"vo_act_i_0362","Act I","ink/prologue.ink","918","ink/prologue.ink:918","float_juno_table","grey_float","JUNO","Juno Ash","Everybody comes here to feel something, sugar. You're just the first one honest about not being able to.","18","vo_line","scratch_cast","Domi","AZnzlk1XvdvUeBnXmlld","vo/act_i/grey_float/float_juno_table_362_juno.mp3","unrecorded"
"vo_act_i_0363","Act I","ink/prologue.ink","920","ink/prologue.ink:920","float_juno_table","grey_float","CORVIN","Corvin Vale","I need your pump governor.","5","vo_line","scratch_cast","Callum","N2lVS1w4EtoT3dr4eOWO","vo/act_i/grey_float/float_juno_table_363_corvin.mp3","unrecorded"
"vo_act_i_0364","Act I","ink/prologue.ink","922","ink/prologue.ink:922","float_juno_table","grey_float","JUNO","Juno Ash","No.","1","vo_line","scratch_cast","Domi","AZnzlk1XvdvUeBnXmlld","vo/act_i/grey_float/float_juno_table_364_juno.mp3","unrecorded"
"vo_act_i_0365","Act I","ink/prologue.ink","924","ink/prologue.ink:924","float_juno_table","grey_float","CORVIN","Corvin Vale","Juno.","1","vo_line","scratch_cast","Callum","N2lVS1w4EtoT3dr4eOWO","vo/act_i/grey_float/float_juno_table_365_corvin.mp3","unrecorded"
"vo_act_i_0366","Act I","ink/prologue.ink","926","ink/prologue.ink:926","float_juno_table","grey_float","JUNO","Juno Ash","That pump is the only reason this barge is a barge and not a wreck with opinions.","17","vo_line","scratch_cast","Domi","AZnzlk1XvdvUeBnXmlld","vo/act_i/grey_float/float_juno_table_366_juno.mp3","unrecorded"
"vo_act_i_0367","Act I","ink/prologue.ink","928","ink/prologue.ink:928","float_juno_table","grey_float","CORVIN","Corvin Vale","I need something in my chest that ticks for an hour.","11","vo_line","scratch_cast","Callum","N2lVS1w4EtoT3dr4eOWO","vo/act_i/grey_float/float_juno_table_367_corvin.mp3","unrecorded"
"vo_act_i_0368","Act I","ink/prologue.ink","930","ink/prologue.ink:930","float_juno_table","grey_float","JUNO","Juno Ash","Oh, that's good. What's it worth?","6","vo_line","scratch_cast","Domi","AZnzlk1XvdvUeBnXmlld","vo/act_i/grey_float/float_juno_table_368_juno.mp3","unrecorded"
"vo_act_i_0369","Act I","ink/prologue.ink","932","ink/prologue.ink:932","float_juno_table","grey_float","CORVIN","Corvin Vale","What do you want?","4","vo_line","scratch_cast","Callum","N2lVS1w4EtoT3dr4eOWO","vo/act_i/grey_float/float_juno_table_369_corvin.mp3","unrecorded"
"vo_act_i_0370","Act I","ink/prologue.ink","934","ink/prologue.ink:934","float_juno_table","grey_float","JUNO","Juno Ash","The Church's rate card. By question type. With the margins.","10","vo_line","scratch_cast","Domi","AZnzlk1XvdvUeBnXmlld","vo/act_i/grey_float/float_juno_table_370_juno.mp3","unrecorded"
"vo_act_i_0371","Act I","ink/prologue.ink","940","ink/prologue.ink:940","juno_regulator_trade","grey_float","JUNO","Juno Ash","Thirty years I ran that trade. Thirty.","7","vo_line","scratch_cast","Domi","AZnzlk1XvdvUeBnXmlld","vo/act_i/grey_float/juno_regulator_trade_371_juno.mp3","unrecorded"
"vo_act_i_0372","Act I","ink/prologue.ink","942","ink/prologue.ink:942","juno_regulator_trade","grey_float","JUNO","Juno Ash","And they came in with a building and a tariff, and now there's a queue in the market and a boy in a collar taking a shilling a question.","29","vo_line","scratch_cast","Domi","AZnzlk1XvdvUeBnXmlld","vo/act_i/grey_float/juno_regulator_trade_372_juno.mp3","unrecorded"
"vo_act_i_0373","Act I","ink/prologue.ink","944","ink/prologue.ink:944","juno_regulator_trade","grey_float","CORVIN","Corvin Vale","Sixteen percent on grief. It's in there.","7","vo_line","scratch_cast","Callum","N2lVS1w4EtoT3dr4eOWO","vo/act_i/grey_float/juno_regulator_trade_373_corvin.mp3","unrecorded"
"vo_act_i_0374","Act I","ink/prologue.ink","946","ink/prologue.ink:946","juno_regulator_trade","grey_float","JUNO","Juno Ash","Sixteen.","1","vo_line","scratch_cast","Domi","AZnzlk1XvdvUeBnXmlld","vo/act_i/grey_float/juno_regulator_trade_374_juno.mp3","unrecorded"
"vo_act_i_0375","Act I","ink/prologue.ink","948","ink/prologue.ink:948","juno_regulator_trade","grey_float","CORVIN","Corvin Vale","I brought the Church rate card.","6","vo_line","scratch_cast","Callum","N2lVS1w4EtoT3dr4eOWO","vo/act_i/grey_float/juno_regulator_trade_375_corvin.mp3","unrecorded"
"vo_act_i_0376","Act I","ink/prologue.ink","950","ink/prologue.ink:950","juno_regulator_trade","grey_float","NARRATION","Narration","Juno does not touch it. She looks at it a long time.","12","stage_direction_review","not_cast_stage_direction","","","vo/act_i/grey_float/juno_regulator_trade_376_narration.mp3","unrecorded"
"vo_act_i_0377","Act I","ink/prologue.ink","952","ink/prologue.ink:952","juno_regulator_trade","grey_float","JUNO","Juno Ash","Governor's on the pump. Take it, mind the spring. And Corvin â€” the pool's free.","14","vo_line","scratch_cast","Domi","AZnzlk1XvdvUeBnXmlld","vo/act_i/grey_float/juno_regulator_trade_377_juno.mp3","unrecorded"
"vo_act_i_0378","Act I","ink/prologue.ink","954","ink/prologue.ink:954","juno_regulator_trade","grey_float","CORVIN","Corvin Vale","How did youâ€”","3","vo_line","scratch_cast","Callum","N2lVS1w4EtoT3dr4eOWO","vo/act_i/grey_float/juno_regulator_trade_378_corvin.mp3","unrecorded"
"vo_act_i_0379","Act I","ink/prologue.ink","956","ink/prologue.ink:956","juno_regulator_trade","grey_float","JUNO","Juno Ash","Sugar, I've been putting warmth into cold men for forty years. It's the whole business.","15","vo_line","scratch_cast","Domi","AZnzlk1XvdvUeBnXmlld","vo/act_i/grey_float/juno_regulator_trade_379_juno.mp3","unrecorded"
"vo_act_i_0380","Act I","ink/prologue.ink","962","ink/prologue.ink:962","juno_pool_before_permission","grey_float","CORVIN","Corvin Vale","The pool's warm.","3","vo_line","scratch_cast","Callum","N2lVS1w4EtoT3dr4eOWO","vo/act_i/grey_float/juno_pool_before_permission_380_corvin.mp3","unrecorded"
"vo_act_i_0381","Act I","ink/prologue.ink","964","ink/prologue.ink:964","juno_pool_before_permission","grey_float","JUNO","Juno Ash","The pool's mine.","3","vo_line","scratch_cast","Domi","AZnzlk1XvdvUeBnXmlld","vo/act_i/grey_float/juno_pool_before_permission_381_juno.mp3","unrecorded"
"vo_act_i_0382","Act I","ink/prologue.ink","966","ink/prologue.ink:966","juno_pool_before_permission","grey_float","CORVIN","Corvin Vale","That's a distinction with steam on it.","7","vo_line","scratch_cast","Callum","N2lVS1w4EtoT3dr4eOWO","vo/act_i/grey_float/juno_pool_before_permission_382_corvin.mp3","unrecorded"
"vo_act_i_0383","Act I","ink/prologue.ink","968","ink/prologue.ink:968","juno_pool_before_permission","grey_float","JUNO","Juno Ash","Bring me the Church's rate card, sugar. Then we'll discuss your temperature.","12","vo_line","scratch_cast","Domi","AZnzlk1XvdvUeBnXmlld","vo/act_i/grey_float/juno_pool_before_permission_383_juno.mp3","unrecorded"
"vo_act_i_0384","Act I","ink/prologue.ink","974","ink/prologue.ink:974","juno_hot_pool_soak","grey_float","JUNO","Juno Ash","Ten minutes.","2","vo_line","scratch_cast","Domi","AZnzlk1XvdvUeBnXmlld","vo/act_i/grey_float/juno_hot_pool_soak_384_juno.mp3","unrecorded"
"vo_act_i_0385","Act I","ink/prologue.ink","976","ink/prologue.ink:976","juno_hot_pool_soak","grey_float","NARRATION","Narration","The amber screen slides shut. Steam turns the room into voices and shoulders.","13","stage_direction_review","not_cast_stage_direction","","","vo/act_i/grey_float/juno_hot_pool_soak_385_narration.mp3","unrecorded"
"vo_act_i_0386","Act I","ink/prologue.ink","978","ink/prologue.ink:978","juno_hot_pool_soak","grey_float","CORVIN","Corvin Vale","I need an hour.","4","vo_line","scratch_cast","Callum","N2lVS1w4EtoT3dr4eOWO","vo/act_i/grey_float/juno_hot_pool_soak_386_corvin.mp3","unrecorded"
"vo_act_i_0387","Act I","ink/prologue.ink","980","ink/prologue.ink:980","juno_hot_pool_soak","grey_float","JUNO","Juno Ash","You get ten minutes of heat and fifty minutes of lying posture.","12","vo_line","scratch_cast","Domi","AZnzlk1XvdvUeBnXmlld","vo/act_i/grey_float/juno_hot_pool_soak_387_juno.mp3","unrecorded"
"vo_act_i_0388","Act I","ink/prologue.ink","982","ink/prologue.ink:982","juno_hot_pool_soak","grey_float","CORVIN","Corvin Vale","I can't lie.","3","vo_line","scratch_cast","Callum","N2lVS1w4EtoT3dr4eOWO","vo/act_i/grey_float/juno_hot_pool_soak_388_corvin.mp3","unrecorded"
"vo_act_i_0389","Act I","ink/prologue.ink","984","ink/prologue.ink:984","juno_hot_pool_soak","grey_float","JUNO","Juno Ash","Then stand very confidently.","4","vo_line","scratch_cast","Domi","AZnzlk1XvdvUeBnXmlld","vo/act_i/grey_float/juno_hot_pool_soak_389_juno.mp3","unrecorded"
"vo_act_i_0390","Act I","ink/prologue.ink","986","ink/prologue.ink:986","juno_hot_pool_soak","grey_float","NARRATION","Narration","His skin takes the warmth before he does. That feels worse than cold.","13","stage_direction_review","not_cast_stage_direction","","","vo/act_i/grey_float/juno_hot_pool_soak_390_narration.mp3","unrecorded"
"vo_act_i_0391","Act I","ink/prologue.ink","988","ink/prologue.ink:988","juno_hot_pool_soak","grey_float","CORVIN","Corvin Vale","Nothing.","1","vo_line","scratch_cast","Callum","N2lVS1w4EtoT3dr4eOWO","vo/act_i/grey_float/juno_hot_pool_soak_391_corvin.mp3","unrecorded"
"vo_act_i_0392","Act I","ink/prologue.ink","990","ink/prologue.ink:990","juno_hot_pool_soak","grey_float","JUNO","Juno Ash","Warmth or feeling?","3","vo_line","scratch_cast","Domi","AZnzlk1XvdvUeBnXmlld","vo/act_i/grey_float/juno_hot_pool_soak_392_juno.mp3","unrecorded"
"vo_act_i_0393","Act I","ink/prologue.ink","992","ink/prologue.ink:992","juno_hot_pool_soak","grey_float","CORVIN","Corvin Vale","Yes.","1","vo_line","scratch_cast","Callum","N2lVS1w4EtoT3dr4eOWO","vo/act_i/grey_float/juno_hot_pool_soak_393_corvin.mp3","unrecorded"
"vo_act_i_0394","Act I","ink/prologue.ink","994","ink/prologue.ink:994","juno_hot_pool_soak","grey_float","JUNO","Juno Ash","Then move while your skin still remembers.","7","vo_line","scratch_cast","Domi","AZnzlk1XvdvUeBnXmlld","vo/act_i/grey_float/juno_hot_pool_soak_394_juno.mp3","unrecorded"
"vo_act_i_0395","Act I","ink/prologue.ink","1000","ink/prologue.ink:1000","juno_warmth_expired","grey_float","JUNO","Juno Ash","You wandered off, didn't you.","5","vo_line","scratch_cast","Domi","AZnzlk1XvdvUeBnXmlld","vo/act_i/grey_float/juno_warmth_expired_395_juno.mp3","unrecorded"
"vo_act_i_0396","Act I","ink/prologue.ink","1002","ink/prologue.ink:1002","juno_warmth_expired","grey_float","CORVIN","Corvin Vale","I took a scenic route through civic incompetence.","8","vo_line","scratch_cast","Callum","N2lVS1w4EtoT3dr4eOWO","vo/act_i/grey_float/juno_warmth_expired_396_corvin.mp3","unrecorded"
"vo_act_i_0397","Act I","ink/prologue.ink","1004","ink/prologue.ink:1004","juno_warmth_expired","grey_float","JUNO","Juno Ash","You had one job and it was to walk in a straight line.","13","vo_line","scratch_cast","Domi","AZnzlk1XvdvUeBnXmlld","vo/act_i/grey_float/juno_warmth_expired_397_juno.mp3","unrecorded"
"vo_act_i_0398","Act I","ink/prologue.ink","1006","ink/prologue.ink:1006","juno_warmth_expired","grey_float","CORVIN","Corvin Vale","In fairness, I was briefly alive enough to make bad choices.","11","vo_line","scratch_cast","Callum","N2lVS1w4EtoT3dr4eOWO","vo/act_i/grey_float/juno_warmth_expired_398_corvin.mp3","unrecorded"
"vo_act_i_0399","Act I","ink/prologue.ink","1008","ink/prologue.ink:1008","juno_warmth_expired","grey_float","JUNO","Juno Ash","Back in the pool, sugar. Try not to make tourism out of it.","13","vo_line","scratch_cast","Domi","AZnzlk1XvdvUeBnXmlld","vo/act_i/grey_float/juno_warmth_expired_399_juno.mp3","unrecorded"
"vo_act_i_0400","Act I","ink/prologue.ink","1014","ink/prologue.ink:1014","float_staff_corner","grey_float","ADELA","","He said sorry and left two buttons.","7","vo_line","needs_cast_decision","","","vo/act_i/grey_float/float_staff_corner_400_adela.mp3","unrecorded"
"vo_act_i_0401","Act I","ink/prologue.ink","1016","ink/prologue.ink:1016","float_staff_corner","grey_float","MARIN","","Two good buttons?","3","vo_line","needs_cast_decision","","","vo/act_i/grey_float/float_staff_corner_401_marin.mp3","unrecorded"
"vo_act_i_0402","Act I","ink/prologue.ink","1018","ink/prologue.ink:1018","float_staff_corner","grey_float","ADELA","","One good button and one apology.","6","vo_line","needs_cast_decision","","","vo/act_i/grey_float/float_staff_corner_402_adela.mp3","unrecorded"
"vo_act_i_0403","Act I","ink/prologue.ink","1020","ink/prologue.ink:1020","float_staff_corner","grey_float","MARIN","","So no.","2","vo_line","needs_cast_decision","","","vo/act_i/grey_float/float_staff_corner_403_marin.mp3","unrecorded"
"vo_act_i_0404","Act I","ink/prologue.ink","1022","ink/prologue.ink:1022","float_staff_corner","grey_float","CORVIN","Corvin Vale","That's a harsh exchange rate.","5","vo_line","scratch_cast","Callum","N2lVS1w4EtoT3dr4eOWO","vo/act_i/grey_float/float_staff_corner_404_corvin.mp3","unrecorded"
"vo_act_i_0405","Act I","ink/prologue.ink","1024","ink/prologue.ink:1024","float_staff_corner","grey_float","ADELA","","Sorry is the cheapest word men carry.","7","vo_line","needs_cast_decision","","","vo/act_i/grey_float/float_staff_corner_405_adela.mp3","unrecorded"
"vo_act_i_0406","Act I","ink/prologue.ink","1026","ink/prologue.ink:1026","float_staff_corner","grey_float","MARIN","","Men come here to feel forgiven and leave us the small change.","12","vo_line","needs_cast_decision","","","vo/act_i/grey_float/float_staff_corner_406_marin.mp3","unrecorded"
"vo_act_i_0407","Act I","ink/prologue.ink","1028","ink/prologue.ink:1028","float_staff_corner","grey_float","ADELA","","Forgiven costs extra.","3","vo_line","needs_cast_decision","","","vo/act_i/grey_float/float_staff_corner_407_adela.mp3","unrecorded"
"vo_act_i_0408","Act I","ink/prologue.ink","1030","ink/prologue.ink:1030","float_staff_corner","grey_float","CORVIN","Corvin Vale","Does it work?","3","vo_line","scratch_cast","Callum","N2lVS1w4EtoT3dr4eOWO","vo/act_i/grey_float/float_staff_corner_408_corvin.mp3","unrecorded"
"vo_act_i_0409","Act I","ink/prologue.ink","1032","ink/prologue.ink:1032","float_staff_corner","grey_float","ADELA","","For them? Usually.","3","vo_line","needs_cast_decision","","","vo/act_i/grey_float/float_staff_corner_409_adela.mp3","unrecorded"
"vo_act_i_0410","Act I","ink/prologue.ink","1034","ink/prologue.ink:1034","float_staff_corner","grey_float","MARIN","","For us? Never before breakfast.","5","vo_line","needs_cast_decision","","","vo/act_i/grey_float/float_staff_corner_410_marin.mp3","unrecorded"
"vo_act_i_0411","Act I","ink/prologue.ink","1036","ink/prologue.ink:1036","float_staff_corner","grey_float","CORVIN","Corvin Vale","I'll stop apologizing, then.","4","vo_line","scratch_cast","Callum","N2lVS1w4EtoT3dr4eOWO","vo/act_i/grey_float/float_staff_corner_411_corvin.mp3","unrecorded"
"vo_act_i_0412","Act I","ink/prologue.ink","1038","ink/prologue.ink:1038","float_staff_corner","grey_float","ADELA","","Don't flatter yourself. We charge for silence too.","8","vo_line","needs_cast_decision","","","vo/act_i/grey_float/float_staff_corner_412_adela.mp3","unrecorded"
"vo_act_i_0413","Act I","ink/prologue.ink","1045","ink/prologue.ink:1045","float_steam_screen","grey_float","CORVIN","Corvin Vale","Steam, backlight, silhouettes.","3","vo_line","scratch_cast","Callum","N2lVS1w4EtoT3dr4eOWO","vo/act_i/grey_float/float_steam_screen_413_corvin.mp3","unrecorded"
"vo_act_i_0414","Act I","ink/prologue.ink","1047","ink/prologue.ink:1047","float_steam_screen","grey_float","CORVIN","Corvin Vale","The Float sells privacy by making everybody an outline.","9","vo_line","scratch_cast","Callum","N2lVS1w4EtoT3dr4eOWO","vo/act_i/grey_float/float_steam_screen_414_corvin.mp3","unrecorded"
"vo_act_i_0415","Act I","ink/prologue.ink","1049","ink/prologue.ink:1049","float_steam_screen","grey_float","JUNO","Juno Ash","Eyes front, Corvin.","3","vo_line","scratch_cast","Domi","AZnzlk1XvdvUeBnXmlld","vo/act_i/grey_float/float_steam_screen_415_juno.mp3","unrecorded"
"vo_act_i_0416","Act I","ink/prologue.ink","1051","ink/prologue.ink:1051","float_steam_screen","grey_float","CORVIN","Corvin Vale","My eyes are front.","4","vo_line","scratch_cast","Callum","N2lVS1w4EtoT3dr4eOWO","vo/act_i/grey_float/float_steam_screen_416_corvin.mp3","unrecorded"
"vo_act_i_0417","Act I","ink/prologue.ink","1053","ink/prologue.ink:1053","float_steam_screen","grey_float","JUNO","Juno Ash","Your imagination isn't.","3","vo_line","scratch_cast","Domi","AZnzlk1XvdvUeBnXmlld","vo/act_i/grey_float/float_steam_screen_417_juno.mp3","unrecorded"
"vo_act_i_0418","Act I","ink/prologue.ink","1055","ink/prologue.ink:1055","float_steam_screen","grey_float","CORVIN","Corvin Vale","That survived the drowning. Very inconvenient.","6","vo_line","scratch_cast","Callum","N2lVS1w4EtoT3dr4eOWO","vo/act_i/grey_float/float_steam_screen_418_corvin.mp3","unrecorded"
"vo_act_i_0419","Act I","ink/prologue.ink","1057","ink/prologue.ink:1057","float_steam_screen","grey_float","JUNO","Juno Ash","So did manners, if you ever owned any.","8","vo_line","scratch_cast","Domi","AZnzlk1XvdvUeBnXmlld","vo/act_i/grey_float/float_steam_screen_419_juno.mp3","unrecorded"
"vo_act_i_0420","Act I","ink/prologue.ink","1059","ink/prologue.ink:1059","float_steam_screen","grey_float","CORVIN","Corvin Vale","It's only heat and shadow.","5","vo_line","scratch_cast","Callum","N2lVS1w4EtoT3dr4eOWO","vo/act_i/grey_float/float_steam_screen_420_corvin.mp3","unrecorded"
"vo_act_i_0421","Act I","ink/prologue.ink","1061","ink/prologue.ink:1061","float_steam_screen","grey_float","JUNO","Juno Ash","That's what privacy is, sugar. Heat, shadow, and people agreeing not to name what they saw.","16","vo_line","scratch_cast","Domi","AZnzlk1XvdvUeBnXmlld","vo/act_i/grey_float/float_steam_screen_421_juno.mp3","unrecorded"
"vo_act_i_0422","Act I","ink/prologue.ink","1063","ink/prologue.ink:1063","float_steam_screen","grey_float","CORVIN","Corvin Vale","I can't feel the heat.","5","vo_line","scratch_cast","Callum","N2lVS1w4EtoT3dr4eOWO","vo/act_i/grey_float/float_steam_screen_422_corvin.mp3","unrecorded"
"vo_act_i_0423","Act I","ink/prologue.ink","1065","ink/prologue.ink:1065","float_steam_screen","grey_float","JUNO","Juno Ash","Then respect the shadow.","4","vo_line","scratch_cast","Domi","AZnzlk1XvdvUeBnXmlld","vo/act_i/grey_float/float_steam_screen_423_juno.mp3","unrecorded"
"vo_act_i_0424","Act I","ink/prologue.ink","1071","ink/prologue.ink:1071","heartbeat_check_fail","harbormaster_office","CLERK","","You're cold.","2","vo_line","needs_cast_decision","","","vo/act_i/harbormaster_office/heartbeat_check_fail_424_clerk.mp3","unrecorded"
"vo_act_i_0425","Act I","ink/prologue.ink","1073","ink/prologue.ink:1073","heartbeat_check_fail","harbormaster_office","CORVIN","Corvin Vale","It's a cold morning.","4","vo_line","scratch_cast","Callum","N2lVS1w4EtoT3dr4eOWO","vo/act_i/harbormaster_office/heartbeat_check_fail_425_corvin.mp3","unrecorded"
"vo_act_i_0426","Act I","ink/prologue.ink","1075","ink/prologue.ink:1075","heartbeat_check_fail","harbormaster_office","CLERK","","It's August. Out.","3","vo_line","needs_cast_decision","","","vo/act_i/harbormaster_office/heartbeat_check_fail_426_clerk.mp3","unrecorded"
"vo_act_i_0427","Act I","ink/prologue.ink","1077","ink/prologue.ink:1077","heartbeat_check_fail","harbormaster_office","CORVIN","Corvin Vale","I have circulation issues.","4","vo_line","scratch_cast","Callum","N2lVS1w4EtoT3dr4eOWO","vo/act_i/harbormaster_office/heartbeat_check_fail_427_corvin.mp3","unrecorded"
"vo_act_i_0428","Act I","ink/prologue.ink","1079","ink/prologue.ink:1079","heartbeat_check_fail","harbormaster_office","CLERK","","You have absence issues. Out twice.","6","vo_line","needs_cast_decision","","","vo/act_i/harbormaster_office/heartbeat_check_fail_428_clerk.mp3","unrecorded"
"vo_act_i_0429","Act I","ink/prologue.ink","1085","ink/prologue.ink:1085","harbormaster_checklist_desk","harbormaster_office","CORVIN","Corvin Vale","Three boxes beside my name.","5","vo_line","scratch_cast","Callum","N2lVS1w4EtoT3dr4eOWO","vo/act_i/harbormaster_office/harbormaster_checklist_desk_429_corvin.mp3","unrecorded"
"vo_act_i_0430","Act I","ink/prologue.ink","1087","ink/prologue.ink:1087","harbormaster_checklist_desk","harbormaster_office","CORVIN","Corvin Vale","Name. Debt. Heartbeat.","3","vo_line","scratch_cast","Callum","N2lVS1w4EtoT3dr4eOWO","vo/act_i/harbormaster_office/harbormaster_checklist_desk_430_corvin.mp3","unrecorded"
"vo_act_i_0431","Act I","ink/prologue.ink","1089","ink/prologue.ink:1089","harbormaster_checklist_desk","harbormaster_office","CLERK","","All three. In ink. No pencil for the dead.","9","vo_line","needs_cast_decision","","","vo/act_i/harbormaster_office/harbormaster_checklist_desk_431_clerk.mp3","unrecorded"
"vo_act_i_0432","Act I","ink/prologue.ink","1091","ink/prologue.ink:1091","harbormaster_checklist_desk","harbormaster_office","CORVIN","Corvin Vale","That's the warmest thing anyone's said to me in an office.","11","vo_line","scratch_cast","Callum","N2lVS1w4EtoT3dr4eOWO","vo/act_i/harbormaster_office/harbormaster_checklist_desk_432_corvin.mp3","unrecorded"
"vo_act_i_0433","Act I","ink/prologue.ink","1093","ink/prologue.ink:1093","harbormaster_checklist_desk","harbormaster_office","CLERK","","I can scratch it out if you prefer.","8","vo_line","needs_cast_decision","","","vo/act_i/harbormaster_office/harbormaster_checklist_desk_433_clerk.mp3","unrecorded"
"vo_act_i_0434","Act I","ink/prologue.ink","1099","ink/prologue.ink:1099","harbormaster_sabine_door","harbormaster_office","CORVIN","Corvin Vale","SABINE CROIX, HARBORMASTER.","3","vo_line","scratch_cast","Callum","N2lVS1w4EtoT3dr4eOWO","vo/act_i/harbormaster_office/harbormaster_sabine_door_434_corvin.mp3","unrecorded"
"vo_act_i_0435","Act I","ink/prologue.ink","1101","ink/prologue.ink:1101","harbormaster_sabine_door","harbormaster_office","NARRATION","Narration","Black letters on frosted glass. Her office is one room away and still somehow uphill.","15","stage_direction_review","not_cast_stage_direction","","","vo/act_i/harbormaster_office/harbormaster_sabine_door_435_narration.mp3","unrecorded"
"vo_act_i_0436","Act I","ink/prologue.ink","1103","ink/prologue.ink:1103","harbormaster_sabine_door","harbormaster_office","CORVIN","Corvin Vale","I've crossed oceans with less weather in them.","8","vo_line","scratch_cast","Callum","N2lVS1w4EtoT3dr4eOWO","vo/act_i/harbormaster_office/harbormaster_sabine_door_436_corvin.mp3","unrecorded"
"vo_act_i_0437","Act I","ink/prologue.ink","1105","ink/prologue.ink:1105","harbormaster_sabine_door","harbormaster_office","CLERK","","Door opens when the list says it opens.","8","vo_line","needs_cast_decision","","","vo/act_i/harbormaster_office/harbormaster_sabine_door_437_clerk.mp3","unrecorded"
"vo_act_i_0438","Act I","ink/prologue.ink","1111","ink/prologue.ink:1111","heartbeat_check_pass","harbormaster_office","CLERK","","Name.","1","vo_line","needs_cast_decision","","","vo/act_i/harbormaster_office/heartbeat_check_pass_438_clerk.mp3","unrecorded"
"vo_act_i_0439","Act I","ink/prologue.ink","1113","ink/prologue.ink:1113","heartbeat_check_pass","harbormaster_office","CORVIN","Corvin Vale","Vale.","1","vo_line","scratch_cast","Callum","N2lVS1w4EtoT3dr4eOWO","vo/act_i/harbormaster_office/heartbeat_check_pass_439_corvin.mp3","unrecorded"
"vo_act_i_0440","Act I","ink/prologue.ink","1115","ink/prologue.ink:1115","heartbeat_check_pass","harbormaster_office","CLERK","","You're on. Right hand.","4","vo_line","needs_cast_decision","","","vo/act_i/harbormaster_office/heartbeat_check_pass_440_clerk.mp3","unrecorded"
"vo_act_i_0441","Act I","ink/prologue.ink","1117","ink/prologue.ink:1117","heartbeat_check_pass","harbormaster_office","CORVIN","Corvin Vale","Is this medical or civic?","5","vo_line","scratch_cast","Callum","N2lVS1w4EtoT3dr4eOWO","vo/act_i/harbormaster_office/heartbeat_check_pass_441_corvin.mp3","unrecorded"
"vo_act_i_0442","Act I","ink/prologue.ink","1119","ink/prologue.ink:1119","heartbeat_check_pass","harbormaster_office","CLERK","","On Mordida, those are the same stamp.","7","vo_line","needs_cast_decision","","","vo/act_i/harbormaster_office/heartbeat_check_pass_442_clerk.mp3","unrecorded"
"vo_act_i_0443","Act I","ink/prologue.ink","1121","ink/prologue.ink:1121","heartbeat_check_pass","harbormaster_office","CLERK","","Hold still.","2","vo_line","needs_cast_decision","","","vo/act_i/harbormaster_office/heartbeat_check_pass_443_clerk.mp3","unrecorded"
"vo_act_i_0444","Act I","ink/prologue.ink","1123","ink/prologue.ink:1123","heartbeat_check_pass","harbormaster_office","NARRATION","Narration","He takes Corvin's wrist and waits.","6","stage_direction_review","not_cast_stage_direction","","","vo/act_i/harbormaster_office/heartbeat_check_pass_444_narration.mp3","unrecorded"
"vo_act_i_0445","Act I","ink/prologue.ink","1125","ink/prologue.ink:1125","heartbeat_check_pass","harbormaster_office","CORVIN","Corvin Vale","I'm a monument to stillness.","5","vo_line","scratch_cast","Callum","N2lVS1w4EtoT3dr4eOWO","vo/act_i/harbormaster_office/heartbeat_check_pass_445_corvin.mp3","unrecorded"
"vo_act_i_0446","Act I","ink/prologue.ink","1127","ink/prologue.ink:1127","heartbeat_check_pass","harbormaster_office","NARRATION","Narration","The regulator ticks under the coat, four inches off and slightly too regular.","13","stage_direction_review","not_cast_stage_direction","","","vo/act_i/harbormaster_office/heartbeat_check_pass_446_narration.mp3","unrecorded"
"vo_act_i_0447","Act I","ink/prologue.ink","1129","ink/prologue.ink:1129","heartbeat_check_pass","harbormaster_office","CLERK","","Your pulse is four inches left of your wrist.","9","vo_line","needs_cast_decision","","","vo/act_i/harbormaster_office/heartbeat_check_pass_447_clerk.mp3","unrecorded"
"vo_act_i_0448","Act I","ink/prologue.ink","1131","ink/prologue.ink:1131","heartbeat_check_pass","harbormaster_office","CORVIN","Corvin Vale","Old injury.","2","vo_line","scratch_cast","Callum","N2lVS1w4EtoT3dr4eOWO","vo/act_i/harbormaster_office/heartbeat_check_pass_448_corvin.mp3","unrecorded"
"vo_act_i_0449","Act I","ink/prologue.ink","1133","ink/prologue.ink:1133","heartbeat_check_pass","harbormaster_office","CLERK","","That's fast.","2","vo_line","needs_cast_decision","","","vo/act_i/harbormaster_office/heartbeat_check_pass_449_clerk.mp3","unrecorded"
"vo_act_i_0450","Act I","ink/prologue.ink","1135","ink/prologue.ink:1135","heartbeat_check_pass","harbormaster_office","CORVIN","Corvin Vale","I'm nervous. She has that effect.","6","vo_line","scratch_cast","Callum","N2lVS1w4EtoT3dr4eOWO","vo/act_i/harbormaster_office/heartbeat_check_pass_450_corvin.mp3","unrecorded"
"vo_act_i_0451","Act I","ink/prologue.ink","1137","ink/prologue.ink:1137","heartbeat_check_pass","harbormaster_office","NARRATION","Narration","The clerk feels Corvin's hand.","5","stage_direction_review","not_cast_stage_direction","","","vo/act_i/harbormaster_office/heartbeat_check_pass_451_narration.mp3","unrecorded"
"vo_act_i_0452","Act I","ink/prologue.ink","1139","ink/prologue.ink:1139","heartbeat_check_pass","harbormaster_office","CLERK","","Your hand's warm.","3","vo_line","needs_cast_decision","","","vo/act_i/harbormaster_office/heartbeat_check_pass_452_clerk.mp3","unrecorded"
"vo_act_i_0453","Act I","ink/prologue.ink","1141","ink/prologue.ink:1141","heartbeat_check_pass","harbormaster_office","CORVIN","Corvin Vale","I had an emotional morning.","5","vo_line","scratch_cast","Callum","N2lVS1w4EtoT3dr4eOWO","vo/act_i/harbormaster_office/heartbeat_check_pass_453_corvin.mp3","unrecorded"
"vo_act_i_0454","Act I","ink/prologue.ink","1143","ink/prologue.ink:1143","heartbeat_check_pass","harbormaster_office","CLERK","","Fine. Go through.","3","vo_line","needs_cast_decision","","","vo/act_i/harbormaster_office/heartbeat_check_pass_454_clerk.mp3","unrecorded"
"vo_act_i_0455","Act I","ink/prologue.ink","1149","ink/prologue.ink:1149","teodor_rate_card_booth","church_of_the_drowned","TEODOR","Brother Teodor","We're closed. We're... I'm sorry, we're closed.","7","vo_line","scratch_cast","Eric","cjVigY5qzO86Huf0OWal","vo/act_i/church_of_the_drowned/teodor_rate_card_booth_455_teodor.mp3","unrecorded"
"vo_act_i_0456","Act I","ink/prologue.ink","1151","ink/prologue.ink:1151","teodor_rate_card_booth","church_of_the_drowned","CORVIN","Corvin Vale","Your queue disagrees.","3","vo_line","scratch_cast","Callum","N2lVS1w4EtoT3dr4eOWO","vo/act_i/church_of_the_drowned/teodor_rate_card_booth_456_corvin.mp3","unrecorded"
"vo_act_i_0457","Act I","ink/prologue.ink","1153","ink/prologue.ink:1153","teodor_rate_card_booth","church_of_the_drowned","TEODOR","Brother Teodor","My queue is a misunderstanding.","5","vo_line","scratch_cast","Eric","cjVigY5qzO86Huf0OWal","vo/act_i/church_of_the_drowned/teodor_rate_card_booth_457_teodor.mp3","unrecorded"
"vo_act_i_0458","Act I","ink/prologue.ink","1155","ink/prologue.ink:1155","teodor_rate_card_booth","church_of_the_drowned","CORVIN","Corvin Vale","You sold slots you can't fill.","6","vo_line","scratch_cast","Callum","N2lVS1w4EtoT3dr4eOWO","vo/act_i/church_of_the_drowned/teodor_rate_card_booth_458_corvin.mp3","unrecorded"
"vo_act_i_0459","Act I","ink/prologue.ink","1157","ink/prologue.ink:1157","teodor_rate_card_booth","church_of_the_drowned","TEODOR","Brother Teodor","That is a very serious accusation and I would like to know who...","13","vo_line","scratch_cast","Eric","cjVigY5qzO86Huf0OWal","vo/act_i/church_of_the_drowned/teodor_rate_card_booth_459_teodor.mp3","unrecorded"
"vo_act_i_0460","Act I","ink/prologue.ink","1159","ink/prologue.ink:1159","teodor_rate_card_booth","church_of_the_drowned","CORVIN","Corvin Vale","Nobody. You've got eleven people out there and one returned on your books, and I passed him on the quay this morning and he's a bollard now.","27","vo_line","scratch_cast","Callum","N2lVS1w4EtoT3dr4eOWO","vo/act_i/church_of_the_drowned/teodor_rate_card_booth_460_corvin.mp3","unrecorded"
"vo_act_i_0461","Act I","ink/prologue.ink","1161","ink/prologue.ink:1161","teodor_rate_card_booth","church_of_the_drowned","NARRATION","Narration","Teodor sits down on the step. Puts his head in his hands.","12","stage_direction_review","not_cast_stage_direction","","","vo/act_i/church_of_the_drowned/teodor_rate_card_booth_461_narration.mp3","unrecorded"
"vo_act_i_0462","Act I","ink/prologue.ink","1163","ink/prologue.ink:1163","teodor_rate_card_booth","church_of_the_drowned","TEODOR","Brother Teodor","He was fine on Tuesday.","5","vo_line","scratch_cast","Eric","cjVigY5qzO86Huf0OWal","vo/act_i/church_of_the_drowned/teodor_rate_card_booth_462_teodor.mp3","unrecorded"
"vo_act_i_0463","Act I","ink/prologue.ink","1165","ink/prologue.ink:1165","teodor_rate_card_booth","church_of_the_drowned","CORVIN","Corvin Vale","They're always fine on Tuesday.","5","vo_line","scratch_cast","Callum","N2lVS1w4EtoT3dr4eOWO","vo/act_i/church_of_the_drowned/teodor_rate_card_booth_463_corvin.mp3","unrecorded"
"vo_act_i_0464","Act I","ink/prologue.ink","1167","ink/prologue.ink:1167","teodor_rate_card_booth","church_of_the_drowned","TEODOR","Brother Teodor","They'll take the stall off me.","6","vo_line","scratch_cast","Eric","cjVigY5qzO86Huf0OWal","vo/act_i/church_of_the_drowned/teodor_rate_card_booth_464_teodor.mp3","unrecorded"
"vo_act_i_0465","Act I","ink/prologue.ink","1169","ink/prologue.ink:1169","teodor_rate_card_booth","church_of_the_drowned","TEODOR","Brother Teodor","It's not even the money. My father got me this posting. He wrote letters.","14","vo_line","scratch_cast","Eric","cjVigY5qzO86Huf0OWal","vo/act_i/church_of_the_drowned/teodor_rate_card_booth_465_teodor.mp3","unrecorded"
"vo_act_i_0466","Act I","ink/prologue.ink","1171","ink/prologue.ink:1171","teodor_rate_card_booth","church_of_the_drowned","CORVIN","Corvin Vale","Brother. Look at me.","4","vo_line","scratch_cast","Callum","N2lVS1w4EtoT3dr4eOWO","vo/act_i/church_of_the_drowned/teodor_rate_card_booth_466_corvin.mp3","unrecorded"
"vo_act_i_0467","Act I","ink/prologue.ink","1173","ink/prologue.ink:1173","teodor_rate_card_booth","church_of_the_drowned","TEODOR","Brother Teodor","Oh.","1","vo_line","scratch_cast","Eric","cjVigY5qzO86Huf0OWal","vo/act_i/church_of_the_drowned/teodor_rate_card_booth_467_teodor.mp3","unrecorded"
"vo_act_i_0468","Act I","ink/prologue.ink","1175","ink/prologue.ink:1175","teodor_rate_card_booth","church_of_the_drowned","CORVIN","Corvin Vale","Oh.","1","vo_line","scratch_cast","Callum","N2lVS1w4EtoT3dr4eOWO","vo/act_i/church_of_the_drowned/teodor_rate_card_booth_468_corvin.mp3","unrecorded"
"vo_act_i_0469","Act I","ink/prologue.ink","1177","ink/prologue.ink:1177","teodor_rate_card_booth","church_of_the_drowned","TEODOR","Brother Teodor","You would sit? For me?","5","vo_line","scratch_cast","Eric","cjVigY5qzO86Huf0OWal","vo/act_i/church_of_the_drowned/teodor_rate_card_booth_469_teodor.mp3","unrecorded"
"vo_act_i_0470","Act I","ink/prologue.ink","1179","ink/prologue.ink:1179","teodor_rate_card_booth","church_of_the_drowned","CORVIN","Corvin Vale","For an hour. And in exchange you give me the rate card. What the Church charges, by question type, with the margins.","22","vo_line","scratch_cast","Callum","N2lVS1w4EtoT3dr4eOWO","vo/act_i/church_of_the_drowned/teodor_rate_card_booth_470_corvin.mp3","unrecorded"
"vo_act_i_0471","Act I","ink/prologue.ink","1181","ink/prologue.ink:1181","teodor_rate_card_booth","church_of_the_drowned","TEODOR","Brother Teodor","That's... I could be defrocked for...","6","vo_line","scratch_cast","Eric","cjVigY5qzO86Huf0OWal","vo/act_i/church_of_the_drowned/teodor_rate_card_booth_471_teodor.mp3","unrecorded"
"vo_act_i_0472","Act I","ink/prologue.ink","1183","ink/prologue.ink:1183","teodor_rate_card_booth","church_of_the_drowned","CORVIN","Corvin Vale","Teodor.","1","vo_line","scratch_cast","Callum","N2lVS1w4EtoT3dr4eOWO","vo/act_i/church_of_the_drowned/teodor_rate_card_booth_472_corvin.mp3","unrecorded"
"vo_act_i_0473","Act I","ink/prologue.ink","1185","ink/prologue.ink:1185","teodor_rate_card_booth","church_of_the_drowned","TEODOR","Brother Teodor","Yes. Right. Yes.","3","vo_line","scratch_cast","Eric","cjVigY5qzO86Huf0OWal","vo/act_i/church_of_the_drowned/teodor_rate_card_booth_473_teodor.mp3","unrecorded"
"vo_act_i_0474","Act I","ink/prologue.ink","1187","ink/prologue.ink:1187","teodor_rate_card_booth","church_of_the_drowned","WOMAN","","Did my husband love me?","5","vo_line","needs_cast_decision","","","vo/act_i/church_of_the_drowned/teodor_rate_card_booth_474_woman.mp3","unrecorded"
"vo_act_i_0475","Act I","ink/prologue.ink","1189","ink/prologue.ink:1189","teodor_rate_card_booth","church_of_the_drowned","CORVIN","Corvin Vale","He never told me.","4","vo_line","scratch_cast","Callum","N2lVS1w4EtoT3dr4eOWO","vo/act_i/church_of_the_drowned/teodor_rate_card_booth_475_corvin.mp3","unrecorded"
"vo_act_i_0476","Act I","ink/prologue.ink","1191","ink/prologue.ink:1191","teodor_rate_card_booth","church_of_the_drowned","WOMAN","","That's kinder than I paid for.","6","vo_line","needs_cast_decision","","","vo/act_i/church_of_the_drowned/teodor_rate_card_booth_476_woman.mp3","unrecorded"
"vo_act_i_0477","Act I","ink/prologue.ink","1193","ink/prologue.ink:1193","teodor_rate_card_booth","church_of_the_drowned","CORVIN","Corvin Vale","Most things are.","3","vo_line","scratch_cast","Callum","N2lVS1w4EtoT3dr4eOWO","vo/act_i/church_of_the_drowned/teodor_rate_card_booth_477_corvin.mp3","unrecorded"
"vo_act_i_0478","Act I","ink/prologue.ink","1195","ink/prologue.ink:1195","teodor_rate_card_booth","church_of_the_drowned","BOY","","Is it true you can't lie?","6","vo_line","needs_cast_decision","","","vo/act_i/church_of_the_drowned/teodor_rate_card_booth_478_boy.mp3","unrecorded"
"vo_act_i_0479","Act I","ink/prologue.ink","1197","ink/prologue.ink:1197","teodor_rate_card_booth","church_of_the_drowned","CORVIN","Corvin Vale","Yes.","1","vo_line","scratch_cast","Callum","N2lVS1w4EtoT3dr4eOWO","vo/act_i/church_of_the_drowned/teodor_rate_card_booth_479_corvin.mp3","unrecorded"
"vo_act_i_0480","Act I","ink/prologue.ink","1199","ink/prologue.ink:1199","teodor_rate_card_booth","church_of_the_drowned","BOY","","Say something you'd never say.","5","vo_line","needs_cast_decision","","","vo/act_i/church_of_the_drowned/teodor_rate_card_booth_480_boy.mp3","unrecorded"
"vo_act_i_0481","Act I","ink/prologue.ink","1201","ink/prologue.ink:1201","teodor_rate_card_booth","church_of_the_drowned","CORVIN","Corvin Vale","I have spent twenty years making sentences where nobody did anything to anyone.","13","vo_line","scratch_cast","Callum","N2lVS1w4EtoT3dr4eOWO","vo/act_i/church_of_the_drowned/teodor_rate_card_booth_481_corvin.mp3","unrecorded"
"vo_act_i_0482","Act I","ink/prologue.ink","1203","ink/prologue.ink:1203","teodor_rate_card_booth","church_of_the_drowned","BOY","","Why did you tell me that?","6","vo_line","needs_cast_decision","","","vo/act_i/church_of_the_drowned/teodor_rate_card_booth_482_boy.mp3","unrecorded"
"vo_act_i_0483","Act I","ink/prologue.ink","1205","ink/prologue.ink:1205","teodor_rate_card_booth","church_of_the_drowned","CORVIN","Corvin Vale","Because you asked and I'm made this way now.","9","vo_line","scratch_cast","Callum","N2lVS1w4EtoT3dr4eOWO","vo/act_i/church_of_the_drowned/teodor_rate_card_booth_483_corvin.mp3","unrecorded"
"vo_act_i_0484","Act I","ink/prologue.ink","1207","ink/prologue.ink:1207","teodor_rate_card_booth","church_of_the_drowned","BOY","","That's worse.","2","vo_line","needs_cast_decision","","","vo/act_i/church_of_the_drowned/teodor_rate_card_booth_484_boy.mp3","unrecorded"
"vo_act_i_0485","Act I","ink/prologue.ink","1209","ink/prologue.ink:1209","teodor_rate_card_booth","church_of_the_drowned","CORVIN","Corvin Vale","Shilling, please.","2","vo_line","scratch_cast","Callum","N2lVS1w4EtoT3dr4eOWO","vo/act_i/church_of_the_drowned/teodor_rate_card_booth_485_corvin.mp3","unrecorded"
"vo_act_i_0486","Act I","ink/prologue.ink","1211","ink/prologue.ink:1211","teodor_rate_card_booth","church_of_the_drowned","KANE","Ossuary Kane","Comfortable in there?","3","vo_line","scratch_cast","Thomas","GBv7mTt0atIp3Br8iCZE","vo/act_i/church_of_the_drowned/teodor_rate_card_booth_486_kane.mp3","unrecorded"
"vo_act_i_0487","Act I","ink/prologue.ink","1213","ink/prologue.ink:1213","teodor_rate_card_booth","church_of_the_drowned","CORVIN","Corvin Vale","It's a box.","3","vo_line","scratch_cast","Callum","N2lVS1w4EtoT3dr4eOWO","vo/act_i/church_of_the_drowned/teodor_rate_card_booth_487_corvin.mp3","unrecorded"
"vo_act_i_0488","Act I","ink/prologue.ink","1215","ink/prologue.ink:1215","teodor_rate_card_booth","church_of_the_drowned","KANE","Ossuary Kane","It's a booth, Mr. Vale, and the difference is that a booth has a queue.","15","vo_line","scratch_cast","Thomas","GBv7mTt0atIp3Br8iCZE","vo/act_i/church_of_the_drowned/teodor_rate_card_booth_488_kane.mp3","unrecorded"
"vo_act_i_0489","Act I","ink/prologue.ink","1217","ink/prologue.ink:1217","teodor_rate_card_booth","church_of_the_drowned","KANE","Ossuary Kane","I'll have my question now.","5","vo_line","scratch_cast","Thomas","GBv7mTt0atIp3Br8iCZE","vo/act_i/church_of_the_drowned/teodor_rate_card_booth_489_kane.mp3","unrecorded"
"vo_act_i_0490","Act I","ink/prologue.ink","1219","ink/prologue.ink:1219","teodor_rate_card_booth","church_of_the_drowned","CORVIN","Corvin Vale","You haven't paid.","3","vo_line","scratch_cast","Callum","N2lVS1w4EtoT3dr4eOWO","vo/act_i/church_of_the_drowned/teodor_rate_card_booth_490_corvin.mp3","unrecorded"
"vo_act_i_0491","Act I","ink/prologue.ink","1221","ink/prologue.ink:1221","teodor_rate_card_booth","church_of_the_drowned","KANE","Ossuary Kane","No. How many days have you got left?","8","vo_line","scratch_cast","Thomas","GBv7mTt0atIp3Br8iCZE","vo/act_i/church_of_the_drowned/teodor_rate_card_booth_491_kane.mp3","unrecorded"
"vo_act_i_0492","Act I","ink/prologue.ink","1223","ink/prologue.ink:1223","teodor_rate_card_booth","church_of_the_drowned","CORVIN","Corvin Vale","Six.","1","vo_line","scratch_cast","Callum","N2lVS1w4EtoT3dr4eOWO","vo/act_i/church_of_the_drowned/teodor_rate_card_booth_492_corvin.mp3","unrecorded"
"vo_act_i_0493","Act I","ink/prologue.ink","1225","ink/prologue.ink:1225","teodor_rate_card_booth","church_of_the_drowned","KANE","Ossuary Kane","Thank you. That's all I came for.","7","vo_line","scratch_cast","Thomas","GBv7mTt0atIp3Br8iCZE","vo/act_i/church_of_the_drowned/teodor_rate_card_booth_493_kane.mp3","unrecorded"
"vo_act_i_0494","Act I","ink/prologue.ink","1227","ink/prologue.ink:1227","teodor_rate_card_booth","church_of_the_drowned","KANE","Ossuary Kane","I like to know when a man's going to be reasonable, and it's never on day six.","17","vo_line","scratch_cast","Thomas","GBv7mTt0atIp3Br8iCZE","vo/act_i/church_of_the_drowned/teodor_rate_card_booth_494_kane.mp3","unrecorded"
"vo_act_i_0495","Act I","ink/prologue.ink","1229","ink/prologue.ink:1229","teodor_rate_card_booth","church_of_the_drowned","NARRATION","Narration","He goes. The queue lets him through without being asked.","10","stage_direction_review","not_cast_stage_direction","","","vo/act_i/church_of_the_drowned/teodor_rate_card_booth_495_narration.mp3","unrecorded"
"vo_act_i_0496","Act I","ink/prologue.ink","1235","ink/prologue.ink:1235","church_poor_box","church_of_the_drowned","CORVIN","Corvin Vale","Poor box.","2","vo_line","scratch_cast","Callum","N2lVS1w4EtoT3dr4eOWO","vo/act_i/church_of_the_drowned/church_poor_box_496_corvin.mp3","unrecorded"
"vo_act_i_0497","Act I","ink/prologue.ink","1237","ink/prologue.ink:1237","church_poor_box","church_of_the_drowned","NARRATION","Narration","The lock sits crooked, scraped bright around the screws.","9","stage_direction_review","not_cast_stage_direction","","","vo/act_i/church_of_the_drowned/church_poor_box_497_narration.mp3","unrecorded"
"vo_act_i_0498","Act I","ink/prologue.ink","1239","ink/prologue.ink:1239","church_poor_box","church_of_the_drowned","CORVIN","Corvin Vale","Someone had the lock off and put it back badly.","10","vo_line","scratch_cast","Callum","N2lVS1w4EtoT3dr4eOWO","vo/act_i/church_of_the_drowned/church_poor_box_498_corvin.mp3","unrecorded"
"vo_act_i_0499","Act I","ink/prologue.ink","1241","ink/prologue.ink:1241","church_poor_box","church_of_the_drowned","NARRATION","Narration","Coins remain in the bottom. The folded notes are gone.","10","stage_direction_review","not_cast_stage_direction","","","vo/act_i/church_of_the_drowned/church_poor_box_499_narration.mp3","unrecorded"
"vo_act_i_0500","Act I","ink/prologue.ink","1243","ink/prologue.ink:1243","church_poor_box","church_of_the_drowned","TEODOR","Brother Teodor","We had a locksmith.","4","vo_line","scratch_cast","Eric","cjVigY5qzO86Huf0OWal","vo/act_i/church_of_the_drowned/church_poor_box_500_teodor.mp3","unrecorded"
"vo_act_i_0501","Act I","ink/prologue.ink","1245","ink/prologue.ink:1245","church_poor_box","church_of_the_drowned","CORVIN","Corvin Vale","You had a thief with a screwdriver and confidence.","9","vo_line","scratch_cast","Callum","N2lVS1w4EtoT3dr4eOWO","vo/act_i/church_of_the_drowned/church_poor_box_501_corvin.mp3","unrecorded"
"vo_act_i_0502","Act I","ink/prologue.ink","1247","ink/prologue.ink:1247","church_poor_box","church_of_the_drowned","TEODOR","Brother Teodor","Please don't say that near the vestry.","7","vo_line","scratch_cast","Eric","cjVigY5qzO86Huf0OWal","vo/act_i/church_of_the_drowned/church_poor_box_502_teodor.mp3","unrecorded"
"vo_act_i_0503","Act I","ink/prologue.ink","1253","ink/prologue.ink:1253","church_stall_sign","church_of_the_drowned","CORVIN","Corvin Vale","THE DROWNED CANNOT LIE. ONE SHILLING.","6","vo_line","scratch_cast","Callum","N2lVS1w4EtoT3dr4eOWO","vo/act_i/church_of_the_drowned/church_stall_sign_503_corvin.mp3","unrecorded"
"vo_act_i_0504","Act I","ink/prologue.ink","1255","ink/prologue.ink:1255","church_stall_sign","church_of_the_drowned","NARRATION","Narration","The queue is eleven deep. Teodor is sweating through doctrine.","10","stage_direction_review","not_cast_stage_direction","","","vo/act_i/church_of_the_drowned/church_stall_sign_504_narration.mp3","unrecorded"
"vo_act_i_0505","Act I","ink/prologue.ink","1257","ink/prologue.ink:1257","church_stall_sign","church_of_the_drowned","CORVIN","Corvin Vale","That's not theology. That's inventory pressure.","6","vo_line","scratch_cast","Callum","N2lVS1w4EtoT3dr4eOWO","vo/act_i/church_of_the_drowned/church_stall_sign_505_corvin.mp3","unrecorded"
"vo_act_i_0506","Act I","ink/prologue.ink","1259","ink/prologue.ink:1259","church_stall_sign","church_of_the_drowned","TEODOR","Brother Teodor","Please don't call it that where the queue can hear.","10","vo_line","scratch_cast","Eric","cjVigY5qzO86Huf0OWal","vo/act_i/church_of_the_drowned/church_stall_sign_506_teodor.mp3","unrecorded"
"vo_act_i_0507","Act I","ink/prologue.ink","1265","ink/prologue.ink:1265","church_confession_booth","church_of_the_drowned","CORVIN","Corvin Vale","A green-lit box with a queue.","7","vo_line","scratch_cast","Callum","N2lVS1w4EtoT3dr4eOWO","vo/act_i/church_of_the_drowned/church_confession_booth_507_corvin.mp3","unrecorded"
"vo_act_i_0508","Act I","ink/prologue.ink","1267","ink/prologue.ink:1267","church_confession_booth","church_of_the_drowned","CORVIN","Corvin Vale","The Church found a way to make truth billable by the minute.","12","vo_line","scratch_cast","Callum","N2lVS1w4EtoT3dr4eOWO","vo/act_i/church_of_the_drowned/church_confession_booth_508_corvin.mp3","unrecorded"
"vo_act_i_0509","Act I","ink/prologue.ink","1269","ink/prologue.ink:1269","church_confession_booth","church_of_the_drowned","TEODOR","Brother Teodor","It's not a box. It's a booth.","7","vo_line","scratch_cast","Eric","cjVigY5qzO86Huf0OWal","vo/act_i/church_of_the_drowned/church_confession_booth_509_teodor.mp3","unrecorded"
"vo_act_i_0510","Act I","ink/prologue.ink","1271","ink/prologue.ink:1271","church_confession_booth","church_of_the_drowned","CORVIN","Corvin Vale","The difference being?","3","vo_line","scratch_cast","Callum","N2lVS1w4EtoT3dr4eOWO","vo/act_i/church_of_the_drowned/church_confession_booth_510_corvin.mp3","unrecorded"
"vo_act_i_0511","Act I","ink/prologue.ink","1273","ink/prologue.ink:1273","church_confession_booth","church_of_the_drowned","TEODOR","Brother Teodor","Rates, mostly.","2","vo_line","scratch_cast","Eric","cjVigY5qzO86Huf0OWal","vo/act_i/church_of_the_drowned/church_confession_booth_511_teodor.mp3","unrecorded"
"vo_act_i_0512","Act I","ink/prologue.ink","1275","ink/prologue.ink:1275","church_confession_booth","church_of_the_drowned","CORVIN","Corvin Vale","That's doctrine I can believe in.","6","vo_line","scratch_cast","Callum","N2lVS1w4EtoT3dr4eOWO","vo/act_i/church_of_the_drowned/church_confession_booth_512_corvin.mp3","unrecorded"
"vo_act_i_0513","Act I","ink/prologue.ink","1277","ink/prologue.ink:1277","church_confession_booth","church_of_the_drowned","TEODOR","Brother Teodor","Take this chit. If anyone asks, you were scheduled, expected, and absolutely not a miracle I found leaking on the floor.","21","vo_line","scratch_cast","Eric","cjVigY5qzO86Huf0OWal","vo/act_i/church_of_the_drowned/church_confession_booth_513_teodor.mp3","unrecorded"
"vo_act_i_0514","Act I","ink/prologue.ink","1279","ink/prologue.ink:1279","church_confession_booth","church_of_the_drowned","CORVIN","Corvin Vale","That's almost a lie.","4","vo_line","scratch_cast","Callum","N2lVS1w4EtoT3dr4eOWO","vo/act_i/church_of_the_drowned/church_confession_booth_514_corvin.mp3","unrecorded"
"vo_act_i_0515","Act I","ink/prologue.ink","1281","ink/prologue.ink:1281","church_confession_booth","church_of_the_drowned","TEODOR","Brother Teodor","That's administration.","2","vo_line","scratch_cast","Eric","cjVigY5qzO86Huf0OWal","vo/act_i/church_of_the_drowned/church_confession_booth_515_teodor.mp3","unrecorded"
"vo_act_i_0516","Act I","ink/prologue.ink","1287","ink/prologue.ink:1287","teodor_needs_chit","church_of_the_drowned","TEODOR","Brother Teodor","I can't put you in the stall without a chit.","10","vo_line","scratch_cast","Eric","cjVigY5qzO86Huf0OWal","vo/act_i/church_of_the_drowned/teodor_needs_chit_516_teodor.mp3","unrecorded"
"vo_act_i_0517","Act I","ink/prologue.ink","1289","ink/prologue.ink:1289","teodor_needs_chit","church_of_the_drowned","CORVIN","Corvin Vale","I am visibly dead and damp.","6","vo_line","scratch_cast","Callum","N2lVS1w4EtoT3dr4eOWO","vo/act_i/church_of_the_drowned/teodor_needs_chit_517_corvin.mp3","unrecorded"
"vo_act_i_0518","Act I","ink/prologue.ink","1291","ink/prologue.ink:1291","teodor_needs_chit","church_of_the_drowned","TEODOR","Brother Teodor","Yes, but the Church prefers miracles in triplicate.","8","vo_line","scratch_cast","Eric","cjVigY5qzO86Huf0OWal","vo/act_i/church_of_the_drowned/teodor_needs_chit_518_teodor.mp3","unrecorded"
"vo_act_i_0519","Act I","ink/prologue.ink","1297","ink/prologue.ink:1297","sabine_act_i_audience","sabine_office","SABINE","Sabine Croix","You're dripping on the Persian.","5","vo_line","scratch_cast","Charlotte","XB0fDUnXU5powFXDhCwa","vo/act_i/sabine_office/sabine_act_i_audience_519_sabine.mp3","unrecorded"
"vo_act_i_0520","Act I","ink/prologue.ink","1299","ink/prologue.ink:1299","sabine_act_i_audience","sabine_office","CORVIN","Corvin Vale","It's brine. It's antiquing. You'll thank me in a decade.","10","vo_line","scratch_cast","Callum","N2lVS1w4EtoT3dr4eOWO","vo/act_i/sabine_office/sabine_act_i_audience_520_corvin.mp3","unrecorded"
"vo_act_i_0521","Act I","ink/prologue.ink","1301","ink/prologue.ink:1301","sabine_act_i_audience","sabine_office","SABINE","Sabine Croix","You always did know how to make an entrance.","9","vo_line","scratch_cast","Charlotte","XB0fDUnXU5powFXDhCwa","vo/act_i/sabine_office/sabine_act_i_audience_521_sabine.mp3","unrecorded"
"vo_act_i_0522","Act I","ink/prologue.ink","1303","ink/prologue.ink:1303","sabine_act_i_audience","sabine_office","CORVIN","Corvin Vale","I drowned, Sabine.","3","vo_line","scratch_cast","Callum","N2lVS1w4EtoT3dr4eOWO","vo/act_i/sabine_office/sabine_act_i_audience_522_corvin.mp3","unrecorded"
"vo_act_i_0523","Act I","ink/prologue.ink","1305","ink/prologue.ink:1305","sabine_act_i_audience","sabine_office","SABINE","Sabine Croix","Yes. It was very dramatic. I cried for almost a full minute.","12","vo_line","scratch_cast","Charlotte","XB0fDUnXU5powFXDhCwa","vo/act_i/sabine_office/sabine_act_i_audience_523_sabine.mp3","unrecorded"
"vo_act_i_0524","Act I","ink/prologue.ink","1307","ink/prologue.ink:1307","sabine_act_i_audience","sabine_office","CORVIN","Corvin Vale","A minute.","2","vo_line","scratch_cast","Callum","N2lVS1w4EtoT3dr4eOWO","vo/act_i/sabine_office/sabine_act_i_audience_524_corvin.mp3","unrecorded"
"vo_act_i_0525","Act I","ink/prologue.ink","1309","ink/prologue.ink:1309","sabine_act_i_audience","sabine_office","SABINE","Sabine Croix","It was a busy week.","5","vo_line","scratch_cast","Charlotte","XB0fDUnXU5powFXDhCwa","vo/act_i/sabine_office/sabine_act_i_audience_525_sabine.mp3","unrecorded"
"vo_act_i_0526","Act I","ink/prologue.ink","1311","ink/prologue.ink:1311","sabine_act_i_audience","sabine_office","NARRATION","Narration","She writes another line, sets down the pen, and looks at him for the first time.","16","stage_direction_review","not_cast_stage_direction","","","vo/act_i/sabine_office/sabine_act_i_audience_526_narration.mp3","unrecorded"
"vo_act_i_0527","Act I","ink/prologue.ink","1313","ink/prologue.ink:1313","sabine_act_i_audience","sabine_office","SABINE","Sabine Croix","You're on the roll again. I saw.","7","vo_line","scratch_cast","Charlotte","XB0fDUnXU5powFXDhCwa","vo/act_i/sabine_office/sabine_act_i_audience_527_sabine.mp3","unrecorded"
"vo_act_i_0528","Act I","ink/prologue.ink","1315","ink/prologue.ink:1315","sabine_act_i_audience","sabine_office","CORVIN","Corvin Vale","I had to out-confess a seventy-year-old woman in front of a paying audience.","16","vo_line","scratch_cast","Callum","N2lVS1w4EtoT3dr4eOWO","vo/act_i/sabine_office/sabine_act_i_audience_528_corvin.mp3","unrecorded"
"vo_act_i_0529","Act I","ink/prologue.ink","1317","ink/prologue.ink:1317","sabine_act_i_audience","sabine_office","SABINE","Sabine Croix","How was it?","3","vo_line","scratch_cast","Charlotte","XB0fDUnXU5powFXDhCwa","vo/act_i/sabine_office/sabine_act_i_audience_529_sabine.mp3","unrecorded"
"vo_act_i_0530","Act I","ink/prologue.ink","1319","ink/prologue.ink:1319","sabine_act_i_audience","sabine_office","CORVIN","Corvin Vale","Humiliating and extremely well attended.","5","vo_line","scratch_cast","Callum","N2lVS1w4EtoT3dr4eOWO","vo/act_i/sabine_office/sabine_act_i_audience_530_corvin.mp3","unrecorded"
"vo_act_i_0531","Act I","ink/prologue.ink","1321","ink/prologue.ink:1321","sabine_act_i_audience","sabine_office","SABINE","Sabine Croix","What did you give her?","5","vo_line","scratch_cast","Charlotte","XB0fDUnXU5powFXDhCwa","vo/act_i/sabine_office/sabine_act_i_audience_531_sabine.mp3","unrecorded"
"vo_act_i_0532","Act I","ink/prologue.ink","1323","ink/prologue.ink:1323","sabine_act_i_audience","sabine_office","CORVIN","Corvin Vale","The Kestrel.","2","vo_line","scratch_cast","Callum","N2lVS1w4EtoT3dr4eOWO","vo/act_i/sabine_office/sabine_act_i_audience_532_corvin.mp3","unrecorded"
"vo_act_i_0533","Act I","ink/prologue.ink","1325","ink/prologue.ink:1325","sabine_act_i_audience","sabine_office","SABINE","Sabine Croix","Out loud.","2","vo_line","scratch_cast","Charlotte","XB0fDUnXU5powFXDhCwa","vo/act_i/sabine_office/sabine_act_i_audience_533_sabine.mp3","unrecorded"
"vo_act_i_0534","Act I","ink/prologue.ink","1327","ink/prologue.ink:1327","sabine_act_i_audience","sabine_office","CORVIN","Corvin Vale","Out loud, in a hall, to about forty people and a man selling pastries.","14","vo_line","scratch_cast","Callum","N2lVS1w4EtoT3dr4eOWO","vo/act_i/sabine_office/sabine_act_i_audience_534_corvin.mp3","unrecorded"
"vo_act_i_0535","Act I","ink/prologue.ink","1329","ink/prologue.ink:1329","sabine_act_i_audience","sabine_office","SABINE","Sabine Croix","Corvin.","1","vo_line","scratch_cast","Charlotte","XB0fDUnXU5powFXDhCwa","vo/act_i/sabine_office/sabine_act_i_audience_535_sabine.mp3","unrecorded"
"vo_act_i_0536","Act I","ink/prologue.ink","1331","ink/prologue.ink:1331","sabine_act_i_audience","sabine_office","CORVIN","Corvin Vale","It's fine. It's actually the only clever thing I've done since Tuesday. Nobody can hold it over me now.","19","vo_line","scratch_cast","Callum","N2lVS1w4EtoT3dr4eOWO","vo/act_i/sabine_office/sabine_act_i_audience_536_corvin.mp3","unrecorded"
"vo_act_i_0537","Act I","ink/prologue.ink","1333","ink/prologue.ink:1333","sabine_act_i_audience","sabine_office","CORVIN","Corvin Vale","You can't blackmail a man with a thing he shouted.","10","vo_line","scratch_cast","Callum","N2lVS1w4EtoT3dr4eOWO","vo/act_i/sabine_office/sabine_act_i_audience_537_corvin.mp3","unrecorded"
"vo_act_i_0538","Act I","ink/prologue.ink","1335","ink/prologue.ink:1335","sabine_act_i_audience","sabine_office","SABINE","Sabine Croix","That's not why you did it.","6","vo_line","scratch_cast","Charlotte","XB0fDUnXU5powFXDhCwa","vo/act_i/sabine_office/sabine_act_i_audience_538_sabine.mp3","unrecorded"
"vo_act_i_0539","Act I","ink/prologue.ink","1337","ink/prologue.ink:1337","sabine_act_i_audience","sabine_office","CORVIN","Corvin Vale","No.","1","vo_line","scratch_cast","Callum","N2lVS1w4EtoT3dr4eOWO","vo/act_i/sabine_office/sabine_act_i_audience_539_corvin.mp3","unrecorded"
"vo_act_i_0540","Act I","ink/prologue.ink","1339","ink/prologue.ink:1339","sabine_act_i_audience","sabine_office","SABINE","Sabine Croix","Why did you do it?","5","vo_line","scratch_cast","Charlotte","XB0fDUnXU5powFXDhCwa","vo/act_i/sabine_office/sabine_act_i_audience_540_sabine.mp3","unrecorded"
"vo_act_i_0541","Act I","ink/prologue.ink","1341","ink/prologue.ink:1341","sabine_act_i_audience","sabine_office","CORVIN","Corvin Vale","Because I wanted one person on this island to know the worst of it and still be standing there afterwards.","20","vo_line","scratch_cast","Callum","N2lVS1w4EtoT3dr4eOWO","vo/act_i/sabine_office/sabine_act_i_audience_541_corvin.mp3","unrecorded"
"vo_act_i_0542","Act I","ink/prologue.ink","1343","ink/prologue.ink:1343","sabine_act_i_audience","sabine_office","CORVIN","Corvin Vale","She was.","2","vo_line","scratch_cast","Callum","N2lVS1w4EtoT3dr4eOWO","vo/act_i/sabine_office/sabine_act_i_audience_542_corvin.mp3","unrecorded"
"vo_act_i_0543","Act I","ink/prologue.ink","1345","ink/prologue.ink:1345","sabine_act_i_audience","sabine_office","CORVIN","Corvin Vale","She wrote my name back in. Didn't say anything about it.","11","vo_line","scratch_cast","Callum","N2lVS1w4EtoT3dr4eOWO","vo/act_i/sabine_office/sabine_act_i_audience_543_corvin.mp3","unrecorded"
"vo_act_i_0544","Act I","ink/prologue.ink","1347","ink/prologue.ink:1347","sabine_act_i_audience","sabine_office","NARRATION","Narration","Water pools on Sabine's floor. She crosses through it like it isn't there.","13","stage_direction_review","not_cast_stage_direction","","","vo/act_i/sabine_office/sabine_act_i_audience_544_narration.mp3","unrecorded"
"vo_act_i_0545","Act I","ink/prologue.ink","1349","ink/prologue.ink:1349","sabine_act_i_audience","sabine_office","SABINE","Sabine Croix","Hold still.","2","vo_line","scratch_cast","Charlotte","XB0fDUnXU5powFXDhCwa","vo/act_i/sabine_office/sabine_act_i_audience_545_sabine.mp3","unrecorded"
"vo_act_i_0546","Act I","ink/prologue.ink","1351","ink/prologue.ink:1351","sabine_act_i_audience","sabine_office","CORVIN","Corvin Vale","What?","1","vo_line","scratch_cast","Callum","N2lVS1w4EtoT3dr4eOWO","vo/act_i/sabine_office/sabine_act_i_audience_546_corvin.mp3","unrecorded"
"vo_act_i_0547","Act I","ink/prologue.ink","1353","ink/prologue.ink:1353","sabine_act_i_audience","sabine_office","SABINE","Sabine Croix","Hold still.","2","vo_line","scratch_cast","Charlotte","XB0fDUnXU5powFXDhCwa","vo/act_i/sabine_office/sabine_act_i_audience_547_sabine.mp3","unrecorded"
"vo_act_i_0548","Act I","ink/prologue.ink","1355","ink/prologue.ink:1355","sabine_act_i_audience","sabine_office","NARRATION","Narration","Two fingers to the inside of his wrist. Four seconds. Nothing. Her hand stays.","14","stage_direction_review","not_cast_stage_direction","","","vo/act_i/sabine_office/sabine_act_i_audience_548_narration.mp3","unrecorded"
"vo_act_i_0549","Act I","ink/prologue.ink","1357","ink/prologue.ink:1357","sabine_act_i_audience","sabine_office","CORVIN","Corvin Vale","That's not how you check.","5","vo_line","scratch_cast","Callum","N2lVS1w4EtoT3dr4eOWO","vo/act_i/sabine_office/sabine_act_i_audience_549_corvin.mp3","unrecorded"
"vo_act_i_0550","Act I","ink/prologue.ink","1359","ink/prologue.ink:1359","sabine_act_i_audience","sabine_office","SABINE","Sabine Croix","I know how to check.","5","vo_line","scratch_cast","Charlotte","XB0fDUnXU5powFXDhCwa","vo/act_i/sabine_office/sabine_act_i_audience_550_sabine.mp3","unrecorded"
"vo_act_i_0551","Act I","ink/prologue.ink","1361","ink/prologue.ink:1361","sabine_act_i_audience","sabine_office","CORVIN","Corvin Vale","There isn't anything there.","4","vo_line","scratch_cast","Callum","N2lVS1w4EtoT3dr4eOWO","vo/act_i/sabine_office/sabine_act_i_audience_551_corvin.mp3","unrecorded"
"vo_act_i_0552","Act I","ink/prologue.ink","1363","ink/prologue.ink:1363","sabine_act_i_audience","sabine_office","SABINE","Sabine Croix","I noticed.","2","vo_line","scratch_cast","Charlotte","XB0fDUnXU5powFXDhCwa","vo/act_i/sabine_office/sabine_act_i_audience_552_sabine.mp3","unrecorded"
"vo_act_i_0553","Act I","ink/prologue.ink","1365","ink/prologue.ink:1365","sabine_act_i_audience","sabine_office","CORVIN","Corvin Vale","Sabine.","1","vo_line","scratch_cast","Callum","N2lVS1w4EtoT3dr4eOWO","vo/act_i/sabine_office/sabine_act_i_audience_553_corvin.mp3","unrecorded"
"vo_act_i_0554","Act I","ink/prologue.ink","1367","ink/prologue.ink:1367","sabine_act_i_audience","sabine_office","SABINE","Sabine Croix","Don't make me say a thing badly when I'm doing it correctly.","12","vo_line","scratch_cast","Charlotte","XB0fDUnXU5powFXDhCwa","vo/act_i/sabine_office/sabine_act_i_audience_554_sabine.mp3","unrecorded"
"vo_act_i_0555","Act I","ink/prologue.ink","1369","ink/prologue.ink:1369","sabine_act_i_audience","sabine_office","SABINE","Sabine Croix","Get out of my office, Corvin.","6","vo_line","scratch_cast","Charlotte","XB0fDUnXU5powFXDhCwa","vo/act_i/sabine_office/sabine_act_i_audience_555_sabine.mp3","unrecorded"
"vo_act_i_0556","Act I","ink/prologue.ink","1371","ink/prologue.ink:1371","sabine_act_i_audience","sabine_office","CORVIN","Corvin Vale","Right.","1","vo_line","scratch_cast","Callum","N2lVS1w4EtoT3dr4eOWO","vo/act_i/sabine_office/sabine_act_i_audience_556_corvin.mp3","unrecorded"
"vo_act_i_0557","Act I","ink/prologue.ink","1373","ink/prologue.ink:1373","sabine_act_i_audience","sabine_office","SABINE","Sabine Croix","Six days.","2","vo_line","scratch_cast","Charlotte","XB0fDUnXU5powFXDhCwa","vo/act_i/sabine_office/sabine_act_i_audience_557_sabine.mp3","unrecorded"
"vo_act_i_0558","Act I","ink/prologue.ink","1375","ink/prologue.ink:1375","sabine_act_i_audience","sabine_office","CORVIN","Corvin Vale","Five.","1","vo_line","scratch_cast","Callum","N2lVS1w4EtoT3dr4eOWO","vo/act_i/sabine_office/sabine_act_i_audience_558_corvin.mp3","unrecorded"
