"line_id","line_type","speaker","audio_path","status","size_bytes","recording_queue_status","packet_status","source_ref"
"vo_act_i_0001","act_i_scene","CORVIN","vo/act_i/unlocated/mudflats_wake_001_corvin.mp3","missing","0","scratch_ready","scratch_ready_packeted","ink/prologue.ink:12"
"vo_act_i_0002","act_i_scene","CORVIN","vo/act_i/unlocated/mudflats_wake_002_corvin.mp3","missing","0","scratch_ready","scratch_ready_packeted","ink/prologue.ink:14"
"vo_act_i_0003","act_i_scene","CORVIN","vo/act_i/unlocated/mudflats_wake_003_corvin.mp3","missing","0","scratch_ready","scratch_ready_packeted","ink/prologue.ink:16"
"vo_act_i_0004","act_i_scene","CORVIN","vo/act_i/mudflats/mudflats_silt_004_corvin.mp3","missing","0","scratch_ready","scratch_ready_packeted","ink/prologue.ink:22"
"vo_act_i_0005","act_i_scene","CORVIN","vo/act_i/mudflats/mudflats_silt_005_corvin.mp3","missing","0","scratch_ready","scratch_ready_packeted","ink/prologue.ink:24"
"vo_act_i_0006","act_i_scene","CORVIN","vo/act_i/mudflats/mudflats_silt_006_corvin.mp3","missing","0","scratch_ready","scratch_ready_packeted","ink/prologue.ink:26"
"vo_act_i_0007","act_i_scene","CORVIN","vo/act_i/mudflats/mudflats_hands_007_corvin.mp3","missing","0","scratch_ready","scratch_ready_packeted","ink/prologue.ink:32"
"vo_act_i_0008","act_i_scene","CORVIN","vo/act_i/mudflats/mudflats_hands_008_corvin.mp3","missing","0","scratch_ready","scratch_ready_packeted","ink/prologue.ink:34"
"vo_act_i_0009","act_i_scene","CORVIN","vo/act_i/mudflats/mudflats_hands_009_corvin.mp3","missing","0","scratch_ready","scratch_ready_packeted","ink/prologue.ink:36"
"vo_act_i_0010","act_i_scene","CORVIN","vo/act_i/mudflats/mudflats_hands_010_corvin.mp3","missing","0","scratch_ready","scratch_ready_packeted","ink/prologue.ink:38"
"vo_act_i_0011","act_i_scene","CORVIN","vo/act_i/mudflats/mudflats_harbor_view_011_corvin.mp3","missing","0","scratch_ready","scratch_ready_packeted","ink/prologue.ink:44"
"vo_act_i_0012","act_i_scene","CORVIN","vo/act_i/mudflats/mudflats_harbor_view_012_corvin.mp3","missing","0","scratch_ready","scratch_ready_packeted","ink/prologue.ink:46"
"vo_act_i_0013","act_i_scene","CORVIN","vo/act_i/mudflats/mudflats_harbor_view_013_corvin.mp3","missing","0","scratch_ready","scratch_ready_packeted","ink/prologue.ink:48"
"vo_act_i_0014","act_i_scene","CORVIN","vo/act_i/mudflats/mudflats_coat_wet_014_corvin.mp3","missing","0","scratch_ready","scratch_ready_packeted","ink/prologue.ink:54"
"vo_act_i_0015","act_i_scene","CORVIN","vo/act_i/mudflats/mudflats_coat_wet_015_corvin.mp3","missing","0","scratch_ready","scratch_ready_packeted","ink/prologue.ink:56"
"vo_act_i_0016","act_i_scene","CORVIN","vo/act_i/mudflats/mudflats_coat_wet_016_corvin.mp3","missing","0","scratch_ready","scratch_ready_packeted","ink/prologue.ink:58"
"vo_act_i_0018","act_i_scene","CORVIN","vo/act_i/mudflats/mudflats_coat_wet_018_corvin.mp3","missing","0","scratch_ready","scratch_ready_packeted","ink/prologue.ink:62"
"vo_act_i_0019","act_i_scene","TOMAS","vo/act_i/old_quay/old_quay_tomas_019_tomas.mp3","missing","0","scratch_ready","scratch_ready_packeted","ink/prologue.ink:68"
"vo_act_i_0021","act_i_scene","TOMAS","vo/act_i/old_quay/old_quay_tomas_021_tomas.mp3","missing","0","scratch_ready","scratch_ready_packeted","ink/prologue.ink:72"
"vo_act_i_0022","act_i_scene","CORVIN","vo/act_i/old_quay/old_quay_tomas_022_corvin.mp3","missing","0","scratch_ready","scratch_ready_packeted","ink/prologue.ink:74"
"vo_act_i_0023","act_i_scene","TOMAS","vo/act_i/old_quay/old_quay_tomas_023_tomas.mp3","missing","0","scratch_ready","scratch_ready_packeted","ink/prologue.ink:76"
"vo_act_i_0024","act_i_scene","CORVIN","vo/act_i/old_quay/old_quay_tomas_024_corvin.mp3","missing","0","scratch_ready","scratch_ready_packeted","ink/prologue.ink:78"
"vo_act_i_0025","act_i_scene","TOMAS","vo/act_i/old_quay/old_quay_tomas_025_tomas.mp3","missing","0","scratch_ready","scratch_ready_packeted","ink/prologue.ink:80"
"vo_act_i_0026","act_i_scene","CORVIN","vo/act_i/old_quay/old_quay_tomas_026_corvin.mp3","missing","0","scratch_ready","scratch_ready_packeted","ink/prologue.ink:82"
"vo_act_i_0027","act_i_scene","TOMAS","vo/act_i/old_quay/old_quay_tomas_027_tomas.mp3","missing","0","scratch_ready","scratch_ready_packeted","ink/prologue.ink:84"
"vo_act_i_0029","act_i_scene","CORVIN","vo/act_i/old_quay/old_quay_tomas_029_corvin.mp3","missing","0","scratch_ready","scratch_ready_packeted","ink/prologue.ink:88"
"vo_act_i_0030","act_i_scene","TOMAS","vo/act_i/old_quay/old_quay_tomas_030_tomas.mp3","missing","0","scratch_ready","scratch_ready_packeted","ink/prologue.ink:90"
"vo_act_i_0031","act_i_scene","TOMAS","vo/act_i/old_quay/old_quay_tomas_031_tomas.mp3","missing","0","scratch_ready","scratch_ready_packeted","ink/prologue.ink:92"
"vo_act_i_0032","act_i_scene","CORVIN","vo/act_i/old_quay/old_quay_tomas_032_corvin.mp3","missing","0","scratch_ready","scratch_ready_packeted","ink/prologue.ink:94"
"vo_act_i_0033","act_i_scene","TOMAS","vo/act_i/old_quay/old_quay_tomas_033_tomas.mp3","missing","0","scratch_ready","scratch_ready_packeted","ink/prologue.ink:96"
"vo_act_i_0034","act_i_scene","CORVIN","vo/act_i/old_quay/old_quay_tomas_034_corvin.mp3","missing","0","scratch_ready","scratch_ready_packeted","ink/prologue.ink:98"
"vo_act_i_0035","act_i_scene","TOMAS","vo/act_i/old_quay/old_quay_tomas_035_tomas.mp3","missing","0","scratch_ready","scratch_ready_packeted","ink/prologue.ink:100"
"vo_act_i_0036","act_i_scene","CORVIN","vo/act_i/old_quay/old_quay_tomas_036_corvin.mp3","missing","0","scratch_ready","scratch_ready_packeted","ink/prologue.ink:102"
"vo_act_i_0037","act_i_scene","TOMAS","vo/act_i/old_quay/old_quay_tomas_037_tomas.mp3","missing","0","scratch_ready","scratch_ready_packeted","ink/prologue.ink:104"
"vo_act_i_0038","act_i_scene","CORVIN","vo/act_i/old_quay/old_quay_tomas_038_corvin.mp3","missing","0","scratch_ready","scratch_ready_packeted","ink/prologue.ink:106"
"vo_act_i_0039","act_i_scene","TOMAS","vo/act_i/old_quay/old_quay_tomas_039_tomas.mp3","missing","0","scratch_ready","scratch_ready_packeted","ink/prologue.ink:108"
"vo_act_i_0041","act_i_scene","CORVIN","vo/act_i/old_quay/old_quay_tomas_041_corvin.mp3","missing","0","scratch_ready","scratch_ready_packeted","ink/prologue.ink:112"
"vo_act_i_0042","act_i_scene","TOMAS","vo/act_i/old_quay/old_quay_tomas_042_tomas.mp3","missing","0","scratch_ready","scratch_ready_packeted","ink/prologue.ink:114"
"vo_act_i_0043","act_i_scene","CORVIN","vo/act_i/old_quay/old_quay_tomas_043_corvin.mp3","missing","0","scratch_ready","scratch_ready_packeted","ink/prologue.ink:116"
"vo_act_i_0044","act_i_scene","TOMAS","vo/act_i/old_quay/old_quay_tomas_044_tomas.mp3","missing","0","scratch_ready","scratch_ready_packeted","ink/prologue.ink:118"
"vo_act_i_0046","act_i_scene","CORVIN","vo/act_i/old_quay/old_quay_tomas_046_corvin.mp3","missing","0","scratch_ready","scratch_ready_packeted","ink/prologue.ink:122"
"vo_act_i_0047","act_i_scene","TOMAS","vo/act_i/old_quay/old_quay_tomas_047_tomas.mp3","missing","0","scratch_ready","scratch_ready_packeted","ink/prologue.ink:124"
"vo_act_i_0048","act_i_scene","CORVIN","vo/act_i/old_quay/old_quay_tomas_048_corvin.mp3","missing","0","scratch_ready","scratch_ready_packeted","ink/prologue.ink:129"
"vo_act_i_0049","act_i_scene","TOMAS","vo/act_i/old_quay/old_quay_tomas_049_tomas.mp3","missing","0","scratch_ready","scratch_ready_packeted","ink/prologue.ink:131"
"vo_act_i_0050","act_i_scene","TOMAS","vo/act_i/unlocated/old_quay_equipment_050_tomas.mp3","missing","0","scratch_ready","scratch_ready_packeted","ink/prologue.ink:136"
"vo_act_i_0051","act_i_scene","CORVIN","vo/act_i/unlocated/old_quay_equipment_051_corvin.mp3","missing","0","scratch_ready","scratch_ready_packeted","ink/prologue.ink:138"
"vo_act_i_0052","act_i_scene","TOMAS","vo/act_i/unlocated/old_quay_equipment_052_tomas.mp3","missing","0","scratch_ready","scratch_ready_packeted","ink/prologue.ink:142"
"vo_act_i_0053","act_i_scene","TOMAS","vo/act_i/old_quay/old_quay_tomas_topics_053_tomas.mp3","missing","0","scratch_ready","scratch_ready_packeted","ink/prologue.ink:148"
"vo_act_i_0054","act_i_scene","CORVIN","vo/act_i/old_quay/old_quay_tomas_topics_054_corvin.mp3","missing","0","scratch_ready","scratch_ready_packeted","ink/prologue.ink:150"
"vo_act_i_0055","act_i_scene","TOMAS","vo/act_i/old_quay/old_quay_tomas_topics_055_tomas.mp3","missing","0","scratch_ready","scratch_ready_packeted","ink/prologue.ink:152"
"vo_act_i_0056","act_i_scene","TOMAS","vo/act_i/old_quay/old_quay_tomas_topics_056_tomas.mp3","missing","0","scratch_ready","scratch_ready_packeted","ink/prologue.ink:154"
"vo_act_i_0057","act_i_scene","TOMAS","vo/act_i/old_quay/old_quay_tomas_topics_057_tomas.mp3","missing","0","scratch_ready","scratch_ready_packeted","ink/prologue.ink:156"
"vo_act_i_0058","act_i_scene","CORVIN","vo/act_i/old_quay/old_quay_tomas_topics_058_corvin.mp3","missing","0","scratch_ready","scratch_ready_packeted","ink/prologue.ink:158"
"vo_act_i_0059","act_i_scene","TOMAS","vo/act_i/old_quay/old_quay_tomas_topics_059_tomas.mp3","missing","0","scratch_ready","scratch_ready_packeted","ink/prologue.ink:160"
"vo_act_i_0060","act_i_scene","CORVIN","vo/act_i/old_quay/old_quay_tomas_topics_060_corvin.mp3","missing","0","scratch_ready","scratch_ready_packeted","ink/prologue.ink:162"
"vo_act_i_0061","act_i_scene","TOMAS","vo/act_i/old_quay/old_quay_tomas_topics_061_tomas.mp3","missing","0","scratch_ready","scratch_ready_packeted","ink/prologue.ink:164"
"vo_act_i_0062","act_i_scene","TOMAS","vo/act_i/old_quay/old_quay_tomas_topics_062_tomas.mp3","missing","0","scratch_ready","scratch_ready_packeted","ink/prologue.ink:166"
"vo_act_i_0063","act_i_scene","CORVIN","vo/act_i/old_quay/old_quay_tomas_topics_063_corvin.mp3","missing","0","scratch_ready","scratch_ready_packeted","ink/prologue.ink:168"
"vo_act_i_0064","act_i_scene","TOMAS","vo/act_i/old_quay/old_quay_tomas_topics_064_tomas.mp3","missing","0","scratch_ready","scratch_ready_packeted","ink/prologue.ink:170"
"vo_act_i_0065","act_i_scene","CORVIN","vo/act_i/old_quay/old_quay_tomas_topics_065_corvin.mp3","missing","0","scratch_ready","scratch_ready_packeted","ink/prologue.ink:172"
"vo_act_i_0066","act_i_scene","TOMAS","vo/act_i/old_quay/old_quay_tomas_topics_066_tomas.mp3","missing","0","scratch_ready","scratch_ready_packeted","ink/prologue.ink:174"
"vo_act_i_0067","act_i_scene","TOMAS","vo/act_i/old_quay/old_quay_tomas_topics_067_tomas.mp3","missing","0","scratch_ready","scratch_ready_packeted","ink/prologue.ink:176"
"vo_act_i_0068","act_i_scene","CORVIN","vo/act_i/old_quay/old_quay_tomas_topics_068_corvin.mp3","missing","0","scratch_ready","scratch_ready_packeted","ink/prologue.ink:178"
"vo_act_i_0069","act_i_scene","TOMAS","vo/act_i/old_quay/old_quay_tomas_topics_069_tomas.mp3","missing","0","scratch_ready","scratch_ready_packeted","ink/prologue.ink:180"
"vo_act_i_0070","act_i_scene","CORVIN","vo/act_i/old_quay/old_quay_tomas_topics_070_corvin.mp3","missing","0","scratch_ready","scratch_ready_packeted","ink/prologue.ink:182"
"vo_act_i_0071","act_i_scene","TOMAS","vo/act_i/old_quay/old_quay_tomas_topics_071_tomas.mp3","missing","0","scratch_ready","scratch_ready_packeted","ink/prologue.ink:184"
"vo_act_i_0072","act_i_scene","TOMAS","vo/act_i/old_quay/old_quay_tomas_topics_072_tomas.mp3","missing","0","scratch_ready","scratch_ready_packeted","ink/prologue.ink:186"
"vo_act_i_0073","act_i_scene","CORVIN","vo/act_i/old_quay/old_quay_tomas_topics_073_corvin.mp3","missing","0","scratch_ready","scratch_ready_packeted","ink/prologue.ink:188"
"vo_act_i_0074","act_i_scene","TOMAS","vo/act_i/old_quay/old_quay_tomas_topics_074_tomas.mp3","missing","0","scratch_ready","scratch_ready_packeted","ink/prologue.ink:190"
"vo_act_i_0075","act_i_scene","CORVIN","vo/act_i/old_quay/old_quay_tomas_topics_075_corvin.mp3","missing","0","scratch_ready","scratch_ready_packeted","ink/prologue.ink:192"
"vo_act_i_0076","act_i_scene","TOMAS","vo/act_i/old_quay/old_quay_tomas_topics_076_tomas.mp3","missing","0","scratch_ready","scratch_ready_packeted","ink/prologue.ink:194"
"vo_act_i_0077","act_i_scene","CORVIN","vo/act_i/old_quay/old_quay_tomas_topics_077_corvin.mp3","missing","0","scratch_ready","scratch_ready_packeted","ink/prologue.ink:196"
"vo_act_i_0078","act_i_scene","TOMAS","vo/act_i/old_quay/old_quay_tomas_topics_078_tomas.mp3","missing","0","scratch_ready","scratch_ready_packeted","ink/prologue.ink:198"
"vo_act_i_0079","act_i_scene","CORVIN","vo/act_i/old_quay/old_quay_tomas_topics_079_corvin.mp3","missing","0","scratch_ready","scratch_ready_packeted","ink/prologue.ink:200"
"vo_act_i_0080","act_i_scene","TOMAS","vo/act_i/old_quay/old_quay_tomas_topics_080_tomas.mp3","missing","0","scratch_ready","scratch_ready_packeted","ink/prologue.ink:202"
"vo_act_i_0081","act_i_scene","CORVIN","vo/act_i/old_quay/old_quay_tomas_topics_081_corvin.mp3","missing","0","scratch_ready","scratch_ready_packeted","ink/prologue.ink:204"
"vo_act_i_0082","act_i_scene","TOMAS","vo/act_i/old_quay/old_quay_tomas_topics_082_tomas.mp3","missing","0","scratch_ready","scratch_ready_packeted","ink/prologue.ink:206"
"vo_act_i_0083","act_i_scene","CORVIN","vo/act_i/old_quay/old_quay_tomas_topics_083_corvin.mp3","missing","0","scratch_ready","scratch_ready_packeted","ink/prologue.ink:208"
"vo_act_i_0084","act_i_scene","TOMAS","vo/act_i/old_quay/old_quay_tomas_topics_084_tomas.mp3","missing","0","scratch_ready","scratch_ready_packeted","ink/prologue.ink:210"
"vo_act_i_0085","act_i_scene","CORVIN","vo/act_i/old_quay/old_quay_silent_bollards_085_corvin.mp3","missing","0","scratch_ready","scratch_ready_packeted","ink/prologue.ink:216"
"vo_act_i_0086","act_i_scene","CORVIN","vo/act_i/old_quay/old_quay_silent_bollards_086_corvin.mp3","missing","0","scratch_ready","scratch_ready_packeted","ink/prologue.ink:218"
"vo_act_i_0087","act_i_scene","TOMAS","vo/act_i/old_quay/old_quay_silent_bollards_087_tomas.mp3","missing","0","scratch_ready","scratch_ready_packeted","ink/prologue.ink:220"
"vo_act_i_0088","act_i_scene","CORVIN","vo/act_i/old_quay/old_quay_silent_bollards_088_corvin.mp3","missing","0","scratch_ready","scratch_ready_packeted","ink/prologue.ink:222"
"vo_act_i_0089","act_i_scene","TOMAS","vo/act_i/old_quay/old_quay_silent_bollards_089_tomas.mp3","missing","0","scratch_ready","scratch_ready_packeted","ink/prologue.ink:224"
"vo_act_i_0090","act_i_scene","CORVIN","vo/act_i/old_quay/old_quay_bollard_petra_090_corvin.mp3","missing","0","scratch_ready","scratch_ready_packeted","ink/prologue.ink:230"
"vo_act_i_0091","act_i_scene","TOMAS","vo/act_i/old_quay/old_quay_bollard_petra_091_tomas.mp3","missing","0","scratch_ready","scratch_ready_packeted","ink/prologue.ink:232"
"vo_act_i_0092","act_i_scene","CORVIN","vo/act_i/old_quay/old_quay_bollard_petra_092_corvin.mp3","missing","0","scratch_ready","scratch_ready_packeted","ink/prologue.ink:234"
"vo_act_i_0093","act_i_scene","TOMAS","vo/act_i/old_quay/old_quay_bollard_petra_093_tomas.mp3","missing","0","scratch_ready","scratch_ready_packeted","ink/prologue.ink:236"
"vo_act_i_0094","act_i_scene","CORVIN","vo/act_i/old_quay/old_quay_bollard_ledger_094_corvin.mp3","missing","0","scratch_ready","scratch_ready_packeted","ink/prologue.ink:242"
"vo_act_i_0095","act_i_scene","TOMAS","vo/act_i/old_quay/old_quay_bollard_ledger_095_tomas.mp3","missing","0","scratch_ready","scratch_ready_packeted","ink/prologue.ink:244"
"vo_act_i_0096","act_i_scene","CORVIN","vo/act_i/old_quay/old_quay_bollard_ledger_096_corvin.mp3","missing","0","scratch_ready","scratch_ready_packeted","ink/prologue.ink:246"
"vo_act_i_0097","act_i_scene","TOMAS","vo/act_i/old_quay/old_quay_bollard_ledger_097_tomas.mp3","missing","0","scratch_ready","scratch_ready_packeted","ink/prologue.ink:248"
"vo_act_i_0098","act_i_scene","CORVIN","vo/act_i/old_quay/old_quay_bollard_bride_098_corvin.mp3","missing","0","scratch_ready","scratch_ready_packeted","ink/prologue.ink:254"
"vo_act_i_0099","act_i_scene","TOMAS","vo/act_i/old_quay/old_quay_bollard_bride_099_tomas.mp3","missing","0","scratch_ready","scratch_ready_packeted","ink/prologue.ink:256"
"vo_act_i_0100","act_i_scene","CORVIN","vo/act_i/old_quay/old_quay_bollard_bride_100_corvin.mp3","missing","0","scratch_ready","scratch_ready_packeted","ink/prologue.ink:258"
"vo_act_i_0101","act_i_scene","TOMAS","vo/act_i/old_quay/old_quay_bollard_bride_101_tomas.mp3","missing","0","scratch_ready","scratch_ready_packeted","ink/prologue.ink:260"
"vo_act_i_0102","act_i_scene","TOMAS","vo/act_i/old_quay/old_quay_bollards_all_seen_102_tomas.mp3","missing","0","scratch_ready","scratch_ready_packeted","ink/prologue.ink:266"
"vo_act_i_0103","act_i_scene","CORVIN","vo/act_i/old_quay/old_quay_bollards_all_seen_103_corvin.mp3","missing","0","scratch_ready","scratch_ready_packeted","ink/prologue.ink:268"
"vo_act_i_0104","act_i_scene","TOMAS","vo/act_i/old_quay/old_quay_bollards_all_seen_104_tomas.mp3","missing","0","scratch_ready","scratch_ready_packeted","ink/prologue.ink:270"
"vo_act_i_0105","act_i_scene","CORVIN","vo/act_i/old_quay/old_quay_bollards_all_seen_105_corvin.mp3","missing","0","scratch_ready","scratch_ready_packeted","ink/prologue.ink:272"
"vo_act_i_0106","act_i_scene","TOMAS","vo/act_i/old_quay/old_quay_bollards_all_seen_106_tomas.mp3","missing","0","scratch_ready","scratch_ready_packeted","ink/prologue.ink:274"
"vo_act_i_0107","act_i_scene","CORVIN","vo/act_i/old_quay/old_quay_flask_107_corvin.mp3","missing","0","scratch_ready","scratch_ready_packeted","ink/prologue.ink:280"
"vo_act_i_0108","act_i_scene","TOMAS","vo/act_i/old_quay/old_quay_flask_108_tomas.mp3","missing","0","scratch_ready","scratch_ready_packeted","ink/prologue.ink:282"
"vo_act_i_0109","act_i_scene","CORVIN","vo/act_i/old_quay/old_quay_flask_109_corvin.mp3","missing","0","scratch_ready","scratch_ready_packeted","ink/prologue.ink:284"
"vo_act_i_0110","act_i_scene","TOMAS","vo/act_i/old_quay/old_quay_flask_110_tomas.mp3","missing","0","scratch_ready","scratch_ready_packeted","ink/prologue.ink:286"
"vo_act_i_0111","act_i_scene","CORVIN","vo/act_i/old_quay/old_quay_flask_111_corvin.mp3","missing","0","scratch_ready","scratch_ready_packeted","ink/prologue.ink:288"
"vo_act_i_0112","act_i_scene","CORVIN","vo/act_i/old_quay/old_quay_rope_cleat_112_corvin.mp3","missing","0","scratch_ready","scratch_ready_packeted","ink/prologue.ink:294"
"vo_act_i_0113","act_i_scene","TOMAS","vo/act_i/old_quay/old_quay_rope_cleat_113_tomas.mp3","missing","0","scratch_ready","scratch_ready_packeted","ink/prologue.ink:296"
"vo_act_i_0114","act_i_scene","CORVIN","vo/act_i/old_quay/old_quay_rope_cleat_114_corvin.mp3","missing","0","scratch_ready","scratch_ready_packeted","ink/prologue.ink:298"
"vo_act_i_0115","act_i_scene","TOMAS","vo/act_i/old_quay/old_quay_rope_cleat_115_tomas.mp3","missing","0","scratch_ready","scratch_ready_packeted","ink/prologue.ink:300"
"vo_act_i_0116","act_i_scene","CORVIN","vo/act_i/old_quay/old_quay_rope_cleat_116_corvin.mp3","missing","0","scratch_ready","scratch_ready_packeted","ink/prologue.ink:302"
"vo_act_i_0117","act_i_scene","BOOT_SELLER","vo/act_i/salt_market/salt_market_arrival_117_boot_seller.mp3","missing","0","blocked_pending_cast_decision","blocked_no_packet","ink/prologue.ink:310"
"vo_act_i_0118","act_i_scene","CORVIN","vo/act_i/salt_market/salt_market_arrival_118_corvin.mp3","missing","0","scratch_ready","scratch_ready_packeted","ink/prologue.ink:312"
"vo_act_i_0119","act_i_scene","CORVIN","vo/act_i/salt_market/salt_market_arrival_119_corvin.mp3","missing","0","scratch_ready","scratch_ready_packeted","ink/prologue.ink:316"
"vo_act_i_0120","act_i_scene","CORVIN","vo/act_i/salt_market/salt_market_arrival_120_corvin.mp3","missing","0","scratch_ready","scratch_ready_packeted","ink/prologue.ink:318"
"vo_act_i_0121","act_i_scene","BOOT_SELLER","vo/act_i/salt_market/salt_market_public_recognition_121_boot_seller.mp3","missing","0","blocked_pending_cast_decision","blocked_no_packet","ink/prologue.ink:324"
"vo_act_i_0122","act_i_scene","CORVIN","vo/act_i/salt_market/salt_market_public_recognition_122_corvin.mp3","missing","0","scratch_ready","scratch_ready_packeted","ink/prologue.ink:326"
"vo_act_i_0123","act_i_scene","BOOT_SELLER","vo/act_i/salt_market/salt_market_public_recognition_123_boot_seller.mp3","missing","0","blocked_pending_cast_decision","blocked_no_packet","ink/prologue.ink:328"
"vo_act_i_0124","act_i_scene","CORVIN","vo/act_i/salt_market/salt_market_public_recognition_124_corvin.mp3","missing","0","scratch_ready","scratch_ready_packeted","ink/prologue.ink:330"
"vo_act_i_0126","act_i_scene","BOOT_SELLER","vo/act_i/salt_market/salt_market_public_recognition_126_boot_seller.mp3","missing","0","blocked_pending_cast_decision","blocked_no_packet","ink/prologue.ink:334"
"vo_act_i_0127","act_i_scene","CORVIN","vo/act_i/salt_market/salt_market_public_recognition_127_corvin.mp3","missing","0","scratch_ready","scratch_ready_packeted","ink/prologue.ink:336"
"vo_act_i_0128","act_i_scene","BOOT_SELLER","vo/act_i/salt_market/salt_market_public_recognition_128_boot_seller.mp3","missing","0","blocked_pending_cast_decision","blocked_no_packet","ink/prologue.ink:338"
"vo_act_i_0129","act_i_scene","CORVIN","vo/act_i/salt_market/salt_market_public_recognition_129_corvin.mp3","missing","0","scratch_ready","scratch_ready_packeted","ink/prologue.ink:340"
"vo_act_i_0130","act_i_scene","BOOT_SELLER","vo/act_i/salt_market/salt_market_public_recognition_130_boot_seller.mp3","missing","0","blocked_pending_cast_decision","blocked_no_packet","ink/prologue.ink:342"
"vo_act_i_0131","act_i_scene","CORVIN","vo/act_i/salt_market/salt_market_public_recognition_131_corvin.mp3","missing","0","scratch_ready","scratch_ready_packeted","ink/prologue.ink:344"
"vo_act_i_0132","act_i_scene","BOOT_SELLER","vo/act_i/salt_market/salt_market_public_recognition_132_boot_seller.mp3","missing","0","blocked_pending_cast_decision","blocked_no_packet","ink/prologue.ink:346"
"vo_act_i_0133","act_i_scene","CORVIN","vo/act_i/salt_market/salt_market_public_recognition_133_corvin.mp3","missing","0","scratch_ready","scratch_ready_packeted","ink/prologue.ink:348"
"vo_act_i_0135","act_i_scene","WOMAN","vo/act_i/salt_market/salt_market_public_recognition_135_woman.mp3","missing","0","blocked_pending_cast_decision","blocked_no_packet","ink/prologue.ink:352"
"vo_act_i_0136","act_i_scene","CORVIN","vo/act_i/salt_market/salt_market_public_recognition_136_corvin.mp3","missing","0","scratch_ready","scratch_ready_packeted","ink/prologue.ink:354"
"vo_act_i_0137","act_i_scene","WOMAN","vo/act_i/salt_market/salt_market_public_recognition_137_woman.mp3","missing","0","blocked_pending_cast_decision","blocked_no_packet","ink/prologue.ink:356"
"vo_act_i_0139","act_i_scene","CORVIN","vo/act_i/salt_market/salt_market_public_recognition_139_corvin.mp3","missing","0","scratch_ready","scratch_ready_packeted","ink/prologue.ink:360"
"vo_act_i_0141","act_i_scene","CORVIN","vo/act_i/salt_market/salt_market_public_recognition_141_corvin.mp3","missing","0","scratch_ready","scratch_ready_packeted","ink/prologue.ink:364"
"vo_act_i_0142","act_i_scene","CORVIN","vo/act_i/salt_market/salt_market_public_recognition_142_corvin.mp3","missing","0","scratch_ready","scratch_ready_packeted","ink/prologue.ink:366"
"vo_act_i_0144","act_i_scene","CORVIN","vo/act_i/salt_market/salt_market_boot_stall_after_144_corvin.mp3","missing","0","scratch_ready","scratch_ready_packeted","ink/prologue.ink:374"
"vo_act_i_0145","act_i_scene","CORVIN","vo/act_i/salt_market/salt_market_boot_stall_after_145_corvin.mp3","missing","0","scratch_ready","scratch_ready_packeted","ink/prologue.ink:376"
"vo_act_i_0146","act_i_scene","BOOT_SELLER","vo/act_i/salt_market/salt_market_boot_stall_after_146_boot_seller.mp3","missing","0","blocked_pending_cast_decision","blocked_no_packet","ink/prologue.ink:378"
"vo_act_i_0147","act_i_scene","CORVIN","vo/act_i/salt_market/salt_market_boot_stall_after_147_corvin.mp3","missing","0","scratch_ready","scratch_ready_packeted","ink/prologue.ink:380"
"vo_act_i_0148","act_i_scene","BOOT_SELLER","vo/act_i/salt_market/salt_market_boot_stall_after_148_boot_seller.mp3","missing","0","blocked_pending_cast_decision","blocked_no_packet","ink/prologue.ink:382"
"vo_act_i_0149","act_i_scene","BOOT_SELLER","vo/act_i/salt_market/salt_market_boot_stall_after_149_boot_seller.mp3","missing","0","blocked_pending_cast_decision","blocked_no_packet","ink/prologue.ink:384"
"vo_act_i_0150","act_i_scene","CORVIN","vo/act_i/salt_market/salt_market_boot_stall_after_150_corvin.mp3","missing","0","scratch_ready","scratch_ready_packeted","ink/prologue.ink:386"
"vo_act_i_0151","act_i_scene","BOOT_SELLER","vo/act_i/salt_market/salt_market_boot_stall_after_151_boot_seller.mp3","missing","0","blocked_pending_cast_decision","blocked_no_packet","ink/prologue.ink:388"
"vo_act_i_0152","act_i_scene","CORVIN","vo/act_i/salt_market/salt_market_boot_stall_after_152_corvin.mp3","missing","0","scratch_ready","scratch_ready_packeted","ink/prologue.ink:390"
"vo_act_i_0153","act_i_scene","CORVIN","vo/act_i/salt_market/salt_market_fishmonger_153_corvin.mp3","missing","0","scratch_ready","scratch_ready_packeted","ink/prologue.ink:396"
"vo_act_i_0154","act_i_scene","CORVIN","vo/act_i/salt_market/salt_market_fishmonger_154_corvin.mp3","missing","0","scratch_ready","scratch_ready_packeted","ink/prologue.ink:398"
"vo_act_i_0155","act_i_scene","MONGER","vo/act_i/salt_market/salt_market_fishmonger_155_monger.mp3","missing","0","blocked_pending_cast_decision","blocked_no_packet","ink/prologue.ink:400"
"vo_act_i_0156","act_i_scene","CORVIN","vo/act_i/salt_market/salt_market_fishmonger_156_corvin.mp3","missing","0","scratch_ready","scratch_ready_packeted","ink/prologue.ink:402"
"vo_act_i_0157","act_i_scene","MONGER","vo/act_i/salt_market/salt_market_fishmonger_157_monger.mp3","missing","0","blocked_pending_cast_decision","blocked_no_packet","ink/prologue.ink:404"
"vo_act_i_0158","act_i_scene","CORVIN","vo/act_i/salt_market/salt_market_fishmonger_158_corvin.mp3","missing","0","scratch_ready","scratch_ready_packeted","ink/prologue.ink:406"
"vo_act_i_0159","act_i_scene","MONGER","vo/act_i/salt_market/salt_market_fishmonger_159_monger.mp3","missing","0","blocked_pending_cast_decision","blocked_no_packet","ink/prologue.ink:408"
"vo_act_i_0160","act_i_scene","CORVIN","vo/act_i/salt_market/salt_market_fishmonger_160_corvin.mp3","missing","0","scratch_ready","scratch_ready_packeted","ink/prologue.ink:410"
"vo_act_i_0161","act_i_scene","CORVIN","vo/act_i/salt_market/salt_market_lamp_161_corvin.mp3","missing","0","scratch_ready","scratch_ready_packeted","ink/prologue.ink:416"
"vo_act_i_0162","act_i_scene","CORVIN","vo/act_i/salt_market/salt_market_lamp_162_corvin.mp3","missing","0","scratch_ready","scratch_ready_packeted","ink/prologue.ink:418"
"vo_act_i_0163","act_i_scene","CORVIN","vo/act_i/salt_market/salt_market_lamp_163_corvin.mp3","missing","0","scratch_ready","scratch_ready_packeted","ink/prologue.ink:420"
"vo_act_i_0164","act_i_scene","CORVIN","vo/act_i/salt_market/salt_market_lamp_164_corvin.mp3","missing","0","scratch_ready","scratch_ready_packeted","ink/prologue.ink:422"
"vo_act_i_0165","act_i_scene","CORVIN","vo/act_i/salt_market/salt_market_lamp_165_corvin.mp3","missing","0","scratch_ready","scratch_ready_packeted","ink/prologue.ink:424"
"vo_act_i_0166","act_i_scene","CORVIN","vo/act_i/salt_market/salt_market_lamp_166_corvin.mp3","missing","0","scratch_ready","scratch_ready_packeted","ink/prologue.ink:426"
"vo_act_i_0167","act_i_scene","REGISTRAR","vo/act_i/harbor_registry/registrar_duel_start_167_registrar.mp3","missing","0","scratch_ready","scratch_ready_packeted","ink/prologue.ink:432"
"vo_act_i_0168","act_i_scene","CORVIN","vo/act_i/harbor_registry/registrar_duel_start_168_corvin.mp3","missing","0","scratch_ready","scratch_ready_packeted","ink/prologue.ink:434"
"vo_act_i_0169","act_i_scene","REGISTRAR","vo/act_i/harbor_registry/registrar_duel_start_169_registrar.mp3","missing","0","scratch_ready","scratch_ready_packeted","ink/prologue.ink:436"
"vo_act_i_0170","act_i_scene","REGISTRAR","vo/act_i/harbor_registry/registrar_duel_start_170_registrar.mp3","missing","0","scratch_ready","scratch_ready_packeted","ink/prologue.ink:438"
"vo_act_i_0171","act_i_scene","CORVIN","vo/act_i/harbor_registry/registrar_duel_start_171_corvin.mp3","missing","0","scratch_ready","scratch_ready_packeted","ink/prologue.ink:440"
"vo_act_i_0172","act_i_scene","REGISTRAR","vo/act_i/harbor_registry/registrar_duel_start_172_registrar.mp3","missing","0","scratch_ready","scratch_ready_packeted","ink/prologue.ink:442"
"vo_act_i_0173","act_i_scene","REGISTRAR","vo/act_i/harbor_registry/registrar_duel_start_173_registrar.mp3","missing","0","scratch_ready","scratch_ready_packeted","ink/prologue.ink:444"
"vo_act_i_0174","act_i_scene","CORVIN","vo/act_i/harbor_registry/registrar_duel_start_174_corvin.mp3","missing","0","scratch_ready","scratch_ready_packeted","ink/prologue.ink:446"
"vo_act_i_0175","act_i_scene","REGISTRAR","vo/act_i/harbor_registry/registrar_duel_start_175_registrar.mp3","missing","0","scratch_ready","scratch_ready_packeted","ink/prologue.ink:448"
"vo_act_i_0176","act_i_scene","REGISTRAR","vo/act_i/harbor_registry/registrar_duel_start_176_registrar.mp3","missing","0","scratch_ready","scratch_ready_packeted","ink/prologue.ink:450"
"vo_act_i_0177","act_i_scene","CORVIN","vo/act_i/harbor_registry/registrar_duel_start_177_corvin.mp3","missing","0","scratch_ready","scratch_ready_packeted","ink/prologue.ink:452"
"vo_act_i_0178","act_i_scene","REGISTRAR","vo/act_i/harbor_registry/registrar_duel_start_178_registrar.mp3","missing","0","scratch_ready","scratch_ready_packeted","ink/prologue.ink:454"
"vo_act_i_0179","act_i_scene","CORVIN","vo/act_i/harbor_registry/registrar_duel_start_179_corvin.mp3","missing","0","scratch_ready","scratch_ready_packeted","ink/prologue.ink:456"
"vo_act_i_0180","act_i_scene","REGISTRAR","vo/act_i/harbor_registry/registrar_duel_start_180_registrar.mp3","missing","0","scratch_ready","scratch_ready_packeted","ink/prologue.ink:458"
"vo_act_i_0181","act_i_scene","REGISTRAR","vo/act_i/harbor_registry/registrar_duel_start_181_registrar.mp3","missing","0","scratch_ready","scratch_ready_packeted","ink/prologue.ink:460"
"vo_act_i_0182","act_i_scene","CORVIN","vo/act_i/harbor_registry/registrar_duel_start_182_corvin.mp3","missing","0","scratch_ready","scratch_ready_packeted","ink/prologue.ink:462"
"vo_act_i_0183","act_i_scene","REGISTRAR","vo/act_i/harbor_registry/registrar_duel_start_183_registrar.mp3","missing","0","scratch_ready","scratch_ready_packeted","ink/prologue.ink:464"
"vo_act_i_0184","act_i_scene","REGISTRAR","vo/act_i/harbor_registry/registrar_duel_start_184_registrar.mp3","missing","0","scratch_ready","scratch_ready_packeted","ink/prologue.ink:466"
"vo_act_i_0185","act_i_scene","REGISTRAR","vo/act_i/harbor_registry/registrar_duel_win_185_registrar.mp3","missing","0","scratch_ready","scratch_ready_packeted","ink/prologue.ink:472"
"vo_act_i_0186","act_i_scene","CORVIN","vo/act_i/harbor_registry/registrar_duel_win_186_corvin.mp3","missing","0","scratch_ready","scratch_ready_packeted","ink/prologue.ink:474"
"vo_act_i_0187","act_i_scene","REGISTRAR","vo/act_i/harbor_registry/registrar_duel_win_187_registrar.mp3","missing","0","scratch_ready","scratch_ready_packeted","ink/prologue.ink:476"
"vo_act_i_0188","act_i_scene","REGISTRAR","vo/act_i/harbor_registry/registrar_duel_win_188_registrar.mp3","missing","0","scratch_ready","scratch_ready_packeted","ink/prologue.ink:478"
"vo_act_i_0189","act_i_scene","REGISTRAR","vo/act_i/harbor_registry/registrar_duel_win_189_registrar.mp3","missing","0","scratch_ready","scratch_ready_packeted","ink/prologue.ink:480"
"vo_act_i_0190","act_i_scene","CORVIN","vo/act_i/harbor_registry/registrar_duel_win_190_corvin.mp3","missing","0","scratch_ready","scratch_ready_packeted","ink/prologue.ink:482"
"vo_act_i_0191","act_i_scene","REGISTRAR","vo/act_i/harbor_registry/registrar_duel_win_191_registrar.mp3","missing","0","scratch_ready","scratch_ready_packeted","ink/prologue.ink:484"
"vo_act_i_0192","act_i_scene","REGISTRAR","vo/act_i/harbor_registry/registrar_duel_win_192_registrar.mp3","missing","0","scratch_ready","scratch_ready_packeted","ink/prologue.ink:486"
"vo_act_i_0193","act_i_scene","REGISTRAR","vo/act_i/harbor_registry/registrar_duel_win_193_registrar.mp3","missing","0","scratch_ready","scratch_ready_packeted","ink/prologue.ink:488"
"vo_act_i_0194","act_i_scene","CORVIN","vo/act_i/harbor_registry/registrar_duel_win_194_corvin.mp3","missing","0","scratch_ready","scratch_ready_packeted","ink/prologue.ink:490"
"vo_act_i_0195","act_i_scene","REGISTRAR","vo/act_i/harbor_registry/registrar_duel_win_195_registrar.mp3","missing","0","scratch_ready","scratch_ready_packeted","ink/prologue.ink:492"
"vo_act_i_0196","act_i_scene","REGISTRAR","vo/act_i/harbor_registry/registrar_duel_loss_196_registrar.mp3","missing","0","scratch_ready","scratch_ready_packeted","ink/prologue.ink:498"
"vo_act_i_0197","act_i_scene","CORVIN","vo/act_i/harbor_registry/registrar_duel_loss_197_corvin.mp3","missing","0","scratch_ready","scratch_ready_packeted","ink/prologue.ink:500"
"vo_act_i_0198","act_i_scene","CORVIN","vo/act_i/harbor_registry/registry_ledgers_198_corvin.mp3","missing","0","scratch_ready","scratch_ready_packeted","ink/prologue.ink:506"
"vo_act_i_0199","act_i_scene","CORVIN","vo/act_i/harbor_registry/registry_ledgers_199_corvin.mp3","missing","0","scratch_ready","scratch_ready_packeted","ink/prologue.ink:508"
"vo_act_i_0200","act_i_scene","REGISTRAR","vo/act_i/harbor_registry/registry_ledgers_200_registrar.mp3","missing","0","scratch_ready","scratch_ready_packeted","ink/prologue.ink:510"
"vo_act_i_0201","act_i_scene","CORVIN","vo/act_i/harbor_registry/registry_ledgers_201_corvin.mp3","missing","0","scratch_ready","scratch_ready_packeted","ink/prologue.ink:512"
"vo_act_i_0202","act_i_scene","REGISTRAR","vo/act_i/harbor_registry/registry_ledgers_202_registrar.mp3","missing","0","scratch_ready","scratch_ready_packeted","ink/prologue.ink:514"
"vo_act_i_0203","act_i_scene","CORVIN","vo/act_i/harbor_registry/registry_ledgers_203_corvin.mp3","missing","0","scratch_ready","scratch_ready_packeted","ink/prologue.ink:516"
"vo_act_i_0204","act_i_scene","REGISTRAR","vo/act_i/harbor_registry/registry_ledgers_204_registrar.mp3","missing","0","scratch_ready","scratch_ready_packeted","ink/prologue.ink:518"
"vo_act_i_0205","act_i_scene","CORVIN","vo/act_i/harbor_registry/registry_roll_book_205_corvin.mp3","missing","0","scratch_ready","scratch_ready_packeted","ink/prologue.ink:524"
"vo_act_i_0207","act_i_scene","CORVIN","vo/act_i/harbor_registry/registry_roll_book_207_corvin.mp3","missing","0","scratch_ready","scratch_ready_packeted","ink/prologue.ink:528"
"vo_act_i_0208","act_i_scene","REGISTRAR","vo/act_i/harbor_registry/registry_roll_book_208_registrar.mp3","missing","0","scratch_ready","scratch_ready_packeted","ink/prologue.ink:530"
"vo_act_i_0209","act_i_scene","CORVIN","vo/act_i/harbor_registry/registry_roll_book_209_corvin.mp3","missing","0","scratch_ready","scratch_ready_packeted","ink/prologue.ink:532"
"vo_act_i_0210","act_i_scene","REGISTRAR","vo/act_i/harbor_registry/registry_roll_book_210_registrar.mp3","missing","0","scratch_ready","scratch_ready_packeted","ink/prologue.ink:534"
"vo_act_i_0211","act_i_scene","CORVIN","vo/act_i/harbor_registry/registry_roll_book_211_corvin.mp3","missing","0","scratch_ready","scratch_ready_packeted","ink/prologue.ink:536"
"vo_act_i_0212","act_i_scene","REGISTRAR","vo/act_i/harbor_registry/registry_roll_book_212_registrar.mp3","missing","0","scratch_ready","scratch_ready_packeted","ink/prologue.ink:538"
"vo_act_i_0213","act_i_scene","CORVIN","vo/act_i/harbor_registry/registry_lamp_smoked_213_corvin.mp3","missing","0","scratch_ready","scratch_ready_packeted","ink/prologue.ink:544"
"vo_act_i_0214","act_i_scene","REGISTRAR","vo/act_i/harbor_registry/registry_lamp_smoked_214_registrar.mp3","missing","0","scratch_ready","scratch_ready_packeted","ink/prologue.ink:546"
"vo_act_i_0215","act_i_scene","CORVIN","vo/act_i/harbor_registry/registry_lamp_smoked_215_corvin.mp3","missing","0","scratch_ready","scratch_ready_packeted","ink/prologue.ink:548"
"vo_act_i_0216","act_i_scene","REGISTRAR","vo/act_i/harbor_registry/registry_lamp_smoked_216_registrar.mp3","missing","0","scratch_ready","scratch_ready_packeted","ink/prologue.ink:550"
"vo_act_i_0217","act_i_scene","CORVIN","vo/act_i/harbor_registry/registry_lamp_smoked_217_corvin.mp3","missing","0","scratch_ready","scratch_ready_packeted","ink/prologue.ink:552"
"vo_act_i_0218","act_i_scene","REGISTRAR","vo/act_i/harbor_registry/registry_lamp_smoked_218_registrar.mp3","missing","0","scratch_ready","scratch_ready_packeted","ink/prologue.ink:554"
"vo_act_i_0219","act_i_scene","CORVIN","vo/act_i/harbor_registry/registry_ledger_blocked_219_corvin.mp3","missing","0","scratch_ready","scratch_ready_packeted","ink/prologue.ink:560"
"vo_act_i_0220","act_i_scene","REGISTRAR","vo/act_i/harbor_registry/registry_ledger_blocked_220_registrar.mp3","missing","0","scratch_ready","scratch_ready_packeted","ink/prologue.ink:562"
"vo_act_i_0221","act_i_scene","CORVIN","vo/act_i/harbor_registry/registry_ledger_blocked_221_corvin.mp3","missing","0","scratch_ready","scratch_ready_packeted","ink/prologue.ink:564"
"vo_act_i_0222","act_i_scene","CORVIN","vo/act_i/harbor_registry/registry_ledger_page_222_corvin.mp3","missing","0","scratch_ready","scratch_ready_packeted","ink/prologue.ink:570"
"vo_act_i_0223","act_i_scene","CORVIN","vo/act_i/harbor_registry/registry_ledger_page_223_corvin.mp3","missing","0","scratch_ready","scratch_ready_packeted","ink/prologue.ink:572"
"vo_act_i_0225","act_i_scene","REGISTRAR","vo/act_i/harbor_registry/registry_ledger_page_225_registrar.mp3","missing","0","scratch_ready","scratch_ready_packeted","ink/prologue.ink:576"
"vo_act_i_0226","act_i_scene","CORVIN","vo/act_i/harbor_registry/registry_ledger_page_226_corvin.mp3","missing","0","scratch_ready","scratch_ready_packeted","ink/prologue.ink:578"
"vo_act_i_0227","act_i_scene","REGISTRAR","vo/act_i/harbor_registry/registry_ledger_page_227_registrar.mp3","missing","0","scratch_ready","scratch_ready_packeted","ink/prologue.ink:580"
"vo_act_i_0229","act_i_scene","CORVIN","vo/act_i/harbor_registry/registry_ledger_page_229_corvin.mp3","missing","0","scratch_ready","scratch_ready_packeted","ink/prologue.ink:584"
"vo_act_i_0230","act_i_scene","REGISTRAR","vo/act_i/harbor_registry/registry_ledger_page_230_registrar.mp3","missing","0","scratch_ready","scratch_ready_packeted","ink/prologue.ink:586"
"vo_act_i_0231","act_i_scene","REGISTRAR","vo/act_i/harbor_registry/registry_registrar_needs_manifest_231_registrar.mp3","missing","0","scratch_ready","scratch_ready_packeted","ink/prologue.ink:592"
"vo_act_i_0232","act_i_scene","CORVIN","vo/act_i/harbor_registry/registry_registrar_needs_manifest_232_corvin.mp3","missing","0","scratch_ready","scratch_ready_packeted","ink/prologue.ink:594"
"vo_act_i_0233","act_i_scene","REGISTRAR","vo/act_i/harbor_registry/registry_registrar_needs_manifest_233_registrar.mp3","missing","0","scratch_ready","scratch_ready_packeted","ink/prologue.ink:596"
"vo_act_i_0234","act_i_scene","WOMAN","vo/act_i/salt_market/salt_market_confession_queue_234_woman.mp3","missing","0","blocked_pending_cast_decision","blocked_no_packet","ink/prologue.ink:602"
"vo_act_i_0237","act_i_scene","MAN","vo/act_i/salt_market/salt_market_confession_queue_237_man.mp3","missing","0","blocked_pending_cast_decision","blocked_no_packet","ink/prologue.ink:608"
"vo_act_i_0238","act_i_scene","WOMAN","vo/act_i/salt_market/salt_market_confession_queue_238_woman.mp3","missing","0","blocked_pending_cast_decision","blocked_no_packet","ink/prologue.ink:610"
"vo_act_i_0239","act_i_scene","CORVIN","vo/act_i/salt_market/salt_market_confession_queue_239_corvin.mp3","missing","0","scratch_ready","scratch_ready_packeted","ink/prologue.ink:612"
"vo_act_i_0240","act_i_scene","WOMAN","vo/act_i/salt_market/salt_market_confession_queue_240_woman.mp3","missing","0","blocked_pending_cast_decision","blocked_no_packet","ink/prologue.ink:614"
"vo_act_i_0241","act_i_scene","CORVIN","vo/act_i/salt_market/salt_market_church_sign_wet_241_corvin.mp3","missing","0","scratch_ready","scratch_ready_packeted","ink/prologue.ink:620"
"vo_act_i_0242","act_i_scene","CORVIN","vo/act_i/salt_market/salt_market_church_sign_wet_242_corvin.mp3","missing","0","scratch_ready","scratch_ready_packeted","ink/prologue.ink:622"
"vo_act_i_0243","act_i_scene","CORVIN","vo/act_i/salt_market/salt_market_church_sign_wet_243_corvin.mp3","missing","0","scratch_ready","scratch_ready_packeted","ink/prologue.ink:624"
"vo_act_i_0244","act_i_scene","WOMAN","vo/act_i/salt_market/salt_market_church_sign_wet_244_woman.mp3","missing","0","blocked_pending_cast_decision","blocked_no_packet","ink/prologue.ink:626"
"vo_act_i_0245","act_i_scene","MAN","vo/act_i/salt_market/salt_market_church_sign_wet_245_man.mp3","missing","0","blocked_pending_cast_decision","blocked_no_packet","ink/prologue.ink:628"
"vo_act_i_0246","act_i_scene","CORVIN","vo/act_i/fish_hall/fish_hall_ice_table_246_corvin.mp3","missing","0","scratch_ready","scratch_ready_packeted","ink/prologue.ink:634"
"vo_act_i_0247","act_i_scene","CORVIN","vo/act_i/fish_hall/fish_hall_ice_table_247_corvin.mp3","missing","0","scratch_ready","scratch_ready_packeted","ink/prologue.ink:636"
"vo_act_i_0248","act_i_scene","CORVIN","vo/act_i/fish_hall/fish_hall_ice_table_248_corvin.mp3","missing","0","scratch_ready","scratch_ready_packeted","ink/prologue.ink:638"
"vo_act_i_0249","act_i_scene","CORVIN","vo/act_i/fish_hall/fish_hall_ice_table_249_corvin.mp3","missing","0","scratch_ready","scratch_ready_packeted","ink/prologue.ink:640"
"vo_act_i_0250","act_i_scene","CORVIN","vo/act_i/fish_hall/fish_hall_ice_table_250_corvin.mp3","missing","0","scratch_ready","scratch_ready_packeted","ink/prologue.ink:642"
"vo_act_i_0251","act_i_scene","CORVIN","vo/act_i/fish_hall/fish_hall_ice_table_251_corvin.mp3","missing","0","scratch_ready","scratch_ready_packeted","ink/prologue.ink:644"
"vo_act_i_0252","act_i_scene","CORVIN","vo/act_i/fish_hall/fish_hall_ice_table_252_corvin.mp3","missing","0","scratch_ready","scratch_ready_packeted","ink/prologue.ink:646"
"vo_act_i_0253","act_i_scene","CORVIN","vo/act_i/fish_hall/fish_hall_ice_table_253_corvin.mp3","missing","0","scratch_ready","scratch_ready_packeted","ink/prologue.ink:648"
"vo_act_i_0254","act_i_scene","CORVIN","vo/act_i/fish_hall/fish_hall_coroner_tag_254_corvin.mp3","missing","0","scratch_ready","scratch_ready_packeted","ink/prologue.ink:654"
"vo_act_i_0255","act_i_scene","CORVIN","vo/act_i/fish_hall/fish_hall_coroner_tag_255_corvin.mp3","missing","0","scratch_ready","scratch_ready_packeted","ink/prologue.ink:656"
"vo_act_i_0256","act_i_scene","CORVIN","vo/act_i/fish_hall/fish_hall_coroner_tag_256_corvin.mp3","missing","0","scratch_ready","scratch_ready_packeted","ink/prologue.ink:658"
"vo_act_i_0257","act_i_scene","CORVIN","vo/act_i/fish_hall/fish_hall_coroner_tag_257_corvin.mp3","missing","0","scratch_ready","scratch_ready_packeted","ink/prologue.ink:660"
"vo_act_i_0258","act_i_scene","CORVIN","vo/act_i/fish_hall/fish_hall_coroner_tag_258_corvin.mp3","missing","0","scratch_ready","scratch_ready_packeted","ink/prologue.ink:662"
"vo_act_i_0259","act_i_scene","CORVIN","vo/act_i/fish_hall/fish_hall_coroner_tag_259_corvin.mp3","missing","0","scratch_ready","scratch_ready_packeted","ink/prologue.ink:664"
"vo_act_i_0260","act_i_scene","CORVIN","vo/act_i/fish_hall/fish_hall_coroner_tag_260_corvin.mp3","missing","0","scratch_ready","scratch_ready_packeted","ink/prologue.ink:666"
"vo_act_i_0261","act_i_scene","CORVIN","vo/act_i/fish_hall/fish_hall_visitor_book_261_corvin.mp3","missing","0","scratch_ready","scratch_ready_packeted","ink/prologue.ink:672"
"vo_act_i_0262","act_i_scene","CORVIN","vo/act_i/fish_hall/fish_hall_visitor_book_262_corvin.mp3","missing","0","scratch_ready","scratch_ready_packeted","ink/prologue.ink:674"
"vo_act_i_0263","act_i_scene","CORVIN","vo/act_i/fish_hall/fish_hall_visitor_book_263_corvin.mp3","missing","0","scratch_ready","scratch_ready_packeted","ink/prologue.ink:676"
"vo_act_i_0264","act_i_scene","CORVIN","vo/act_i/fish_hall/fish_hall_visitor_book_264_corvin.mp3","missing","0","scratch_ready","scratch_ready_packeted","ink/prologue.ink:678"
"vo_act_i_0265","act_i_scene","CORVIN","vo/act_i/fish_hall/fish_hall_visitor_book_265_corvin.mp3","missing","0","scratch_ready","scratch_ready_packeted","ink/prologue.ink:680"
"vo_act_i_0266","act_i_scene","CORVIN","vo/act_i/fish_hall/fish_hall_visitor_book_266_corvin.mp3","missing","0","scratch_ready","scratch_ready_packeted","ink/prologue.ink:682"
"vo_act_i_0267","act_i_scene","CORVIN","vo/act_i/fish_hall/fish_hall_visitor_book_267_corvin.mp3","missing","0","scratch_ready","scratch_ready_packeted","ink/prologue.ink:684"
"vo_act_i_0268","act_i_scene","CORVIN","vo/act_i/fish_hall/fish_hall_visitor_book_268_corvin.mp3","missing","0","scratch_ready","scratch_ready_packeted","ink/prologue.ink:686"
"vo_act_i_0269","act_i_scene","CORVIN","vo/act_i/fish_hall/fish_hall_drain_269_corvin.mp3","missing","0","scratch_ready","scratch_ready_packeted","ink/prologue.ink:692"
"vo_act_i_0270","act_i_scene","CORVIN","vo/act_i/fish_hall/fish_hall_drain_270_corvin.mp3","missing","0","scratch_ready","scratch_ready_packeted","ink/prologue.ink:694"
"vo_act_i_0271","act_i_scene","CORVIN","vo/act_i/fish_hall/fish_hall_drain_271_corvin.mp3","missing","0","scratch_ready","scratch_ready_packeted","ink/prologue.ink:696"
"vo_act_i_0272","act_i_scene","CORVIN","vo/act_i/fish_hall/fish_hall_drain_272_corvin.mp3","missing","0","scratch_ready","scratch_ready_packeted","ink/prologue.ink:698"
"vo_act_i_0273","act_i_scene","CORVIN","vo/act_i/fish_hall/fish_hall_drain_273_corvin.mp3","missing","0","scratch_ready","scratch_ready_packeted","ink/prologue.ink:700"
"vo_act_i_0274","act_i_scene","CORVIN","vo/act_i/bone_chandler/chandler_wares_274_corvin.mp3","missing","0","scratch_ready","scratch_ready_packeted","ink/prologue.ink:706"
"vo_act_i_0275","act_i_scene","CORVIN","vo/act_i/bone_chandler/chandler_wares_275_corvin.mp3","missing","0","scratch_ready","scratch_ready_packeted","ink/prologue.ink:708"
"vo_act_i_0276","act_i_scene","CHANDLER","vo/act_i/bone_chandler/chandler_wares_276_chandler.mp3","missing","0","scratch_ready","scratch_ready_packeted","ink/prologue.ink:710"
"vo_act_i_0277","act_i_scene","CORVIN","vo/act_i/bone_chandler/chandler_wares_277_corvin.mp3","missing","0","scratch_ready","scratch_ready_packeted","ink/prologue.ink:712"
"vo_act_i_0278","act_i_scene","CORVIN","vo/act_i/bone_chandler/chandler_chess_set_278_corvin.mp3","missing","0","scratch_ready","scratch_ready_packeted","ink/prologue.ink:718"
"vo_act_i_0279","act_i_scene","CORVIN","vo/act_i/bone_chandler/chandler_chess_set_279_corvin.mp3","missing","0","scratch_ready","scratch_ready_packeted","ink/prologue.ink:720"
"vo_act_i_0280","act_i_scene","CORVIN","vo/act_i/bone_chandler/chandler_chess_set_280_corvin.mp3","missing","0","scratch_ready","scratch_ready_packeted","ink/prologue.ink:722"
"vo_act_i_0281","act_i_scene","CHANDLER","vo/act_i/bone_chandler/chandler_chess_set_281_chandler.mp3","missing","0","scratch_ready","scratch_ready_packeted","ink/prologue.ink:724"
"vo_act_i_0282","act_i_scene","CORVIN","vo/act_i/bone_chandler/chandler_chess_set_282_corvin.mp3","missing","0","scratch_ready","scratch_ready_packeted","ink/prologue.ink:726"
"vo_act_i_0283","act_i_scene","CORVIN","vo/act_i/bone_chandler/chandler_needs_salt_283_corvin.mp3","missing","0","scratch_ready","scratch_ready_packeted","ink/prologue.ink:732"
"vo_act_i_0284","act_i_scene","CORVIN","vo/act_i/bone_chandler/chandler_needs_salt_284_corvin.mp3","missing","0","scratch_ready","scratch_ready_packeted","ink/prologue.ink:734"
"vo_act_i_0285","act_i_scene","CHANDLER","vo/act_i/bone_chandler/chandler_needs_salt_285_chandler.mp3","missing","0","scratch_ready","scratch_ready_packeted","ink/prologue.ink:736"
"vo_act_i_0286","act_i_scene","CORVIN","vo/act_i/bone_chandler/chandler_needs_salt_286_corvin.mp3","missing","0","scratch_ready","scratch_ready_packeted","ink/prologue.ink:738"
"vo_act_i_0287","act_i_scene","CHANDLER","vo/act_i/bone_chandler/chandler_needs_salt_287_chandler.mp3","missing","0","scratch_ready","scratch_ready_packeted","ink/prologue.ink:740"
"vo_act_i_0288","act_i_scene","CORVIN","vo/act_i/bone_chandler/chandler_needs_salt_288_corvin.mp3","missing","0","scratch_ready","scratch_ready_packeted","ink/prologue.ink:742"
"vo_act_i_0289","act_i_scene","CHANDLER","vo/act_i/bone_chandler/chandler_needs_salt_289_chandler.mp3","missing","0","scratch_ready","scratch_ready_packeted","ink/prologue.ink:744"
"vo_act_i_0290","act_i_scene","CORVIN","vo/act_i/bone_chandler/chandler_needs_salt_290_corvin.mp3","missing","0","scratch_ready","scratch_ready_packeted","ink/prologue.ink:746"
"vo_act_i_0291","act_i_scene","CHANDLER","vo/act_i/bone_chandler/chandler_needs_salt_291_chandler.mp3","missing","0","scratch_ready","scratch_ready_packeted","ink/prologue.ink:748"
"vo_act_i_0292","act_i_scene","CHANDLER","vo/act_i/bone_chandler/chandler_watch_trade_292_chandler.mp3","missing","0","scratch_ready","scratch_ready_packeted","ink/prologue.ink:754"
"vo_act_i_0293","act_i_scene","CORVIN","vo/act_i/bone_chandler/chandler_watch_trade_293_corvin.mp3","missing","0","scratch_ready","scratch_ready_packeted","ink/prologue.ink:756"
"vo_act_i_0294","act_i_scene","CHANDLER","vo/act_i/bone_chandler/chandler_watch_trade_294_chandler.mp3","missing","0","scratch_ready","scratch_ready_packeted","ink/prologue.ink:758"
"vo_act_i_0295","act_i_scene","CHANDLER","vo/act_i/bone_chandler/chandler_watch_trade_295_chandler.mp3","missing","0","scratch_ready","scratch_ready_packeted","ink/prologue.ink:760"
"vo_act_i_0296","act_i_scene","CORVIN","vo/act_i/bone_chandler/chandler_watch_trade_296_corvin.mp3","missing","0","scratch_ready","scratch_ready_packeted","ink/prologue.ink:762"
"vo_act_i_0297","act_i_scene","CHANDLER","vo/act_i/bone_chandler/chandler_watch_trade_297_chandler.mp3","missing","0","scratch_ready","scratch_ready_packeted","ink/prologue.ink:764"
"vo_act_i_0298","act_i_scene","CORVIN","vo/act_i/bone_chandler/chandler_watch_trade_298_corvin.mp3","missing","0","scratch_ready","scratch_ready_packeted","ink/prologue.ink:766"
"vo_act_i_0299","act_i_scene","CHANDLER","vo/act_i/bone_chandler/chandler_watch_trade_299_chandler.mp3","missing","0","scratch_ready","scratch_ready_packeted","ink/prologue.ink:768"
"vo_act_i_0300","act_i_scene","CORVIN","vo/act_i/bone_chandler/chandler_watch_trade_300_corvin.mp3","missing","0","scratch_ready","scratch_ready_packeted","ink/prologue.ink:770"
"vo_act_i_0301","act_i_scene","CHANDLER","vo/act_i/bone_chandler/chandler_watch_trade_301_chandler.mp3","missing","0","scratch_ready","scratch_ready_packeted","ink/prologue.ink:772"
"vo_act_i_0302","act_i_scene","CORVIN","vo/act_i/bone_chandler/chandler_watch_trade_302_corvin.mp3","missing","0","scratch_ready","scratch_ready_packeted","ink/prologue.ink:774"
"vo_act_i_0303","act_i_scene","CHANDLER","vo/act_i/bone_chandler/chandler_watch_trade_303_chandler.mp3","missing","0","scratch_ready","scratch_ready_packeted","ink/prologue.ink:776"
"vo_act_i_0304","act_i_scene","CHANDLER","vo/act_i/bone_chandler/chandler_watch_trade_304_chandler.mp3","missing","0","scratch_ready","scratch_ready_packeted","ink/prologue.ink:778"
"vo_act_i_0305","act_i_scene","CORVIN","vo/act_i/bone_chandler/chandler_watch_trade_305_corvin.mp3","missing","0","scratch_ready","scratch_ready_packeted","ink/prologue.ink:780"
"vo_act_i_0306","act_i_scene","CHANDLER","vo/act_i/bone_chandler/chandler_watch_trade_306_chandler.mp3","missing","0","scratch_ready","scratch_ready_packeted","ink/prologue.ink:782"
"vo_act_i_0307","act_i_scene","CHANDLER","vo/act_i/bone_chandler/chandler_watch_trade_307_chandler.mp3","missing","0","scratch_ready","scratch_ready_packeted","ink/prologue.ink:784"
"vo_act_i_0308","act_i_scene","CHANDLER","vo/act_i/bone_chandler/chandler_watch_trade_308_chandler.mp3","missing","0","scratch_ready","scratch_ready_packeted","ink/prologue.ink:786"
"vo_act_i_0309","act_i_scene","CHANDLER","vo/act_i/bone_chandler/chandler_watch_trade_309_chandler.mp3","missing","0","scratch_ready","scratch_ready_packeted","ink/prologue.ink:788"
"vo_act_i_0310","act_i_scene","PROSPER","vo/act_i/almshouse/prosper_before_watch_310_prosper.mp3","missing","0","scratch_ready","scratch_ready_packeted","ink/prologue.ink:794"
"vo_act_i_0311","act_i_scene","CORVIN","vo/act_i/almshouse/prosper_before_watch_311_corvin.mp3","missing","0","scratch_ready","scratch_ready_packeted","ink/prologue.ink:796"
"vo_act_i_0312","act_i_scene","PROSPER","vo/act_i/almshouse/prosper_before_watch_312_prosper.mp3","missing","0","scratch_ready","scratch_ready_packeted","ink/prologue.ink:798"
"vo_act_i_0313","act_i_scene","CORVIN","vo/act_i/almshouse/prosper_before_watch_313_corvin.mp3","missing","0","scratch_ready","scratch_ready_packeted","ink/prologue.ink:800"
"vo_act_i_0314","act_i_scene","PROSPER","vo/act_i/almshouse/prosper_before_watch_314_prosper.mp3","missing","0","scratch_ready","scratch_ready_packeted","ink/prologue.ink:802"
"vo_act_i_0315","act_i_scene","CORVIN","vo/act_i/almshouse/prosper_before_watch_315_corvin.mp3","missing","0","scratch_ready","scratch_ready_packeted","ink/prologue.ink:804"
"vo_act_i_0316","act_i_scene","PROSPER","vo/act_i/almshouse/prosper_before_watch_316_prosper.mp3","missing","0","scratch_ready","scratch_ready_packeted","ink/prologue.ink:806"
"vo_act_i_0317","act_i_scene","PROSPER","vo/act_i/almshouse/prosper_before_watch_317_prosper.mp3","missing","0","scratch_ready","scratch_ready_packeted","ink/prologue.ink:808"
"vo_act_i_0318","act_i_scene","CORVIN","vo/act_i/almshouse/prosper_before_watch_318_corvin.mp3","missing","0","scratch_ready","scratch_ready_packeted","ink/prologue.ink:810"
"vo_act_i_0319","act_i_scene","PROSPER","vo/act_i/almshouse/prosper_before_watch_319_prosper.mp3","missing","0","scratch_ready","scratch_ready_packeted","ink/prologue.ink:812"
"vo_act_i_0320","act_i_scene","CORVIN","vo/act_i/almshouse/prosper_before_watch_320_corvin.mp3","missing","0","scratch_ready","scratch_ready_packeted","ink/prologue.ink:814"
"vo_act_i_0321","act_i_scene","PROSPER","vo/act_i/almshouse/prosper_before_watch_321_prosper.mp3","missing","0","scratch_ready","scratch_ready_packeted","ink/prologue.ink:816"
"vo_act_i_0322","act_i_scene","CORVIN","vo/act_i/almshouse/prosper_forgiveness_322_corvin.mp3","missing","0","scratch_ready","scratch_ready_packeted","ink/prologue.ink:822"
"vo_act_i_0323","act_i_scene","PROSPER","vo/act_i/almshouse/prosper_forgiveness_323_prosper.mp3","missing","0","scratch_ready","scratch_ready_packeted","ink/prologue.ink:824"
"vo_act_i_0324","act_i_scene","CORVIN","vo/act_i/almshouse/prosper_forgiveness_324_corvin.mp3","missing","0","scratch_ready","scratch_ready_packeted","ink/prologue.ink:826"
"vo_act_i_0325","act_i_scene","PROSPER","vo/act_i/almshouse/prosper_forgiveness_325_prosper.mp3","missing","0","scratch_ready","scratch_ready_packeted","ink/prologue.ink:828"
"vo_act_i_0326","act_i_scene","PROSPER","vo/act_i/almshouse/prosper_forgiveness_326_prosper.mp3","missing","0","scratch_ready","scratch_ready_packeted","ink/prologue.ink:830"
"vo_act_i_0327","act_i_scene","CORVIN","vo/act_i/almshouse/prosper_forgiveness_327_corvin.mp3","missing","0","scratch_ready","scratch_ready_packeted","ink/prologue.ink:832"
"vo_act_i_0328","act_i_scene","PROSPER","vo/act_i/almshouse/prosper_forgiveness_328_prosper.mp3","missing","0","scratch_ready","scratch_ready_packeted","ink/prologue.ink:834"
"vo_act_i_0329","act_i_scene","CORVIN","vo/act_i/almshouse/prosper_forgiveness_329_corvin.mp3","missing","0","scratch_ready","scratch_ready_packeted","ink/prologue.ink:836"
"vo_act_i_0330","act_i_scene","PROSPER","vo/act_i/almshouse/prosper_forgiveness_330_prosper.mp3","missing","0","scratch_ready","scratch_ready_packeted","ink/prologue.ink:838"
"vo_act_i_0331","act_i_scene","CORVIN","vo/act_i/almshouse/prosper_forgiveness_331_corvin.mp3","missing","0","scratch_ready","scratch_ready_packeted","ink/prologue.ink:840"
"vo_act_i_0332","act_i_scene","PROSPER","vo/act_i/almshouse/prosper_forgiveness_332_prosper.mp3","missing","0","scratch_ready","scratch_ready_packeted","ink/prologue.ink:842"
"vo_act_i_0333","act_i_scene","PROSPER","vo/act_i/almshouse/prosper_forgiveness_333_prosper.mp3","missing","0","scratch_ready","scratch_ready_packeted","ink/prologue.ink:844"
"vo_act_i_0334","act_i_scene","PROSPER","vo/act_i/almshouse/prosper_forgiveness_334_prosper.mp3","missing","0","scratch_ready","scratch_ready_packeted","ink/prologue.ink:846"
"vo_act_i_0335","act_i_scene","CORVIN","vo/act_i/almshouse/prosper_forgiveness_335_corvin.mp3","missing","0","scratch_ready","scratch_ready_packeted","ink/prologue.ink:848"
"vo_act_i_0336","act_i_scene","PROSPER","vo/act_i/almshouse/prosper_forgiveness_336_prosper.mp3","missing","0","scratch_ready","scratch_ready_packeted","ink/prologue.ink:850"
"vo_act_i_0337","act_i_scene","PROSPER","vo/act_i/almshouse/prosper_forgiveness_337_prosper.mp3","missing","0","scratch_ready","scratch_ready_packeted","ink/prologue.ink:852"
"vo_act_i_0338","act_i_scene","CORVIN","vo/act_i/almshouse/prosper_forgiveness_338_corvin.mp3","missing","0","scratch_ready","scratch_ready_packeted","ink/prologue.ink:854"
"vo_act_i_0339","act_i_scene","CORVIN","vo/act_i/almshouse/prosper_forgiveness_339_corvin.mp3","missing","0","scratch_ready","scratch_ready_packeted","ink/prologue.ink:856"
"vo_act_i_0340","act_i_scene","PROSPER","vo/act_i/almshouse/prosper_forgiveness_340_prosper.mp3","missing","0","scratch_ready","scratch_ready_packeted","ink/prologue.ink:858"
"vo_act_i_0341","act_i_scene","CORVIN","vo/act_i/almshouse/prosper_forgiveness_341_corvin.mp3","missing","0","scratch_ready","scratch_ready_packeted","ink/prologue.ink:860"
"vo_act_i_0342","act_i_scene","PROSPER","vo/act_i/almshouse/prosper_forgiveness_342_prosper.mp3","missing","0","scratch_ready","scratch_ready_packeted","ink/prologue.ink:862"
"vo_act_i_0343","act_i_scene","PROSPER","vo/act_i/almshouse/prosper_forgiveness_343_prosper.mp3","missing","0","scratch_ready","scratch_ready_packeted","ink/prologue.ink:864"
"vo_act_i_0344","act_i_scene","CORVIN","vo/act_i/almshouse/almshouse_cots_344_corvin.mp3","missing","0","scratch_ready","scratch_ready_packeted","ink/prologue.ink:870"
"vo_act_i_0345","act_i_scene","CORVIN","vo/act_i/almshouse/almshouse_cots_345_corvin.mp3","missing","0","scratch_ready","scratch_ready_packeted","ink/prologue.ink:872"
"vo_act_i_0346","act_i_scene","CORVIN","vo/act_i/almshouse/almshouse_cots_346_corvin.mp3","missing","0","scratch_ready","scratch_ready_packeted","ink/prologue.ink:874"
"vo_act_i_0347","act_i_scene","CORVIN","vo/act_i/almshouse/almshouse_cots_347_corvin.mp3","missing","0","scratch_ready","scratch_ready_packeted","ink/prologue.ink:876"
"vo_act_i_0348","act_i_scene","PROSPER","vo/act_i/almshouse/almshouse_cots_348_prosper.mp3","missing","0","scratch_ready","scratch_ready_packeted","ink/prologue.ink:878"
"vo_act_i_0349","act_i_scene","CORVIN","vo/act_i/almshouse/almshouse_window_349_corvin.mp3","missing","0","scratch_ready","scratch_ready_packeted","ink/prologue.ink:884"
"vo_act_i_0350","act_i_scene","CORVIN","vo/act_i/almshouse/almshouse_window_350_corvin.mp3","missing","0","scratch_ready","scratch_ready_packeted","ink/prologue.ink:886"
"vo_act_i_0351","act_i_scene","CORVIN","vo/act_i/almshouse/almshouse_window_351_corvin.mp3","missing","0","scratch_ready","scratch_ready_packeted","ink/prologue.ink:888"
"vo_act_i_0352","act_i_scene","PROSPER","vo/act_i/almshouse/almshouse_window_352_prosper.mp3","missing","0","scratch_ready","scratch_ready_packeted","ink/prologue.ink:890"
"vo_act_i_0353","act_i_scene","CORVIN","vo/act_i/almshouse/almshouse_window_353_corvin.mp3","missing","0","scratch_ready","scratch_ready_packeted","ink/prologue.ink:892"
"vo_act_i_0354","act_i_scene","JUNO","vo/act_i/grey_float/juno_needs_rate_card_354_juno.mp3","missing","0","scratch_ready","scratch_ready_packeted","ink/prologue.ink:898"
"vo_act_i_0355","act_i_scene","CORVIN","vo/act_i/grey_float/juno_needs_rate_card_355_corvin.mp3","missing","0","scratch_ready","scratch_ready_packeted","ink/prologue.ink:900"
"vo_act_i_0356","act_i_scene","JUNO","vo/act_i/grey_float/juno_needs_rate_card_356_juno.mp3","missing","0","scratch_ready","scratch_ready_packeted","ink/prologue.ink:902"
"vo_act_i_0357","act_i_scene","JUNO","vo/act_i/grey_float/float_juno_table_357_juno.mp3","missing","0","scratch_ready","scratch_ready_packeted","ink/prologue.ink:908"
"vo_act_i_0358","act_i_scene","CORVIN","vo/act_i/grey_float/float_juno_table_358_corvin.mp3","missing","0","scratch_ready","scratch_ready_packeted","ink/prologue.ink:910"
"vo_act_i_0359","act_i_scene","JUNO","vo/act_i/grey_float/float_juno_table_359_juno.mp3","missing","0","scratch_ready","scratch_ready_packeted","ink/prologue.ink:912"
"vo_act_i_0360","act_i_scene","CORVIN","vo/act_i/grey_float/float_juno_table_360_corvin.mp3","missing","0","scratch_ready","scratch_ready_packeted","ink/prologue.ink:914"
"vo_act_i_0361","act_i_scene","JUNO","vo/act_i/grey_float/float_juno_table_361_juno.mp3","missing","0","scratch_ready","scratch_ready_packeted","ink/prologue.ink:916"
"vo_act_i_0362","act_i_scene","JUNO","vo/act_i/grey_float/float_juno_table_362_juno.mp3","missing","0","scratch_ready","scratch_ready_packeted","ink/prologue.ink:918"
"vo_act_i_0363","act_i_scene","CORVIN","vo/act_i/grey_float/float_juno_table_363_corvin.mp3","missing","0","scratch_ready","scratch_ready_packeted","ink/prologue.ink:920"
"vo_act_i_0364","act_i_scene","JUNO","vo/act_i/grey_float/float_juno_table_364_juno.mp3","missing","0","scratch_ready","scratch_ready_packeted","ink/prologue.ink:922"
"vo_act_i_0365","act_i_scene","CORVIN","vo/act_i/grey_float/float_juno_table_365_corvin.mp3","missing","0","scratch_ready","scratch_ready_packeted","ink/prologue.ink:924"
"vo_act_i_0366","act_i_scene","JUNO","vo/act_i/grey_float/float_juno_table_366_juno.mp3","missing","0","scratch_ready","scratch_ready_packeted","ink/prologue.ink:926"
"vo_act_i_0367","act_i_scene","CORVIN","vo/act_i/grey_float/float_juno_table_367_corvin.mp3","missing","0","scratch_ready","scratch_ready_packeted","ink/prologue.ink:928"
"vo_act_i_0368","act_i_scene","JUNO","vo/act_i/grey_float/float_juno_table_368_juno.mp3","missing","0","scratch_ready","scratch_ready_packeted","ink/prologue.ink:930"
"vo_act_i_0369","act_i_scene","CORVIN","vo/act_i/grey_float/float_juno_table_369_corvin.mp3","missing","0","scratch_ready","scratch_ready_packeted","ink/prologue.ink:932"
"vo_act_i_0370","act_i_scene","JUNO","vo/act_i/grey_float/float_juno_table_370_juno.mp3","missing","0","scratch_ready","scratch_ready_packeted","ink/prologue.ink:934"
"vo_act_i_0371","act_i_scene","JUNO","vo/act_i/grey_float/juno_regulator_trade_371_juno.mp3","missing","0","scratch_ready","scratch_ready_packeted","ink/prologue.ink:940"
"vo_act_i_0372","act_i_scene","JUNO","vo/act_i/grey_float/juno_regulator_trade_372_juno.mp3","missing","0","scratch_ready","scratch_ready_packeted","ink/prologue.ink:942"
"vo_act_i_0373","act_i_scene","CORVIN","vo/act_i/grey_float/juno_regulator_trade_373_corvin.mp3","missing","0","scratch_ready","scratch_ready_packeted","ink/prologue.ink:944"
"vo_act_i_0374","act_i_scene","JUNO","vo/act_i/grey_float/juno_regulator_trade_374_juno.mp3","missing","0","scratch_ready","scratch_ready_packeted","ink/prologue.ink:946"
"vo_act_i_0375","act_i_scene","CORVIN","vo/act_i/grey_float/juno_regulator_trade_375_corvin.mp3","missing","0","scratch_ready","scratch_ready_packeted","ink/prologue.ink:948"
"vo_act_i_0377","act_i_scene","JUNO","vo/act_i/grey_float/juno_regulator_trade_377_juno.mp3","missing","0","scratch_ready","scratch_ready_packeted","ink/prologue.ink:952"
"vo_act_i_0378","act_i_scene","CORVIN","vo/act_i/grey_float/juno_regulator_trade_378_corvin.mp3","missing","0","scratch_ready","scratch_ready_packeted","ink/prologue.ink:954"
"vo_act_i_0379","act_i_scene","JUNO","vo/act_i/grey_float/juno_regulator_trade_379_juno.mp3","missing","0","scratch_ready","scratch_ready_packeted","ink/prologue.ink:956"
"vo_act_i_0380","act_i_scene","CORVIN","vo/act_i/grey_float/juno_pool_before_permission_380_corvin.mp3","missing","0","scratch_ready","scratch_ready_packeted","ink/prologue.ink:962"
"vo_act_i_0381","act_i_scene","JUNO","vo/act_i/grey_float/juno_pool_before_permission_381_juno.mp3","missing","0","scratch_ready","scratch_ready_packeted","ink/prologue.ink:964"
"vo_act_i_0382","act_i_scene","CORVIN","vo/act_i/grey_float/juno_pool_before_permission_382_corvin.mp3","missing","0","scratch_ready","scratch_ready_packeted","ink/prologue.ink:966"
"vo_act_i_0383","act_i_scene","JUNO","vo/act_i/grey_float/juno_pool_before_permission_383_juno.mp3","missing","0","scratch_ready","scratch_ready_packeted","ink/prologue.ink:968"
"vo_act_i_0384","act_i_scene","JUNO","vo/act_i/grey_float/juno_hot_pool_soak_384_juno.mp3","missing","0","scratch_ready","scratch_ready_packeted","ink/prologue.ink:974"
"vo_act_i_0386","act_i_scene","CORVIN","vo/act_i/grey_float/juno_hot_pool_soak_386_corvin.mp3","missing","0","scratch_ready","scratch_ready_packeted","ink/prologue.ink:978"
"vo_act_i_0387","act_i_scene","JUNO","vo/act_i/grey_float/juno_hot_pool_soak_387_juno.mp3","missing","0","scratch_ready","scratch_ready_packeted","ink/prologue.ink:980"
"vo_act_i_0388","act_i_scene","CORVIN","vo/act_i/grey_float/juno_hot_pool_soak_388_corvin.mp3","missing","0","scratch_ready","scratch_ready_packeted","ink/prologue.ink:982"
"vo_act_i_0389","act_i_scene","JUNO","vo/act_i/grey_float/juno_hot_pool_soak_389_juno.mp3","missing","0","scratch_ready","scratch_ready_packeted","ink/prologue.ink:984"
"vo_act_i_0391","act_i_scene","CORVIN","vo/act_i/grey_float/juno_hot_pool_soak_391_corvin.mp3","missing","0","scratch_ready","scratch_ready_packeted","ink/prologue.ink:988"
"vo_act_i_0392","act_i_scene","JUNO","vo/act_i/grey_float/juno_hot_pool_soak_392_juno.mp3","missing","0","scratch_ready","scratch_ready_packeted","ink/prologue.ink:990"
"vo_act_i_0393","act_i_scene","CORVIN","vo/act_i/grey_float/juno_hot_pool_soak_393_corvin.mp3","missing","0","scratch_ready","scratch_ready_packeted","ink/prologue.ink:992"
"vo_act_i_0394","act_i_scene","JUNO","vo/act_i/grey_float/juno_hot_pool_soak_394_juno.mp3","missing","0","scratch_ready","scratch_ready_packeted","ink/prologue.ink:994"
"vo_act_i_0395","act_i_scene","JUNO","vo/act_i/grey_float/juno_warmth_expired_395_juno.mp3","missing","0","scratch_ready","scratch_ready_packeted","ink/prologue.ink:1000"
"vo_act_i_0396","act_i_scene","CORVIN","vo/act_i/grey_float/juno_warmth_expired_396_corvin.mp3","missing","0","scratch_ready","scratch_ready_packeted","ink/prologue.ink:1002"
"vo_act_i_0397","act_i_scene","JUNO","vo/act_i/grey_float/juno_warmth_expired_397_juno.mp3","missing","0","scratch_ready","scratch_ready_packeted","ink/prologue.ink:1004"
"vo_act_i_0398","act_i_scene","CORVIN","vo/act_i/grey_float/juno_warmth_expired_398_corvin.mp3","missing","0","scratch_ready","scratch_ready_packeted","ink/prologue.ink:1006"
"vo_act_i_0399","act_i_scene","JUNO","vo/act_i/grey_float/juno_warmth_expired_399_juno.mp3","missing","0","scratch_ready","scratch_ready_packeted","ink/prologue.ink:1008"
"vo_act_i_0400","act_i_scene","ADELA","vo/act_i/grey_float/float_staff_corner_400_adela.mp3","missing","0","blocked_pending_cast_decision","blocked_no_packet","ink/prologue.ink:1014"
"vo_act_i_0401","act_i_scene","MARIN","vo/act_i/grey_float/float_staff_corner_401_marin.mp3","missing","0","blocked_pending_cast_decision","blocked_no_packet","ink/prologue.ink:1016"
"vo_act_i_0402","act_i_scene","ADELA","vo/act_i/grey_float/float_staff_corner_402_adela.mp3","missing","0","blocked_pending_cast_decision","blocked_no_packet","ink/prologue.ink:1018"
"vo_act_i_0403","act_i_scene","MARIN","vo/act_i/grey_float/float_staff_corner_403_marin.mp3","missing","0","blocked_pending_cast_decision","blocked_no_packet","ink/prologue.ink:1020"
"vo_act_i_0404","act_i_scene","CORVIN","vo/act_i/grey_float/float_staff_corner_404_corvin.mp3","missing","0","scratch_ready","scratch_ready_packeted","ink/prologue.ink:1022"
"vo_act_i_0405","act_i_scene","ADELA","vo/act_i/grey_float/float_staff_corner_405_adela.mp3","missing","0","blocked_pending_cast_decision","blocked_no_packet","ink/prologue.ink:1024"
"vo_act_i_0406","act_i_scene","MARIN","vo/act_i/grey_float/float_staff_corner_406_marin.mp3","missing","0","blocked_pending_cast_decision","blocked_no_packet","ink/prologue.ink:1026"
"vo_act_i_0407","act_i_scene","ADELA","vo/act_i/grey_float/float_staff_corner_407_adela.mp3","missing","0","blocked_pending_cast_decision","blocked_no_packet","ink/prologue.ink:1028"
"vo_act_i_0408","act_i_scene","CORVIN","vo/act_i/grey_float/float_staff_corner_408_corvin.mp3","missing","0","scratch_ready","scratch_ready_packeted","ink/prologue.ink:1030"
"vo_act_i_0409","act_i_scene","ADELA","vo/act_i/grey_float/float_staff_corner_409_adela.mp3","missing","0","blocked_pending_cast_decision","blocked_no_packet","ink/prologue.ink:1032"
"vo_act_i_0410","act_i_scene","MARIN","vo/act_i/grey_float/float_staff_corner_410_marin.mp3","missing","0","blocked_pending_cast_decision","blocked_no_packet","ink/prologue.ink:1034"
"vo_act_i_0411","act_i_scene","CORVIN","vo/act_i/grey_float/float_staff_corner_411_corvin.mp3","missing","0","scratch_ready","scratch_ready_packeted","ink/prologue.ink:1036"
"vo_act_i_0412","act_i_scene","ADELA","vo/act_i/grey_float/float_staff_corner_412_adela.mp3","missing","0","blocked_pending_cast_decision","blocked_no_packet","ink/prologue.ink:1038"
"vo_act_i_0413","act_i_scene","CORVIN","vo/act_i/grey_float/float_steam_screen_413_corvin.mp3","missing","0","scratch_ready","scratch_ready_packeted","ink/prologue.ink:1045"
"vo_act_i_0414","act_i_scene","CORVIN","vo/act_i/grey_float/float_steam_screen_414_corvin.mp3","missing","0","scratch_ready","scratch_ready_packeted","ink/prologue.ink:1047"
"vo_act_i_0415","act_i_scene","JUNO","vo/act_i/grey_float/float_steam_screen_415_juno.mp3","missing","0","scratch_ready","scratch_ready_packeted","ink/prologue.ink:1049"
"vo_act_i_0416","act_i_scene","CORVIN","vo/act_i/grey_float/float_steam_screen_416_corvin.mp3","missing","0","scratch_ready","scratch_ready_packeted","ink/prologue.ink:1051"
"vo_act_i_0417","act_i_scene","JUNO","vo/act_i/grey_float/float_steam_screen_417_juno.mp3","missing","0","scratch_ready","scratch_ready_packeted","ink/prologue.ink:1053"
"vo_act_i_0418","act_i_scene","CORVIN","vo/act_i/grey_float/float_steam_screen_418_corvin.mp3","missing","0","scratch_ready","scratch_ready_packeted","ink/prologue.ink:1055"
"vo_act_i_0419","act_i_scene","JUNO","vo/act_i/grey_float/float_steam_screen_419_juno.mp3","missing","0","scratch_ready","scratch_ready_packeted","ink/prologue.ink:1057"
"vo_act_i_0420","act_i_scene","CORVIN","vo/act_i/grey_float/float_steam_screen_420_corvin.mp3","missing","0","scratch_ready","scratch_ready_packeted","ink/prologue.ink:1059"
"vo_act_i_0421","act_i_scene","JUNO","vo/act_i/grey_float/float_steam_screen_421_juno.mp3","missing","0","scratch_ready","scratch_ready_packeted","ink/prologue.ink:1061"
"vo_act_i_0422","act_i_scene","CORVIN","vo/act_i/grey_float/float_steam_screen_422_corvin.mp3","missing","0","scratch_ready","scratch_ready_packeted","ink/prologue.ink:1063"
"vo_act_i_0423","act_i_scene","JUNO","vo/act_i/grey_float/float_steam_screen_423_juno.mp3","missing","0","scratch_ready","scratch_ready_packeted","ink/prologue.ink:1065"
"vo_act_i_0424","act_i_scene","CLERK","vo/act_i/harbormaster_office/heartbeat_check_fail_424_clerk.mp3","missing","0","blocked_pending_cast_decision","blocked_no_packet","ink/prologue.ink:1071"
"vo_act_i_0425","act_i_scene","CORVIN","vo/act_i/harbormaster_office/heartbeat_check_fail_425_corvin.mp3","missing","0","scratch_ready","scratch_ready_packeted","ink/prologue.ink:1073"
"vo_act_i_0426","act_i_scene","CLERK","vo/act_i/harbormaster_office/heartbeat_check_fail_426_clerk.mp3","missing","0","blocked_pending_cast_decision","blocked_no_packet","ink/prologue.ink:1075"
"vo_act_i_0427","act_i_scene","CORVIN","vo/act_i/harbormaster_office/heartbeat_check_fail_427_corvin.mp3","missing","0","scratch_ready","scratch_ready_packeted","ink/prologue.ink:1077"
"vo_act_i_0428","act_i_scene","CLERK","vo/act_i/harbormaster_office/heartbeat_check_fail_428_clerk.mp3","missing","0","blocked_pending_cast_decision","blocked_no_packet","ink/prologue.ink:1079"
"vo_act_i_0429","act_i_scene","CORVIN","vo/act_i/harbormaster_office/harbormaster_checklist_desk_429_corvin.mp3","missing","0","scratch_ready","scratch_ready_packeted","ink/prologue.ink:1085"
"vo_act_i_0430","act_i_scene","CORVIN","vo/act_i/harbormaster_office/harbormaster_checklist_desk_430_corvin.mp3","missing","0","scratch_ready","scratch_ready_packeted","ink/prologue.ink:1087"
"vo_act_i_0431","act_i_scene","CLERK","vo/act_i/harbormaster_office/harbormaster_checklist_desk_431_clerk.mp3","missing","0","blocked_pending_cast_decision","blocked_no_packet","ink/prologue.ink:1089"
"vo_act_i_0432","act_i_scene","CORVIN","vo/act_i/harbormaster_office/harbormaster_checklist_desk_432_corvin.mp3","missing","0","scratch_ready","scratch_ready_packeted","ink/prologue.ink:1091"
"vo_act_i_0433","act_i_scene","CLERK","vo/act_i/harbormaster_office/harbormaster_checklist_desk_433_clerk.mp3","missing","0","blocked_pending_cast_decision","blocked_no_packet","ink/prologue.ink:1093"
"vo_act_i_0434","act_i_scene","CORVIN","vo/act_i/harbormaster_office/harbormaster_sabine_door_434_corvin.mp3","missing","0","scratch_ready","scratch_ready_packeted","ink/prologue.ink:1099"
"vo_act_i_0436","act_i_scene","CORVIN","vo/act_i/harbormaster_office/harbormaster_sabine_door_436_corvin.mp3","missing","0","scratch_ready","scratch_ready_packeted","ink/prologue.ink:1103"
"vo_act_i_0437","act_i_scene","CLERK","vo/act_i/harbormaster_office/harbormaster_sabine_door_437_clerk.mp3","missing","0","blocked_pending_cast_decision","blocked_no_packet","ink/prologue.ink:1105"
"vo_act_i_0438","act_i_scene","CLERK","vo/act_i/harbormaster_office/heartbeat_check_pass_438_clerk.mp3","missing","0","blocked_pending_cast_decision","blocked_no_packet","ink/prologue.ink:1111"
"vo_act_i_0439","act_i_scene","CORVIN","vo/act_i/harbormaster_office/heartbeat_check_pass_439_corvin.mp3","missing","0","scratch_ready","scratch_ready_packeted","ink/prologue.ink:1113"
"vo_act_i_0440","act_i_scene","CLERK","vo/act_i/harbormaster_office/heartbeat_check_pass_440_clerk.mp3","missing","0","blocked_pending_cast_decision","blocked_no_packet","ink/prologue.ink:1115"
"vo_act_i_0441","act_i_scene","CORVIN","vo/act_i/harbormaster_office/heartbeat_check_pass_441_corvin.mp3","missing","0","scratch_ready","scratch_ready_packeted","ink/prologue.ink:1117"
"vo_act_i_0442","act_i_scene","CLERK","vo/act_i/harbormaster_office/heartbeat_check_pass_442_clerk.mp3","missing","0","blocked_pending_cast_decision","blocked_no_packet","ink/prologue.ink:1119"
"vo_act_i_0443","act_i_scene","CLERK","vo/act_i/harbormaster_office/heartbeat_check_pass_443_clerk.mp3","missing","0","blocked_pending_cast_decision","blocked_no_packet","ink/prologue.ink:1121"
"vo_act_i_0445","act_i_scene","CORVIN","vo/act_i/harbormaster_office/heartbeat_check_pass_445_corvin.mp3","missing","0","scratch_ready","scratch_ready_packeted","ink/prologue.ink:1125"
"vo_act_i_0447","act_i_scene","CLERK","vo/act_i/harbormaster_office/heartbeat_check_pass_447_clerk.mp3","missing","0","blocked_pending_cast_decision","blocked_no_packet","ink/prologue.ink:1129"
"vo_act_i_0448","act_i_scene","CORVIN","vo/act_i/harbormaster_office/heartbeat_check_pass_448_corvin.mp3","missing","0","scratch_ready","scratch_ready_packeted","ink/prologue.ink:1131"
"vo_act_i_0449","act_i_scene","CLERK","vo/act_i/harbormaster_office/heartbeat_check_pass_449_clerk.mp3","missing","0","blocked_pending_cast_decision","blocked_no_packet","ink/prologue.ink:1133"
"vo_act_i_0450","act_i_scene","CORVIN","vo/act_i/harbormaster_office/heartbeat_check_pass_450_corvin.mp3","missing","0","scratch_ready","scratch_ready_packeted","ink/prologue.ink:1135"
"vo_act_i_0452","act_i_scene","CLERK","vo/act_i/harbormaster_office/heartbeat_check_pass_452_clerk.mp3","missing","0","blocked_pending_cast_decision","blocked_no_packet","ink/prologue.ink:1139"
"vo_act_i_0453","act_i_scene","CORVIN","vo/act_i/harbormaster_office/heartbeat_check_pass_453_corvin.mp3","missing","0","scratch_ready","scratch_ready_packeted","ink/prologue.ink:1141"
"vo_act_i_0454","act_i_scene","CLERK","vo/act_i/harbormaster_office/heartbeat_check_pass_454_clerk.mp3","missing","0","blocked_pending_cast_decision","blocked_no_packet","ink/prologue.ink:1143"
"vo_act_i_0455","act_i_scene","TEODOR","vo/act_i/church_of_the_drowned/teodor_rate_card_booth_455_teodor.mp3","missing","0","scratch_ready","scratch_ready_packeted","ink/prologue.ink:1149"
"vo_act_i_0456","act_i_scene","CORVIN","vo/act_i/church_of_the_drowned/teodor_rate_card_booth_456_corvin.mp3","missing","0","scratch_ready","scratch_ready_packeted","ink/prologue.ink:1151"
"vo_act_i_0457","act_i_scene","TEODOR","vo/act_i/church_of_the_drowned/teodor_rate_card_booth_457_teodor.mp3","missing","0","scratch_ready","scratch_ready_packeted","ink/prologue.ink:1153"
"vo_act_i_0458","act_i_scene","CORVIN","vo/act_i/church_of_the_drowned/teodor_rate_card_booth_458_corvin.mp3","missing","0","scratch_ready","scratch_ready_packeted","ink/prologue.ink:1155"
"vo_act_i_0459","act_i_scene","TEODOR","vo/act_i/church_of_the_drowned/teodor_rate_card_booth_459_teodor.mp3","missing","0","scratch_ready","scratch_ready_packeted","ink/prologue.ink:1157"
"vo_act_i_0460","act_i_scene","CORVIN","vo/act_i/church_of_the_drowned/teodor_rate_card_booth_460_corvin.mp3","missing","0","scratch_ready","scratch_ready_packeted","ink/prologue.ink:1159"
"vo_act_i_0462","act_i_scene","TEODOR","vo/act_i/church_of_the_drowned/teodor_rate_card_booth_462_teodor.mp3","missing","0","scratch_ready","scratch_ready_packeted","ink/prologue.ink:1163"
"vo_act_i_0463","act_i_scene","CORVIN","vo/act_i/church_of_the_drowned/teodor_rate_card_booth_463_corvin.mp3","missing","0","scratch_ready","scratch_ready_packeted","ink/prologue.ink:1165"
"vo_act_i_0464","act_i_scene","TEODOR","vo/act_i/church_of_the_drowned/teodor_rate_card_booth_464_teodor.mp3","missing","0","scratch_ready","scratch_ready_packeted","ink/prologue.ink:1167"
"vo_act_i_0465","act_i_scene","TEODOR","vo/act_i/church_of_the_drowned/teodor_rate_card_booth_465_teodor.mp3","missing","0","scratch_ready","scratch_ready_packeted","ink/prologue.ink:1169"
"vo_act_i_0466","act_i_scene","CORVIN","vo/act_i/church_of_the_drowned/teodor_rate_card_booth_466_corvin.mp3","missing","0","scratch_ready","scratch_ready_packeted","ink/prologue.ink:1171"
"vo_act_i_0467","act_i_scene","TEODOR","vo/act_i/church_of_the_drowned/teodor_rate_card_booth_467_teodor.mp3","missing","0","scratch_ready","scratch_ready_packeted","ink/prologue.ink:1173"
"vo_act_i_0468","act_i_scene","CORVIN","vo/act_i/church_of_the_drowned/teodor_rate_card_booth_468_corvin.mp3","missing","0","scratch_ready","scratch_ready_packeted","ink/prologue.ink:1175"
"vo_act_i_0469","act_i_scene","TEODOR","vo/act_i/church_of_the_drowned/teodor_rate_card_booth_469_teodor.mp3","missing","0","scratch_ready","scratch_ready_packeted","ink/prologue.ink:1177"
"vo_act_i_0470","act_i_scene","CORVIN","vo/act_i/church_of_the_drowned/teodor_rate_card_booth_470_corvin.mp3","missing","0","scratch_ready","scratch_ready_packeted","ink/prologue.ink:1179"
"vo_act_i_0471","act_i_scene","TEODOR","vo/act_i/church_of_the_drowned/teodor_rate_card_booth_471_teodor.mp3","missing","0","scratch_ready","scratch_ready_packeted","ink/prologue.ink:1181"
"vo_act_i_0472","act_i_scene","CORVIN","vo/act_i/church_of_the_drowned/teodor_rate_card_booth_472_corvin.mp3","missing","0","scratch_ready","scratch_ready_packeted","ink/prologue.ink:1183"
"vo_act_i_0473","act_i_scene","TEODOR","vo/act_i/church_of_the_drowned/teodor_rate_card_booth_473_teodor.mp3","missing","0","scratch_ready","scratch_ready_packeted","ink/prologue.ink:1185"
"vo_act_i_0474","act_i_scene","WOMAN","vo/act_i/church_of_the_drowned/teodor_rate_card_booth_474_woman.mp3","missing","0","blocked_pending_cast_decision","blocked_no_packet","ink/prologue.ink:1187"
"vo_act_i_0475","act_i_scene","CORVIN","vo/act_i/church_of_the_drowned/teodor_rate_card_booth_475_corvin.mp3","missing","0","scratch_ready","scratch_ready_packeted","ink/prologue.ink:1189"
"vo_act_i_0476","act_i_scene","WOMAN","vo/act_i/church_of_the_drowned/teodor_rate_card_booth_476_woman.mp3","missing","0","blocked_pending_cast_decision","blocked_no_packet","ink/prologue.ink:1191"
"vo_act_i_0477","act_i_scene","CORVIN","vo/act_i/church_of_the_drowned/teodor_rate_card_booth_477_corvin.mp3","missing","0","scratch_ready","scratch_ready_packeted","ink/prologue.ink:1193"
"vo_act_i_0478","act_i_scene","BOY","vo/act_i/church_of_the_drowned/teodor_rate_card_booth_478_boy.mp3","missing","0","blocked_pending_cast_decision","blocked_no_packet","ink/prologue.ink:1195"
"vo_act_i_0479","act_i_scene","CORVIN","vo/act_i/church_of_the_drowned/teodor_rate_card_booth_479_corvin.mp3","missing","0","scratch_ready","scratch_ready_packeted","ink/prologue.ink:1197"
"vo_act_i_0480","act_i_scene","BOY","vo/act_i/church_of_the_drowned/teodor_rate_card_booth_480_boy.mp3","missing","0","blocked_pending_cast_decision","blocked_no_packet","ink/prologue.ink:1199"
"vo_act_i_0481","act_i_scene","CORVIN","vo/act_i/church_of_the_drowned/teodor_rate_card_booth_481_corvin.mp3","missing","0","scratch_ready","scratch_ready_packeted","ink/prologue.ink:1201"
"vo_act_i_0482","act_i_scene","BOY","vo/act_i/church_of_the_drowned/teodor_rate_card_booth_482_boy.mp3","missing","0","blocked_pending_cast_decision","blocked_no_packet","ink/prologue.ink:1203"
"vo_act_i_0483","act_i_scene","CORVIN","vo/act_i/church_of_the_drowned/teodor_rate_card_booth_483_corvin.mp3","missing","0","scratch_ready","scratch_ready_packeted","ink/prologue.ink:1205"
"vo_act_i_0484","act_i_scene","BOY","vo/act_i/church_of_the_drowned/teodor_rate_card_booth_484_boy.mp3","missing","0","blocked_pending_cast_decision","blocked_no_packet","ink/prologue.ink:1207"
"vo_act_i_0485","act_i_scene","CORVIN","vo/act_i/church_of_the_drowned/teodor_rate_card_booth_485_corvin.mp3","missing","0","scratch_ready","scratch_ready_packeted","ink/prologue.ink:1209"
"vo_act_i_0486","act_i_scene","KANE","vo/act_i/church_of_the_drowned/teodor_rate_card_booth_486_kane.mp3","missing","0","scratch_ready","scratch_ready_packeted","ink/prologue.ink:1211"
"vo_act_i_0487","act_i_scene","CORVIN","vo/act_i/church_of_the_drowned/teodor_rate_card_booth_487_corvin.mp3","missing","0","scratch_ready","scratch_ready_packeted","ink/prologue.ink:1213"
"vo_act_i_0488","act_i_scene","KANE","vo/act_i/church_of_the_drowned/teodor_rate_card_booth_488_kane.mp3","missing","0","scratch_ready","scratch_ready_packeted","ink/prologue.ink:1215"
"vo_act_i_0489","act_i_scene","KANE","vo/act_i/church_of_the_drowned/teodor_rate_card_booth_489_kane.mp3","missing","0","scratch_ready","scratch_ready_packeted","ink/prologue.ink:1217"
"vo_act_i_0490","act_i_scene","CORVIN","vo/act_i/church_of_the_drowned/teodor_rate_card_booth_490_corvin.mp3","missing","0","scratch_ready","scratch_ready_packeted","ink/prologue.ink:1219"
"vo_act_i_0491","act_i_scene","KANE","vo/act_i/church_of_the_drowned/teodor_rate_card_booth_491_kane.mp3","missing","0","scratch_ready","scratch_ready_packeted","ink/prologue.ink:1221"
"vo_act_i_0492","act_i_scene","CORVIN","vo/act_i/church_of_the_drowned/teodor_rate_card_booth_492_corvin.mp3","missing","0","scratch_ready","scratch_ready_packeted","ink/prologue.ink:1223"
"vo_act_i_0493","act_i_scene","KANE","vo/act_i/church_of_the_drowned/teodor_rate_card_booth_493_kane.mp3","missing","0","scratch_ready","scratch_ready_packeted","ink/prologue.ink:1225"
"vo_act_i_0494","act_i_scene","KANE","vo/act_i/church_of_the_drowned/teodor_rate_card_booth_494_kane.mp3","missing","0","scratch_ready","scratch_ready_packeted","ink/prologue.ink:1227"
"vo_act_i_0496","act_i_scene","CORVIN","vo/act_i/church_of_the_drowned/church_poor_box_496_corvin.mp3","missing","0","scratch_ready","scratch_ready_packeted","ink/prologue.ink:1235"
"vo_act_i_0498","act_i_scene","CORVIN","vo/act_i/church_of_the_drowned/church_poor_box_498_corvin.mp3","missing","0","scratch_ready","scratch_ready_packeted","ink/prologue.ink:1239"
"vo_act_i_0500","act_i_scene","TEODOR","vo/act_i/church_of_the_drowned/church_poor_box_500_teodor.mp3","missing","0","scratch_ready","scratch_ready_packeted","ink/prologue.ink:1243"
"vo_act_i_0501","act_i_scene","CORVIN","vo/act_i/church_of_the_drowned/church_poor_box_501_corvin.mp3","missing","0","scratch_ready","scratch_ready_packeted","ink/prologue.ink:1245"
"vo_act_i_0502","act_i_scene","TEODOR","vo/act_i/church_of_the_drowned/church_poor_box_502_teodor.mp3","missing","0","scratch_ready","scratch_ready_packeted","ink/prologue.ink:1247"
"vo_act_i_0503","act_i_scene","CORVIN","vo/act_i/church_of_the_drowned/church_stall_sign_503_corvin.mp3","missing","0","scratch_ready","scratch_ready_packeted","ink/prologue.ink:1253"
"vo_act_i_0505","act_i_scene","CORVIN","vo/act_i/church_of_the_drowned/church_stall_sign_505_corvin.mp3","missing","0","scratch_ready","scratch_ready_packeted","ink/prologue.ink:1257"
"vo_act_i_0506","act_i_scene","TEODOR","vo/act_i/church_of_the_drowned/church_stall_sign_506_teodor.mp3","missing","0","scratch_ready","scratch_ready_packeted","ink/prologue.ink:1259"
"vo_act_i_0507","act_i_scene","CORVIN","vo/act_i/church_of_the_drowned/church_confession_booth_507_corvin.mp3","missing","0","scratch_ready","scratch_ready_packeted","ink/prologue.ink:1265"
"vo_act_i_0508","act_i_scene","CORVIN","vo/act_i/church_of_the_drowned/church_confession_booth_508_corvin.mp3","missing","0","scratch_ready","scratch_ready_packeted","ink/prologue.ink:1267"
"vo_act_i_0509","act_i_scene","TEODOR","vo/act_i/church_of_the_drowned/church_confession_booth_509_teodor.mp3","missing","0","scratch_ready","scratch_ready_packeted","ink/prologue.ink:1269"
"vo_act_i_0510","act_i_scene","CORVIN","vo/act_i/church_of_the_drowned/church_confession_booth_510_corvin.mp3","missing","0","scratch_ready","scratch_ready_packeted","ink/prologue.ink:1271"
"vo_act_i_0511","act_i_scene","TEODOR","vo/act_i/church_of_the_drowned/church_confession_booth_511_teodor.mp3","missing","0","scratch_ready","scratch_ready_packeted","ink/prologue.ink:1273"
"vo_act_i_0512","act_i_scene","CORVIN","vo/act_i/church_of_the_drowned/church_confession_booth_512_corvin.mp3","missing","0","scratch_ready","scratch_ready_packeted","ink/prologue.ink:1275"
"vo_act_i_0513","act_i_scene","TEODOR","vo/act_i/church_of_the_drowned/church_confession_booth_513_teodor.mp3","missing","0","scratch_ready","scratch_ready_packeted","ink/prologue.ink:1277"
"vo_act_i_0514","act_i_scene","CORVIN","vo/act_i/church_of_the_drowned/church_confession_booth_514_corvin.mp3","missing","0","scratch_ready","scratch_ready_packeted","ink/prologue.ink:1279"
"vo_act_i_0515","act_i_scene","TEODOR","vo/act_i/church_of_the_drowned/church_confession_booth_515_teodor.mp3","missing","0","scratch_ready","scratch_ready_packeted","ink/prologue.ink:1281"
"vo_act_i_0516","act_i_scene","TEODOR","vo/act_i/church_of_the_drowned/teodor_needs_chit_516_teodor.mp3","missing","0","scratch_ready","scratch_ready_packeted","ink/prologue.ink:1287"
"vo_act_i_0517","act_i_scene","CORVIN","vo/act_i/church_of_the_drowned/teodor_needs_chit_517_corvin.mp3","missing","0","scratch_ready","scratch_ready_packeted","ink/prologue.ink:1289"
"vo_act_i_0518","act_i_scene","TEODOR","vo/act_i/church_of_the_drowned/teodor_needs_chit_518_teodor.mp3","missing","0","scratch_ready","scratch_ready_packeted","ink/prologue.ink:1291"
"vo_act_i_0519","act_i_scene","SABINE","vo/act_i/sabine_office/sabine_act_i_audience_519_sabine.mp3","missing","0","scratch_ready","scratch_ready_packeted","ink/prologue.ink:1297"
"vo_act_i_0520","act_i_scene","CORVIN","vo/act_i/sabine_office/sabine_act_i_audience_520_corvin.mp3","missing","0","scratch_ready","scratch_ready_packeted","ink/prologue.ink:1299"
"vo_act_i_0521","act_i_scene","SABINE","vo/act_i/sabine_office/sabine_act_i_audience_521_sabine.mp3","missing","0","scratch_ready","scratch_ready_packeted","ink/prologue.ink:1301"
"vo_act_i_0522","act_i_scene","CORVIN","vo/act_i/sabine_office/sabine_act_i_audience_522_corvin.mp3","missing","0","scratch_ready","scratch_ready_packeted","ink/prologue.ink:1303"
"vo_act_i_0523","act_i_scene","SABINE","vo/act_i/sabine_office/sabine_act_i_audience_523_sabine.mp3","missing","0","scratch_ready","scratch_ready_packeted","ink/prologue.ink:1305"
"vo_act_i_0524","act_i_scene","CORVIN","vo/act_i/sabine_office/sabine_act_i_audience_524_corvin.mp3","missing","0","scratch_ready","scratch_ready_packeted","ink/prologue.ink:1307"
"vo_act_i_0525","act_i_scene","SABINE","vo/act_i/sabine_office/sabine_act_i_audience_525_sabine.mp3","missing","0","scratch_ready","scratch_ready_packeted","ink/prologue.ink:1309"
"vo_act_i_0527","act_i_scene","SABINE","vo/act_i/sabine_office/sabine_act_i_audience_527_sabine.mp3","missing","0","scratch_ready","scratch_ready_packeted","ink/prologue.ink:1313"
"vo_act_i_0528","act_i_scene","CORVIN","vo/act_i/sabine_office/sabine_act_i_audience_528_corvin.mp3","missing","0","scratch_ready","scratch_ready_packeted","ink/prologue.ink:1315"
"vo_act_i_0529","act_i_scene","SABINE","vo/act_i/sabine_office/sabine_act_i_audience_529_sabine.mp3","missing","0","scratch_ready","scratch_ready_packeted","ink/prologue.ink:1317"
"vo_act_i_0530","act_i_scene","CORVIN","vo/act_i/sabine_office/sabine_act_i_audience_530_corvin.mp3","missing","0","scratch_ready","scratch_ready_packeted","ink/prologue.ink:1319"
"vo_act_i_0531","act_i_scene","SABINE","vo/act_i/sabine_office/sabine_act_i_audience_531_sabine.mp3","missing","0","scratch_ready","scratch_ready_packeted","ink/prologue.ink:1321"
"vo_act_i_0532","act_i_scene","CORVIN","vo/act_i/sabine_office/sabine_act_i_audience_532_corvin.mp3","missing","0","scratch_ready","scratch_ready_packeted","ink/prologue.ink:1323"
"vo_act_i_0533","act_i_scene","SABINE","vo/act_i/sabine_office/sabine_act_i_audience_533_sabine.mp3","missing","0","scratch_ready","scratch_ready_packeted","ink/prologue.ink:1325"
"vo_act_i_0534","act_i_scene","CORVIN","vo/act_i/sabine_office/sabine_act_i_audience_534_corvin.mp3","missing","0","scratch_ready","scratch_ready_packeted","ink/prologue.ink:1327"
"vo_act_i_0535","act_i_scene","SABINE","vo/act_i/sabine_office/sabine_act_i_audience_535_sabine.mp3","missing","0","scratch_ready","scratch_ready_packeted","ink/prologue.ink:1329"
"vo_act_i_0536","act_i_scene","CORVIN","vo/act_i/sabine_office/sabine_act_i_audience_536_corvin.mp3","missing","0","scratch_ready","scratch_ready_packeted","ink/prologue.ink:1331"
"vo_act_i_0537","act_i_scene","CORVIN","vo/act_i/sabine_office/sabine_act_i_audience_537_corvin.mp3","missing","0","scratch_ready","scratch_ready_packeted","ink/prologue.ink:1333"
"vo_act_i_0538","act_i_scene","SABINE","vo/act_i/sabine_office/sabine_act_i_audience_538_sabine.mp3","missing","0","scratch_ready","scratch_ready_packeted","ink/prologue.ink:1335"
"vo_act_i_0539","act_i_scene","CORVIN","vo/act_i/sabine_office/sabine_act_i_audience_539_corvin.mp3","missing","0","scratch_ready","scratch_ready_packeted","ink/prologue.ink:1337"
"vo_act_i_0540","act_i_scene","SABINE","vo/act_i/sabine_office/sabine_act_i_audience_540_sabine.mp3","missing","0","scratch_ready","scratch_ready_packeted","ink/prologue.ink:1339"
"vo_act_i_0541","act_i_scene","CORVIN","vo/act_i/sabine_office/sabine_act_i_audience_541_corvin.mp3","missing","0","scratch_ready","scratch_ready_packeted","ink/prologue.ink:1341"
"vo_act_i_0542","act_i_scene","CORVIN","vo/act_i/sabine_office/sabine_act_i_audience_542_corvin.mp3","missing","0","scratch_ready","scratch_ready_packeted","ink/prologue.ink:1343"
"vo_act_i_0543","act_i_scene","CORVIN","vo/act_i/sabine_office/sabine_act_i_audience_543_corvin.mp3","missing","0","scratch_ready","scratch_ready_packeted","ink/prologue.ink:1345"
"vo_act_i_0545","act_i_scene","SABINE","vo/act_i/sabine_office/sabine_act_i_audience_545_sabine.mp3","missing","0","scratch_ready","scratch_ready_packeted","ink/prologue.ink:1349"
"vo_act_i_0546","act_i_scene","CORVIN","vo/act_i/sabine_office/sabine_act_i_audience_546_corvin.mp3","missing","0","scratch_ready","scratch_ready_packeted","ink/prologue.ink:1351"
"vo_act_i_0547","act_i_scene","SABINE","vo/act_i/sabine_office/sabine_act_i_audience_547_sabine.mp3","missing","0","scratch_ready","scratch_ready_packeted","ink/prologue.ink:1353"
"vo_act_i_0549","act_i_scene","CORVIN","vo/act_i/sabine_office/sabine_act_i_audience_549_corvin.mp3","missing","0","scratch_ready","scratch_ready_packeted","ink/prologue.ink:1357"
"vo_act_i_0550","act_i_scene","SABINE","vo/act_i/sabine_office/sabine_act_i_audience_550_sabine.mp3","missing","0","scratch_ready","scratch_ready_packeted","ink/prologue.ink:1359"
"vo_act_i_0551","act_i_scene","CORVIN","vo/act_i/sabine_office/sabine_act_i_audience_551_corvin.mp3","missing","0","scratch_ready","scratch_ready_packeted","ink/prologue.ink:1361"
"vo_act_i_0552","act_i_scene","SABINE","vo/act_i/sabine_office/sabine_act_i_audience_552_sabine.mp3","missing","0","scratch_ready","scratch_ready_packeted","ink/prologue.ink:1363"
"vo_act_i_0553","act_i_scene","CORVIN","vo/act_i/sabine_office/sabine_act_i_audience_553_corvin.mp3","missing","0","scratch_ready","scratch_ready_packeted","ink/prologue.ink:1365"
"vo_act_i_0554","act_i_scene","SABINE","vo/act_i/sabine_office/sabine_act_i_audience_554_sabine.mp3","missing","0","scratch_ready","scratch_ready_packeted","ink/prologue.ink:1367"
"vo_act_i_0555","act_i_scene","SABINE","vo/act_i/sabine_office/sabine_act_i_audience_555_sabine.mp3","missing","0","scratch_ready","scratch_ready_packeted","ink/prologue.ink:1369"
"vo_act_i_0556","act_i_scene","CORVIN","vo/act_i/sabine_office/sabine_act_i_audience_556_corvin.mp3","missing","0","scratch_ready","scratch_ready_packeted","ink/prologue.ink:1371"
"vo_act_i_0557","act_i_scene","SABINE","vo/act_i/sabine_office/sabine_act_i_audience_557_sabine.mp3","missing","0","scratch_ready","scratch_ready_packeted","ink/prologue.ink:1373"
"vo_act_i_0558","act_i_scene","CORVIN","vo/act_i/sabine_office/sabine_act_i_audience_558_corvin.mp3","missing","0","scratch_ready","scratch_ready_packeted","ink/prologue.ink:1375"
"vo_confession_cf_bt_manifest","confession","CORVIN","vo/confessions/cf_bt_manifest.mp3","missing","0","scratch_ready","scratch_ready_packeted","data/confessions.json#cf_bt_manifest"
"vo_confession_cf_bt_manifest_elaboration","confession","CORVIN","vo/confessions/cf_bt_manifest_elaboration.mp3","missing","0","scratch_ready","scratch_ready_packeted","data/confessions.json#cf_bt_manifest"
"vo_confession_cf_cow_drink","confession","CORVIN","vo/confessions/cf_cow_drink.mp3","missing","0","scratch_ready","scratch_ready_packeted","data/confessions.json#cf_cow_drink"
"vo_confession_cf_cow_drink_elaboration","confession","CORVIN","vo/confessions/cf_cow_drink_elaboration.mp3","missing","0","scratch_ready","scratch_ready_packeted","data/confessions.json#cf_cow_drink"
"vo_confession_cf_cow_apologize","confession","CORVIN","vo/confessions/cf_cow_apologize.mp3","missing","0","scratch_ready","scratch_ready_packeted","data/confessions.json#cf_cow_apologize"
"vo_confession_cf_cow_apologize_elaboration","confession","CORVIN","vo/confessions/cf_cow_apologize_elaboration.mp3","missing","0","scratch_ready","scratch_ready_packeted","data/confessions.json#cf_cow_apologize"
"vo_confession_cf_cow_bigger","confession","CORVIN","vo/confessions/cf_cow_bigger.mp3","missing","0","scratch_ready","scratch_ready_packeted","data/confessions.json#cf_cow_bigger"
"vo_confession_cf_cow_bigger_elaboration","confession","CORVIN","vo/confessions/cf_cow_bigger_elaboration.mp3","missing","0","scratch_ready","scratch_ready_packeted","data/confessions.json#cf_cow_bigger"
"vo_confession_cf_cow_leftroom","confession","CORVIN","vo/confessions/cf_cow_leftroom.mp3","missing","0","scratch_ready","scratch_ready_packeted","data/confessions.json#cf_cow_leftroom"
"vo_confession_cf_cow_leftroom_elaboration","confession","CORVIN","vo/confessions/cf_cow_leftroom_elaboration.mp3","missing","0","scratch_ready","scratch_ready_packeted","data/confessions.json#cf_cow_leftroom"
"vo_confession_cf_cow_passive","confession","CORVIN","vo/confessions/cf_cow_passive.mp3","missing","0","scratch_ready","scratch_ready_packeted","data/confessions.json#cf_cow_passive"
"vo_confession_cf_cow_passive_elaboration","confession","CORVIN","vo/confessions/cf_cow_passive_elaboration.mp3","missing","0","scratch_ready","scratch_ready_packeted","data/confessions.json#cf_cow_passive"
"vo_confession_cf_cruel_sermon","confession","CORVIN","vo/confessions/cf_cruel_sermon.mp3","missing","0","scratch_ready","scratch_ready_packeted","data/confessions.json#cf_cruel_sermon"
"vo_confession_cf_cruel_sermon_elaboration","confession","CORVIN","vo/confessions/cf_cruel_sermon_elaboration.mp3","missing","0","scratch_ready","scratch_ready_packeted","data/confessions.json#cf_cruel_sermon"
"vo_confession_cf_cruel_funeral","confession","CORVIN","vo/confessions/cf_cruel_funeral.mp3","missing","0","scratch_ready","scratch_ready_packeted","data/confessions.json#cf_cruel_funeral"
"vo_confession_cf_cruel_funeral_elaboration","confession","CORVIN","vo/confessions/cf_cruel_funeral_elaboration.mp3","missing","0","scratch_ready","scratch_ready_packeted","data/confessions.json#cf_cruel_funeral"
"vo_confession_cf_cruel_sentences","confession","CORVIN","vo/confessions/cf_cruel_sentences.mp3","missing","0","scratch_ready","scratch_ready_packeted","data/confessions.json#cf_cruel_sentences"
"vo_confession_cf_cruel_sentences_elaboration","confession","CORVIN","vo/confessions/cf_cruel_sentences_elaboration.mp3","missing","0","scratch_ready","scratch_ready_packeted","data/confessions.json#cf_cruel_sentences"
"vo_confession_cf_cruel_soupline","confession","CORVIN","vo/confessions/cf_cruel_soupline.mp3","missing","0","scratch_ready","scratch_ready_packeted","data/confessions.json#cf_cruel_soupline"
"vo_confession_cf_cruel_soupline_elaboration","confession","CORVIN","vo/confessions/cf_cruel_soupline_elaboration.mp3","missing","0","scratch_ready","scratch_ready_packeted","data/confessions.json#cf_cruel_soupline"
"vo_confession_cf_greed_drink","confession","CORVIN","vo/confessions/cf_greed_drink.mp3","missing","0","scratch_ready","scratch_ready_packeted","data/confessions.json#cf_greed_drink"
"vo_confession_cf_greed_drink_elaboration","confession","CORVIN","vo/confessions/cf_greed_drink_elaboration.mp3","missing","0","scratch_ready","scratch_ready_packeted","data/confessions.json#cf_greed_drink"
"vo_confession_cf_greed_plate","confession","CORVIN","vo/confessions/cf_greed_plate.mp3","missing","0","scratch_ready","scratch_ready_packeted","data/confessions.json#cf_greed_plate"
"vo_confession_cf_greed_plate_elaboration","confession","CORVIN","vo/confessions/cf_greed_plate_elaboration.mp3","missing","0","scratch_ready","scratch_ready_packeted","data/confessions.json#cf_greed_plate"
"vo_confession_cf_greed_scales","confession","CORVIN","vo/confessions/cf_greed_scales.mp3","missing","0","scratch_ready","scratch_ready_packeted","data/confessions.json#cf_greed_scales"
"vo_confession_cf_greed_scales_elaboration","confession","CORVIN","vo/confessions/cf_greed_scales_elaboration.mp3","missing","0","scratch_ready","scratch_ready_packeted","data/confessions.json#cf_greed_scales"
"vo_confession_cf_greed_widows","confession","CORVIN","vo/confessions/cf_greed_widows.mp3","missing","0","scratch_ready","scratch_ready_packeted","data/confessions.json#cf_greed_widows"
"vo_confession_cf_greed_widows_elaboration","confession","CORVIN","vo/confessions/cf_greed_widows_elaboration.mp3","missing","0","scratch_ready","scratch_ready_packeted","data/confessions.json#cf_greed_widows"
"vo_confession_cf_greed_wills","confession","CORVIN","vo/confessions/cf_greed_wills.mp3","missing","0","scratch_ready","scratch_ready_packeted","data/confessions.json#cf_greed_wills"
"vo_confession_cf_greed_wills_elaboration","confession","CORVIN","vo/confessions/cf_greed_wills_elaboration.mp3","missing","0","scratch_ready","scratch_ready_packeted","data/confessions.json#cf_greed_wills"
"vo_confession_cf_greed_boots","confession","CORVIN","vo/confessions/cf_greed_boots.mp3","missing","0","scratch_ready","scratch_ready_packeted","data/confessions.json#cf_greed_boots"
"vo_confession_cf_greed_boots_elaboration","confession","CORVIN","vo/confessions/cf_greed_boots_elaboration.mp3","missing","0","scratch_ready","scratch_ready_packeted","data/confessions.json#cf_greed_boots"
"vo_confession_cf_lust_arguments","confession","CORVIN","vo/confessions/cf_lust_arguments.mp3","missing","0","scratch_ready","scratch_ready_packeted","data/confessions.json#cf_lust_arguments"
"vo_confession_cf_lust_arguments_elaboration","confession","CORVIN","vo/confessions/cf_lust_arguments_elaboration.mp3","missing","0","scratch_ready","scratch_ready_packeted","data/confessions.json#cf_lust_arguments"
"vo_confession_cf_lust_advice","confession","CORVIN","vo/confessions/cf_lust_advice.mp3","missing","0","scratch_ready","scratch_ready_packeted","data/confessions.json#cf_lust_advice"
"vo_confession_cf_lust_advice_elaboration","confession","CORVIN","vo/confessions/cf_lust_advice_elaboration.mp3","missing","0","scratch_ready","scratch_ready_packeted","data/confessions.json#cf_lust_advice"
"vo_confession_cf_lust_tar","confession","CORVIN","vo/confessions/cf_lust_tar.mp3","missing","0","scratch_ready","scratch_ready_packeted","data/confessions.json#cf_lust_tar"
"vo_confession_cf_lust_tar_elaboration","confession","CORVIN","vo/confessions/cf_lust_tar_elaboration.mp3","missing","0","scratch_ready","scratch_ready_packeted","data/confessions.json#cf_lust_tar"
"vo_confession_cf_lust_float","confession","CORVIN","vo/confessions/cf_lust_float.mp3","missing","0","scratch_ready","scratch_ready_packeted","data/confessions.json#cf_lust_float"
"vo_confession_cf_lust_float_elaboration","confession","CORVIN","vo/confessions/cf_lust_float_elaboration.mp3","missing","0","scratch_ready","scratch_ready_packeted","data/confessions.json#cf_lust_float"
"vo_confession_cf_lust_schedule","confession","CORVIN","vo/confessions/cf_lust_schedule.mp3","missing","0","scratch_ready","scratch_ready_packeted","data/confessions.json#cf_lust_schedule"
"vo_confession_cf_lust_schedule_elaboration","confession","CORVIN","vo/confessions/cf_lust_schedule_elaboration.mp3","missing","0","scratch_ready","scratch_ready_packeted","data/confessions.json#cf_lust_schedule"
"vo_confession_cf_pride_hated","confession","CORVIN","vo/confessions/cf_pride_hated.mp3","missing","0","scratch_ready","scratch_ready_packeted","data/confessions.json#cf_pride_hated"
"vo_confession_cf_pride_hated_elaboration","confession","CORVIN","vo/confessions/cf_pride_hated_elaboration.mp3","missing","0","scratch_ready","scratch_ready_packeted","data/confessions.json#cf_pride_hated"
"vo_confession_cf_pride_voice","confession","CORVIN","vo/confessions/cf_pride_voice.mp3","missing","0","scratch_ready","scratch_ready_packeted","data/confessions.json#cf_pride_voice"
"vo_confession_cf_pride_voice_elaboration","confession","CORVIN","vo/confessions/cf_pride_voice_elaboration.mp3","missing","0","scratch_ready","scratch_ready_packeted","data/confessions.json#cf_pride_voice"
"vo_confession_cf_pride_dontknow","confession","CORVIN","vo/confessions/cf_pride_dontknow.mp3","missing","0","scratch_ready","scratch_ready_packeted","data/confessions.json#cf_pride_dontknow"
"vo_confession_cf_pride_dontknow_elaboration","confession","CORVIN","vo/confessions/cf_pride_dontknow_elaboration.mp3","missing","0","scratch_ready","scratch_ready_packeted","data/confessions.json#cf_pride_dontknow"
"vo_confession_cf_pride_list","confession","CORVIN","vo/confessions/cf_pride_list.mp3","missing","0","scratch_ready","scratch_ready_packeted","data/confessions.json#cf_pride_list"
"vo_confession_cf_pride_list_elaboration","confession","CORVIN","vo/confessions/cf_pride_list_elaboration.mp3","missing","0","scratch_ready","scratch_ready_packeted","data/confessions.json#cf_pride_list"
"vo_confession_cf_pride_twice","confession","CORVIN","vo/confessions/cf_pride_twice.mp3","missing","0","scratch_ready","scratch_ready_packeted","data/confessions.json#cf_pride_twice"
"vo_confession_cf_pride_twice_elaboration","confession","CORVIN","vo/confessions/cf_pride_twice_elaboration.mp3","missing","0","scratch_ready","scratch_ready_packeted","data/confessions.json#cf_pride_twice"
"vo_confession_cf_pride_grammar","confession","CORVIN","vo/confessions/cf_pride_grammar.mp3","missing","0","scratch_ready","scratch_ready_packeted","data/confessions.json#cf_pride_grammar"
"vo_confession_cf_pride_grammar_elaboration","confession","CORVIN","vo/confessions/cf_pride_grammar_elaboration.mp3","missing","0","scratch_ready","scratch_ready_packeted","data/confessions.json#cf_pride_grammar"
"vo_confession_cf_pride_counselor","confession","CORVIN","vo/confessions/cf_pride_counselor.mp3","missing","0","scratch_ready","scratch_ready_packeted","data/confessions.json#cf_pride_counselor"
"vo_confession_cf_pride_counselor_elaboration","confession","CORVIN","vo/confessions/cf_pride_counselor_elaboration.mp3","missing","0","scratch_ready","scratch_ready_packeted","data/confessions.json#cf_pride_counselor"
"vo_confession_cf_bt_harbor","confession","CORVIN","vo/confessions/cf_bt_harbor.mp3","missing","0","scratch_ready","scratch_ready_packeted","data/confessions.json#cf_bt_harbor"
"vo_confession_cf_bt_harbor_elaboration","confession","CORVIN","vo/confessions/cf_bt_harbor_elaboration.mp3","missing","0","scratch_ready","scratch_ready_packeted","data/confessions.json#cf_bt_harbor"
"vo_confession_cf_bt_tomas","confession","CORVIN","vo/confessions/cf_bt_tomas.mp3","missing","0","scratch_ready","scratch_ready_packeted","data/confessions.json#cf_bt_tomas"
"vo_confession_cf_bt_tomas_elaboration","confession","CORVIN","vo/confessions/cf_bt_tomas_elaboration.mp3","missing","0","scratch_ready","scratch_ready_packeted","data/confessions.json#cf_bt_tomas"
"vo_confession_cf_cow_father","confession","CORVIN","vo/confessions/cf_cow_father.mp3","missing","0","scratch_ready","scratch_ready_packeted","data/confessions.json#cf_cow_father"
"vo_confession_cf_cow_father_elaboration","confession","CORVIN","vo/confessions/cf_cow_father_elaboration.mp3","missing","0","scratch_ready","scratch_ready_packeted","data/confessions.json#cf_cow_father"
"vo_confession_cf_cow_questions","confession","CORVIN","vo/confessions/cf_cow_questions.mp3","missing","0","scratch_ready","scratch_ready_packeted","data/confessions.json#cf_cow_questions"
"vo_confession_cf_cow_questions_elaboration","confession","CORVIN","vo/confessions/cf_cow_questions_elaboration.mp3","missing","0","scratch_ready","scratch_ready_packeted","data/confessions.json#cf_cow_questions"
"vo_confession_cf_cow_fire","confession","CORVIN","vo/confessions/cf_cow_fire.mp3","missing","0","scratch_ready","scratch_ready_packeted","data/confessions.json#cf_cow_fire"
"vo_confession_cf_cow_fire_elaboration","confession","CORVIN","vo/confessions/cf_cow_fire_elaboration.mp3","missing","0","scratch_ready","scratch_ready_packeted","data/confessions.json#cf_cow_fire"
"vo_confession_cf_cruel_names","confession","CORVIN","vo/confessions/cf_cruel_names.mp3","missing","0","scratch_ready","scratch_ready_packeted","data/confessions.json#cf_cruel_names"
"vo_confession_cf_cruel_names_elaboration","confession","CORVIN","vo/confessions/cf_cruel_names_elaboration.mp3","missing","0","scratch_ready","scratch_ready_packeted","data/confessions.json#cf_cruel_names"
"vo_confession_cf_cruel_receipts","confession","CORVIN","vo/confessions/cf_cruel_receipts.mp3","missing","0","scratch_ready","scratch_ready_packeted","data/confessions.json#cf_cruel_receipts"
"vo_confession_cf_cruel_receipts_elaboration","confession","CORVIN","vo/confessions/cf_cruel_receipts_elaboration.mp3","missing","0","scratch_ready","scratch_ready_packeted","data/confessions.json#cf_cruel_receipts"
"vo_confession_cf_cruel_adelie","confession","CORVIN","vo/confessions/cf_cruel_adelie.mp3","missing","0","scratch_ready","scratch_ready_packeted","data/confessions.json#cf_cruel_adelie"
"vo_confession_cf_cruel_adelie_elaboration","confession","CORVIN","vo/confessions/cf_cruel_adelie_elaboration.mp3","missing","0","scratch_ready","scratch_ready_packeted","data/confessions.json#cf_cruel_adelie"
"vo_confession_cf_cruel_child","confession","CORVIN","vo/confessions/cf_cruel_child.mp3","missing","0","scratch_ready","scratch_ready_packeted","data/confessions.json#cf_cruel_child"
"vo_confession_cf_cruel_child_elaboration","confession","CORVIN","vo/confessions/cf_cruel_child_elaboration.mp3","missing","0","scratch_ready","scratch_ready_packeted","data/confessions.json#cf_cruel_child"
"vo_confession_cf_greed_writeoff","confession","CORVIN","vo/confessions/cf_greed_writeoff.mp3","missing","0","scratch_ready","scratch_ready_packeted","data/confessions.json#cf_greed_writeoff"
"vo_confession_cf_greed_writeoff_elaboration","confession","CORVIN","vo/confessions/cf_greed_writeoff_elaboration.mp3","missing","0","scratch_ready","scratch_ready_packeted","data/confessions.json#cf_greed_writeoff"
"vo_confession_cf_greed_berth","confession","CORVIN","vo/confessions/cf_greed_berth.mp3","missing","0","scratch_ready","scratch_ready_packeted","data/confessions.json#cf_greed_berth"
"vo_confession_cf_greed_berth_elaboration","confession","CORVIN","vo/confessions/cf_greed_berth_elaboration.mp3","missing","0","scratch_ready","scratch_ready_packeted","data/confessions.json#cf_greed_berth"
"vo_confession_cf_greed_candles","confession","CORVIN","vo/confessions/cf_greed_candles.mp3","missing","0","scratch_ready","scratch_ready_packeted","data/confessions.json#cf_greed_candles"
"vo_confession_cf_greed_candles_elaboration","confession","CORVIN","vo/confessions/cf_greed_candles_elaboration.mp3","missing","0","scratch_ready","scratch_ready_packeted","data/confessions.json#cf_greed_candles"
"vo_confession_cf_greed_ring","confession","CORVIN","vo/confessions/cf_greed_ring.mp3","missing","0","scratch_ready","scratch_ready_packeted","data/confessions.json#cf_greed_ring"
"vo_confession_cf_greed_ring_elaboration","confession","CORVIN","vo/confessions/cf_greed_ring_elaboration.mp3","missing","0","scratch_ready","scratch_ready_packeted","data/confessions.json#cf_greed_ring"
"vo_confession_cf_lust_burn","confession","CORVIN","vo/confessions/cf_lust_burn.mp3","missing","0","scratch_ready","scratch_ready_packeted","data/confessions.json#cf_lust_burn"
"vo_confession_cf_lust_burn_elaboration","confession","CORVIN","vo/confessions/cf_lust_burn_elaboration.mp3","missing","0","scratch_ready","scratch_ready_packeted","data/confessions.json#cf_lust_burn"
"vo_confession_cf_lust_timing","confession","CORVIN","vo/confessions/cf_lust_timing.mp3","missing","0","scratch_ready","scratch_ready_packeted","data/confessions.json#cf_lust_timing"
"vo_confession_cf_lust_timing_elaboration","confession","CORVIN","vo/confessions/cf_lust_timing_elaboration.mp3","missing","0","scratch_ready","scratch_ready_packeted","data/confessions.json#cf_lust_timing"
"vo_confession_cf_lust_marriages","confession","CORVIN","vo/confessions/cf_lust_marriages.mp3","missing","0","scratch_ready","scratch_ready_packeted","data/confessions.json#cf_lust_marriages"
"vo_confession_cf_lust_marriages_elaboration","confession","CORVIN","vo/confessions/cf_lust_marriages_elaboration.mp3","missing","0","scratch_ready","scratch_ready_packeted","data/confessions.json#cf_lust_marriages"
"vo_confession_cf_lust_waiting","confession","CORVIN","vo/confessions/cf_lust_waiting.mp3","missing","0","scratch_ready","scratch_ready_packeted","data/confessions.json#cf_lust_waiting"
"vo_confession_cf_lust_waiting_elaboration","confession","CORVIN","vo/confessions/cf_lust_waiting_elaboration.mp3","missing","0","scratch_ready","scratch_ready_packeted","data/confessions.json#cf_lust_waiting"
"vo_confession_cf_pride_handwriting","confession","CORVIN","vo/confessions/cf_pride_handwriting.mp3","missing","0","scratch_ready","scratch_ready_packeted","data/confessions.json#cf_pride_handwriting"
"vo_confession_cf_pride_handwriting_elaboration","confession","CORVIN","vo/confessions/cf_pride_handwriting_elaboration.mp3","missing","0","scratch_ready","scratch_ready_packeted","data/confessions.json#cf_pride_handwriting"
"vo_confession_cf_pride_eulogy","confession","CORVIN","vo/confessions/cf_pride_eulogy.mp3","missing","0","scratch_ready","scratch_ready_packeted","data/confessions.json#cf_pride_eulogy"
"vo_confession_cf_pride_eulogy_elaboration","confession","CORVIN","vo/confessions/cf_pride_eulogy_elaboration.mp3","missing","0","scratch_ready","scratch_ready_packeted","data/confessions.json#cf_pride_eulogy"
"vo_confession_cf_pride_famine","confession","CORVIN","vo/confessions/cf_pride_famine.mp3","missing","0","scratch_ready","scratch_ready_packeted","data/confessions.json#cf_pride_famine"
"vo_confession_cf_pride_famine_elaboration","confession","CORVIN","vo/confessions/cf_pride_famine_elaboration.mp3","missing","0","scratch_ready","scratch_ready_packeted","data/confessions.json#cf_pride_famine"
"vo_confession_cf_pride_lastwords","confession","CORVIN","vo/confessions/cf_pride_lastwords.mp3","missing","0","scratch_ready","scratch_ready_packeted","data/confessions.json#cf_pride_lastwords"
"vo_confession_cf_pride_lastwords_elaboration","confession","CORVIN","vo/confessions/cf_pride_lastwords_elaboration.mp3","missing","0","scratch_ready","scratch_ready_packeted","data/confessions.json#cf_pride_lastwords"
"vo_confession_cf_pride_kestrel","confession","CORVIN","vo/confessions/cf_pride_kestrel.mp3","missing","0","scratch_ready","scratch_ready_packeted","data/confessions.json#cf_pride_kestrel"
"vo_confession_cf_pride_kestrel_elaboration","confession","CORVIN","vo/confessions/cf_pride_kestrel_elaboration.mp3","missing","0","scratch_ready","scratch_ready_packeted","data/confessions.json#cf_pride_kestrel"
"vo_confession_cf_bt_again","confession","CORVIN","vo/confessions/cf_bt_again.mp3","missing","0","scratch_ready","scratch_ready_packeted","data/confessions.json#cf_bt_again"
"vo_confession_cf_bt_again_elaboration","confession","CORVIN","vo/confessions/cf_bt_again_elaboration.mp3","missing","0","scratch_ready","scratch_ready_packeted","data/confessions.json#cf_bt_again"
"vo_confession_cf_cow_why","confession","CORVIN","vo/confessions/cf_cow_why.mp3","missing","0","scratch_ready","scratch_ready_packeted","data/confessions.json#cf_cow_why"
"vo_confession_cf_cow_why_elaboration","confession","CORVIN","vo/confessions/cf_cow_why_elaboration.mp3","missing","0","scratch_ready","scratch_ready_packeted","data/confessions.json#cf_cow_why"
"vo_confession_cf_cow_didntfight","confession","CORVIN","vo/confessions/cf_cow_didntfight.mp3","missing","0","scratch_ready","scratch_ready_packeted","data/confessions.json#cf_cow_didntfight"
"vo_confession_cf_cow_didntfight_elaboration","confession","CORVIN","vo/confessions/cf_cow_didntfight_elaboration.mp3","missing","0","scratch_ready","scratch_ready_packeted","data/confessions.json#cf_cow_didntfight"
"vo_confession_cf_cow_hanged","confession","CORVIN","vo/confessions/cf_cow_hanged.mp3","missing","0","scratch_ready","scratch_ready_packeted","data/confessions.json#cf_cow_hanged"
"vo_confession_cf_cow_hanged_elaboration","confession","CORVIN","vo/confessions/cf_cow_hanged_elaboration.mp3","missing","0","scratch_ready","scratch_ready_packeted","data/confessions.json#cf_cow_hanged"
"vo_confession_cf_cruel_mother","confession","CORVIN","vo/confessions/cf_cruel_mother.mp3","missing","0","scratch_ready","scratch_ready_packeted","data/confessions.json#cf_cruel_mother"
"vo_confession_cf_cruel_mother_elaboration","confession","CORVIN","vo/confessions/cf_cruel_mother_elaboration.mp3","missing","0","scratch_ready","scratch_ready_packeted","data/confessions.json#cf_cruel_mother"
"vo_confession_cf_cruel_diagnosis","confession","CORVIN","vo/confessions/cf_cruel_diagnosis.mp3","missing","0","scratch_ready","scratch_ready_packeted","data/confessions.json#cf_cruel_diagnosis"
"vo_confession_cf_cruel_diagnosis_elaboration","confession","CORVIN","vo/confessions/cf_cruel_diagnosis_elaboration.mp3","missing","0","scratch_ready","scratch_ready_packeted","data/confessions.json#cf_cruel_diagnosis"
"vo_confession_cf_cruel_forgiven","confession","CORVIN","vo/confessions/cf_cruel_forgiven.mp3","missing","0","scratch_ready","scratch_ready_packeted","data/confessions.json#cf_cruel_forgiven"
"vo_confession_cf_cruel_forgiven_elaboration","confession","CORVIN","vo/confessions/cf_cruel_forgiven_elaboration.mp3","missing","0","scratch_ready","scratch_ready_packeted","data/confessions.json#cf_cruel_forgiven"
"vo_confession_cf_greed_grave","confession","CORVIN","vo/confessions/cf_greed_grave.mp3","missing","0","scratch_ready","scratch_ready_packeted","data/confessions.json#cf_greed_grave"
"vo_confession_cf_greed_grave_elaboration","confession","CORVIN","vo/confessions/cf_greed_grave_elaboration.mp3","missing","0","scratch_ready","scratch_ready_packeted","data/confessions.json#cf_greed_grave"
"vo_confession_cf_greed_policy","confession","CORVIN","vo/confessions/cf_greed_policy.mp3","missing","0","scratch_ready","scratch_ready_packeted","data/confessions.json#cf_greed_policy"
"vo_confession_cf_greed_policy_elaboration","confession","CORVIN","vo/confessions/cf_greed_policy_elaboration.mp3","missing","0","scratch_ready","scratch_ready_packeted","data/confessions.json#cf_greed_policy"
"vo_confession_cf_lust_mireille","confession","CORVIN","vo/confessions/cf_lust_mireille.mp3","missing","0","scratch_ready","scratch_ready_packeted","data/confessions.json#cf_lust_mireille"
"vo_confession_cf_lust_mireille_elaboration","confession","CORVIN","vo/confessions/cf_lust_mireille_elaboration.mp3","missing","0","scratch_ready","scratch_ready_packeted","data/confessions.json#cf_lust_mireille"
"vo_confession_cf_lust_hands","confession","CORVIN","vo/confessions/cf_lust_hands.mp3","missing","0","scratch_ready","scratch_ready_packeted","data/confessions.json#cf_lust_hands"
"vo_confession_cf_lust_hands_elaboration","confession","CORVIN","vo/confessions/cf_lust_hands_elaboration.mp3","missing","0","scratch_ready","scratch_ready_packeted","data/confessions.json#cf_lust_hands"
"vo_confession_cf_lust_still","confession","CORVIN","vo/confessions/cf_lust_still.mp3","missing","0","scratch_ready","scratch_ready_packeted","data/confessions.json#cf_lust_still"
"vo_confession_cf_lust_still_elaboration","confession","CORVIN","vo/confessions/cf_lust_still_elaboration.mp3","missing","0","scratch_ready","scratch_ready_packeted","data/confessions.json#cf_lust_still"
